group_id,sha256,number_of_copies,duplicate_type,datasets,files
1,7a4293d3f9fb88727fea356e910673fe12f91dd7ad881248fb2e52618f9efcee,3,WITHIN_DATASET,BG01_Mendeley,D:\AI_Agriculture_Dataset\RAW_DATASETS\Bottle_Gourd\BG01_Mendeley\Alternaria_Leaf_Blight\IMG-20241030-WA0014 (1).jpg || D:\AI_Agriculture_Dataset\RAW_DATASETS\Bottle_Gourd\BG01_Mendeley\Alternaria_Leaf_Blight\IMG-20241030-WA0014(1).jpg || D:\AI_Agriculture_Dataset\RAW_DATASETS\Bottle_Gourd\BG01_Mendeley\Alternaria_Leaf_Blight\IMG-20241030-WA0014.jpg
2,6a59b87183639c8bc23aa0f8587978bb80c96406da5766fe12926bda5c8f0169,3,WITHIN_DATASET,BG01_Mendeley,D:\AI_Agriculture_Dataset\RAW_DATASETS\Bottle_Gourd\BG01_Mendeley\Alternaria_Leaf_Blight\IMG-20241030-WA0015 (1).jpg || D:\AI_Agriculture_Dataset\RAW_DATASETS\Bottle_Gourd\BG01_Mendeley\Alternaria_Leaf_Blight\IMG-20241030-WA0015(1).jpg || D:\AI_Agriculture_Dataset\RAW_DATASETS\Bottle_Gourd\BG01_Mendeley\Alternaria_Leaf_Blight\IMG-20241030-WA0015.jpg
3,749bb8769246034e8d3e446653b3da71c601ca711fb589f2303c681b20633a4a,3,WITHIN_DATASET,BG01_Mendeley,D:\AI_Agriculture_Dataset\RAW_DATASETS\Bottle_Gourd\BG01_Mendeley\Alternaria_Leaf_Blight\IMG-20241030-WA0037 (1).jpg || D:\AI_Agriculture_Dataset\RAW_DATASETS\Bottle_Gourd\BG01_Mendeley\Alternaria_Leaf_Blight\IMG-20241030-WA0037(1).jpg || D:\AI_Agriculture_Dataset\RAW_DATASETS\Bottle_Gourd\BG01_Mendeley\Alternaria_Leaf_Blight\IMG-20241030-WA0037.jpg
4,2ea8751f849a74edc5749a76741cd4f21fb7a498ee9afdf2143d372a6adcd818,3,WITHIN_DATASET,BG01_Mendeley,D:\AI_Agriculture_Dataset\RAW_DATASETS\Bottle_Gourd\BG01_Mendeley\Alternaria_Leaf_Blight\IMG-20241030-WA0040 (1).jpg || D:\AI_Agriculture_Dataset\RAW_DATASETS\Bottle_Gourd\BG01_Mendeley\Alternaria_Leaf_Blight\IMG-20241030-WA0040(1).jpg || D:\AI_Agriculture_Dataset\RAW_DATASETS\Bottle_Gourd\BG01_Mendeley\Alternaria_Leaf_Blight\IMG-20241030-WA0040.jpg
5,41e5a33cb3a72ecb4ef1c5ea5046848109c0c9ec5c7e21dda3ef5b95bcf1a033,3,WITHIN_DATASET,BG01_Mendeley,D:\AI_Agriculture_Dataset\RAW_DATASETS\Bottle_Gourd\BG01_Mendeley\Alternaria_Leaf_Blight\IMG-20241030-WA0047 (1).jpg || D:\AI_Agriculture_Dataset\RAW_DATASETS\Bottle_Gourd\BG01_Mendeley\Alternaria_Leaf_Blight\IMG-20241030-WA0047(1).jpg || D:\AI_Agriculture_Dataset\RAW_DATASETS\Bottle_Gourd\BG01_Mendeley\Alternaria_Leaf_Blight\IMG-20241030-WA0047.jpg
6,127f178d96d93de67322f3c51bc502a0764e729431708acb525cece92d0eebb6,3,WITHIN_DATASET,BG01_Mendeley,D:\AI_Agriculture_Dataset\RAW_DATASETS\Bottle_Gourd\BG01_Mendeley\Alternaria_Leaf_Blight\IMG-20241030-WA0048 (1).jpg || D:\AI_Agriculture_Dataset\RAW_DATASETS\Bottle_Gourd\BG01_Mendeley\Alternaria_Leaf_Blight\IMG-20241030-WA0048(1).jpg || D:\AI_Agriculture_Dataset\RAW_DATASETS\Bottle_Gourd\BG01_Mendeley\Alternaria_Leaf_Blight\IMG-20241030-WA0048.jpg
7,17e35023b8c16a3eac492251c16fb6a2e26a2244fa86e12241b96fc8f9b681fc,3,WITHIN_DATASET,BG01_Mendeley,D:\AI_Agriculture_Dataset\RAW_DATASETS\Bottle_Gourd\BG01_Mendeley\Alternaria_Leaf_Blight\IMG-20241030-WA0049 (1).jpg || D:\AI_Agriculture_Dataset\RAW_DATASETS\Bottle_Gourd\BG01_Mendeley\Alternaria_Leaf_Blight\IMG-20241030-WA0049(1).jpg || D:\AI_Agriculture_Dataset\RAW_DATASETS\Bottle_Gourd\BG01_Mendeley\Alternaria_Leaf_Blight\IMG-20241030-WA0049.jpg
8,dd1ebcc974663e10b1e61c7b82188bc15cc29f2168962cbe24d0236cad84598c,3,WITHIN_DATASET,BG01_Mendeley,D:\AI_Agriculture_Dataset\RAW_DATASETS\Bottle_Gourd\BG01_Mendeley\Alternaria_Leaf_Blight\IMG-20241030-WA0071 (1).jpg || D:\AI_Agriculture_Dataset\RAW_DATASETS\Bottle_Gourd\BG01_Mendeley\Alternaria_Leaf_Blight\IMG-20241030-WA0071(1).jpg || D:\AI_Agriculture_Dataset\RAW_DATASETS\Bottle_Gourd\BG01_Mendeley\Alternaria_Leaf_Blight\IMG-20241030-WA0071.jpg
9,a605022b826bec657ac5be239ee9a4231a2534adf1f0e5e016e0fd0513d185cb,2,WITHIN_DATASET,BG01_Mendeley,D:\AI_Agriculture_Dataset\RAW_DATASETS\Bottle_Gourd\BG01_Mendeley\Alternaria_Leaf_Blight\IMG-20241030-WA0075 (1).jpg || D:\AI_Agriculture_Dataset\RAW_DATASETS\Bottle_Gourd\BG01_Mendeley\Alternaria_Leaf_Blight\IMG-20241030-WA0075(1).jpg
10,de0db1a6b8126075be56862c65730bf6d00a3c021b0f14ad285f8d14505ff338,3,WITHIN_DATASET,BG01_Mendeley,D:\AI_Agriculture_Dataset\RAW_DATASETS\Bottle_Gourd\BG01_Mendeley\Alternaria_Leaf_Blight\IMG-20241030-WA0079 (1).jpg || D:\AI_Agriculture_Dataset\RAW_DATASETS\Bottle_Gourd\BG01_Mendeley\Anthracnose\IMG-20241030-WA0079(1).jpg || D:\AI_Agriculture_Dataset\RAW_DATASETS\Bottle_Gourd\BG01_Mendeley\Anthracnose\IMG-20241030-WA0079.jpg
11,ecb40f514fdc2ce4c89337db1535ce68077b8224f7cbc91160af494e94ce3238,3,WITHIN_DATASET,BG01_Mendeley,D:\AI_Agriculture_Dataset\RAW_DATASETS\Bottle_Gourd\BG01_Mendeley\Alternaria_Leaf_Blight\IMG-20241030-WA0082 (1).jpg || D:\AI_Agriculture_Dataset\RAW_DATASETS\Bottle_Gourd\BG01_Mendeley\Alternaria_Leaf_Blight\IMG-20241030-WA0082(1).jpg || D:\AI_Agriculture_Dataset\RAW_DATASETS\Bottle_Gourd\BG01_Mendeley\Alternaria_Leaf_Blight\IMG-20241030-WA0082.jpg
12,1164eb7eef1380cacc1b1879f7557716914528d56f7bdf2946151c951eb22b1e,3,WITHIN_DATASET,BG01_Mendeley,D:\AI_Agriculture_Dataset\RAW_DATASETS\Bottle_Gourd\BG01_Mendeley\Alternaria_Leaf_Blight\IMG-20241030-WA0087 (1).jpg || D:\AI_Agriculture_Dataset\RAW_DATASETS\Bottle_Gourd\BG01_Mendeley\Alternaria_Leaf_Blight\IMG-20241030-WA0087(1).jpg || D:\AI_Agriculture_Dataset\RAW_DATASETS\Bottle_Gourd\BG01_Mendeley\Alternaria_Leaf_Blight\IMG-20241030-WA0087.jpg
13,aeb4aff9257470b7c0d543b333ff013e9d23e0f2099eabb97f7fcf293caffdec,3,WITHIN_DATASET,BG01_Mendeley,D:\AI_Agriculture_Dataset\RAW_DATASETS\Bottle_Gourd\BG01_Mendeley\Alternaria_Leaf_Blight\IMG-20241030-WA0090 (1).jpg || D:\AI_Agriculture_Dataset\RAW_DATASETS\Bottle_Gourd\BG01_Mendeley\Alternaria_Leaf_Blight\IMG-20241030-WA0090(1).jpg || D:\AI_Agriculture_Dataset\RAW_DATASETS\Bottle_Gourd\BG01_Mendeley\Alternaria_Leaf_Blight\IMG-20241030-WA0090.jpg
14,4c0016453bbf8565f87820aef91b934217038b3768f53e41d6025d0752b3e2ce,2,WITHIN_DATASET,BG01_Mendeley,D:\AI_Agriculture_Dataset\RAW_DATASETS\Bottle_Gourd\BG01_Mendeley\Alternaria_Leaf_Blight\IMG-20241030-WA0091 (1).jpg || D:\AI_Agriculture_Dataset\RAW_DATASETS\Bottle_Gourd\BG01_Mendeley\Alternaria_Leaf_Blight\IMG-20241030-WA0091(1).jpg
15,38114a466a6dda86bf911bd168aeed3975ba8449212966bacf41389eaece098a,3,WITHIN_DATASET,BG01_Mendeley,D:\AI_Agriculture_Dataset\RAW_DATASETS\Bottle_Gourd\BG01_Mendeley\Alternaria_Leaf_Blight\IMG-20241030-WA0095 (1).jpg || D:\AI_Agriculture_Dataset\RAW_DATASETS\Bottle_Gourd\BG01_Mendeley\Alternaria_Leaf_Blight\IMG-20241030-WA0095(1).jpg || D:\AI_Agriculture_Dataset\RAW_DATASETS\Bottle_Gourd\BG01_Mendeley\Alternaria_Leaf_Blight\IMG-20241030-WA0095.jpg
16,a44a0ca5880f8da50e12538f2789e54ae60b122026f6744ebb17b85c268131a7,3,WITHIN_DATASET,BG01_Mendeley,D:\AI_Agriculture_Dataset\RAW_DATASETS\Bottle_Gourd\BG01_Mendeley\Alternaria_Leaf_Blight\IMG-20241030-WA0096 (1).jpg || D:\AI_Agriculture_Dataset\RAW_DATASETS\Bottle_Gourd\BG01_Mendeley\Alternaria_Leaf_Blight\IMG-20241030-WA0096(1).jpg || D:\AI_Agriculture_Dataset\RAW_DATASETS\Bottle_Gourd\BG01_Mendeley\Alternaria_Leaf_Blight\IMG-20241030-WA0096.jpg
17,69f4371e4b84c82d9276a658ac03b86c1ccdb4cf57386722da26eb78b39b68eb,3,WITHIN_DATASET,BG01_Mendeley,D:\AI_Agriculture_Dataset\RAW_DATASETS\Bottle_Gourd\BG01_Mendeley\Alternaria_Leaf_Blight\IMG-20241030-WA0098 (1).jpg || D:\AI_Agriculture_Dataset\RAW_DATASETS\Bottle_Gourd\BG01_Mendeley\Alternaria_Leaf_Blight\IMG-20241030-WA0098(1).jpg || D:\AI_Agriculture_Dataset\RAW_DATASETS\Bottle_Gourd\BG01_Mendeley\Alternaria_Leaf_Blight\IMG-20241030-WA0098.jpg
18,a9e55770a1ad8a4a65ae324f08753d89e15dff7e335dd04007cdd790b579bdff,2,WITHIN_DATASET,BG01_Mendeley,D:\AI_Agriculture_Dataset\RAW_DATASETS\Bottle_Gourd\BG01_Mendeley\Angular_Leaf_spot\1730906717271.png || D:\AI_Agriculture_Dataset\RAW_DATASETS\Bottle_Gourd\BG01_Mendeley\Early_Alternaria_Leaf_Blight\1730906717271.png
19,b622859cbf51b21266cfad572da6327f1a153807c954301f224d7db0e5caf73c,2,WITHIN_DATASET,BG01_Mendeley,D:\AI_Agriculture_Dataset\RAW_DATASETS\Bottle_Gourd\BG01_Mendeley\Anthracnose\1730906717416.png || D:\AI_Agriculture_Dataset\RAW_DATASETS\Bottle_Gourd\BG01_Mendeley\Mosaic_Virus\1730906717416.png
20,8a9493bcf0d78178527ff538c7f9653988180c7564b1f6a076b6e89ebb10765a,2,WITHIN_DATASET,BG01_Mendeley,D:\AI_Agriculture_Dataset\RAW_DATASETS\Bottle_Gourd\BG01_Mendeley\Anthracnose\IMG-20241030-WA0005 (1).jpg || D:\AI_Agriculture_Dataset\RAW_DATASETS\Bottle_Gourd\BG01_Mendeley\Anthracnose\IMG-20241030-WA0005(1).jpg
21,ea5d14767f0a9ee0028fb320f5c0187c3c9da0d526f9fd14d39fe5c974969b15,2,WITHIN_DATASET,BG01_Mendeley,D:\AI_Agriculture_Dataset\RAW_DATASETS\Bottle_Gourd\BG01_Mendeley\Anthracnose\IMG-20241030-WA0009 (1).jpg || D:\AI_Agriculture_Dataset\RAW_DATASETS\Bottle_Gourd\BG01_Mendeley\Anthracnose\IMG-20241030-WA0009(1).jpg
22,61ed0a2d16460ca02bb7901e4714179dc6cee783e7a91841fe8e0722add6d772,3,WITHIN_DATASET,BG01_Mendeley,D:\AI_Agriculture_Dataset\RAW_DATASETS\Bottle_Gourd\BG01_Mendeley\Anthracnose\IMG-20241030-WA0011 (1).jpg || D:\AI_Agriculture_Dataset\RAW_DATASETS\Bottle_Gourd\BG01_Mendeley\Anthracnose\IMG-20241030-WA0011(1).jpg || D:\AI_Agriculture_Dataset\RAW_DATASETS\Bottle_Gourd\BG01_Mendeley\Anthracnose\IMG-20241030-WA0011.jpg
23,6e50325944b707d2a5adad42f17fb55ea319d7259548268b63feb17e83743638,3,WITHIN_DATASET,BG01_Mendeley,D:\AI_Agriculture_Dataset\RAW_DATASETS\Bottle_Gourd\BG01_Mendeley\Anthracnose\IMG-20241030-WA0012 (1).jpg || D:\AI_Agriculture_Dataset\RAW_DATASETS\Bottle_Gourd\BG01_Mendeley\Anthracnose\IMG-20241030-WA0012(1).jpg || D:\AI_Agriculture_Dataset\RAW_DATASETS\Bottle_Gourd\BG01_Mendeley\Anthracnose\IMG-20241030-WA0012.jpg
24,57a5b8ebf9f11ee1af6ff52a0a7eebbf29b157628c24bb34e6c7e70b25264513,3,WITHIN_DATASET,BG01_Mendeley,D:\AI_Agriculture_Dataset\RAW_DATASETS\Bottle_Gourd\BG01_Mendeley\Anthracnose\IMG-20241030-WA0013 (1).jpg || D:\AI_Agriculture_Dataset\RAW_DATASETS\Bottle_Gourd\BG01_Mendeley\Anthracnose\IMG-20241030-WA0013(1).jpg || D:\AI_Agriculture_Dataset\RAW_DATASETS\Bottle_Gourd\BG01_Mendeley\Anthracnose\IMG-20241030-WA0013.jpg
25,5dd387f9fea506dd8312c0afe6b81ff59c2a08ad4173a1742ff95e12500ba198,3,WITHIN_DATASET,BG01_Mendeley,D:\AI_Agriculture_Dataset\RAW_DATASETS\Bottle_Gourd\BG01_Mendeley\Anthracnose\IMG-20241030-WA0016 (1).jpg || D:\AI_Agriculture_Dataset\RAW_DATASETS\Bottle_Gourd\BG01_Mendeley\Anthracnose\IMG-20241030-WA0016(1).jpg || D:\AI_Agriculture_Dataset\RAW_DATASETS\Bottle_Gourd\BG01_Mendeley\Anthracnose\IMG-20241030-WA0016.jpg
26,1f3bd70ec8d516c5f54c7ed8b4cb6c23af946bcaffe055c201e16f19cf965d3b,3,WITHIN_DATASET,BG01_Mendeley,D:\AI_Agriculture_Dataset\RAW_DATASETS\Bottle_Gourd\BG01_Mendeley\Anthracnose\IMG-20241030-WA0017 (1).jpg || D:\AI_Agriculture_Dataset\RAW_DATASETS\Bottle_Gourd\BG01_Mendeley\Anthracnose\IMG-20241030-WA0017(1).jpg || D:\AI_Agriculture_Dataset\RAW_DATASETS\Bottle_Gourd\BG01_Mendeley\Anthracnose\IMG-20241030-WA0017.jpg
27,a34025cdfaa228abfdc4d47e3df3860165979d4a8303794b0d53282d7cb62c28,3,WITHIN_DATASET,BG01_Mendeley,D:\AI_Agriculture_Dataset\RAW_DATASETS\Bottle_Gourd\BG01_Mendeley\Anthracnose\IMG-20241030-WA0018 (1).jpg || D:\AI_Agriculture_Dataset\RAW_DATASETS\Bottle_Gourd\BG01_Mendeley\Anthracnose\IMG-20241030-WA0018(1).jpg || D:\AI_Agriculture_Dataset\RAW_DATASETS\Bottle_Gourd\BG01_Mendeley\Anthracnose\IMG-20241030-WA0018.jpg
28,c962b379ba9428096aee66f546a350f14e310e52240e84d5c397fb101ee69ea4,3,WITHIN_DATASET,BG01_Mendeley,D:\AI_Agriculture_Dataset\RAW_DATASETS\Bottle_Gourd\BG01_Mendeley\Anthracnose\IMG-20241030-WA0019 (1).jpg || D:\AI_Agriculture_Dataset\RAW_DATASETS\Bottle_Gourd\BG01_Mendeley\Anthracnose\IMG-20241030-WA0019(1).jpg || D:\AI_Agriculture_Dataset\RAW_DATASETS\Bottle_Gourd\BG01_Mendeley\Anthracnose\IMG-20241030-WA0019.jpg
29,aab8994f87eb2afa93c8b571f3a7afecd890dfd27dc9abecc2b6ae45b9202a38,3,WITHIN_DATASET,BG01_Mendeley,D:\AI_Agriculture_Dataset\RAW_DATASETS\Bottle_Gourd\BG01_Mendeley\Anthracnose\IMG-20241030-WA0020 (1).jpg || D:\AI_Agriculture_Dataset\RAW_DATASETS\Bottle_Gourd\BG01_Mendeley\Anthracnose\IMG-20241030-WA0020(1).jpg || D:\AI_Agriculture_Dataset\RAW_DATASETS\Bottle_Gourd\BG01_Mendeley\Anthracnose\IMG-20241030-WA0020.jpg
30,a96b2903031d94cf38c49e912c404be33d1c6b2bcf7633d38711778a6e5e8620,3,WITHIN_DATASET,BG01_Mendeley,D:\AI_Agriculture_Dataset\RAW_DATASETS\Bottle_Gourd\BG01_Mendeley\Anthracnose\IMG-20241030-WA0032 (1).jpg || D:\AI_Agriculture_Dataset\RAW_DATASETS\Bottle_Gourd\BG01_Mendeley\Anthracnose\IMG-20241030-WA0032(1).jpg || D:\AI_Agriculture_Dataset\RAW_DATASETS\Bottle_Gourd\BG01_Mendeley\Anthracnose\IMG-20241030-WA0032.jpg
31,0936ee4f4a66e85fe2cad846b7fe664912d33b8740b5dadb2e0a452c20a3d22f,3,WITHIN_DATASET,BG01_Mendeley,D:\AI_Agriculture_Dataset\RAW_DATASETS\Bottle_Gourd\BG01_Mendeley\Anthracnose\IMG-20241030-WA0033 (1).jpg || D:\AI_Agriculture_Dataset\RAW_DATASETS\Bottle_Gourd\BG01_Mendeley\Anthracnose\IMG-20241030-WA0033(1).jpg || D:\AI_Agriculture_Dataset\RAW_DATASETS\Bottle_Gourd\BG01_Mendeley\Anthracnose\IMG-20241030-WA0033.jpg
32,aaf5aa14caf63a5acbd7b76c28c4aeb300bb4b95194f6cb453d717964f5d1461,3,WITHIN_DATASET,BG01_Mendeley,D:\AI_Agriculture_Dataset\RAW_DATASETS\Bottle_Gourd\BG01_Mendeley\Anthracnose\IMG-20241030-WA0034 (1).jpg || D:\AI_Agriculture_Dataset\RAW_DATASETS\Bottle_Gourd\BG01_Mendeley\Anthracnose\IMG-20241030-WA0034(1).jpg || D:\AI_Agriculture_Dataset\RAW_DATASETS\Bottle_Gourd\BG01_Mendeley\Anthracnose\IMG-20241030-WA0034.jpg
33,164ecdd7bf1df92b32a74668248fc2c6fe507d44b505ab7c37c0848ffa0ea872,3,WITHIN_DATASET,BG01_Mendeley,D:\AI_Agriculture_Dataset\RAW_DATASETS\Bottle_Gourd\BG01_Mendeley\Anthracnose\IMG-20241030-WA0036 (1).jpg || D:\AI_Agriculture_Dataset\RAW_DATASETS\Bottle_Gourd\BG01_Mendeley\Anthracnose\IMG-20241030-WA0036(1).jpg || D:\AI_Agriculture_Dataset\RAW_DATASETS\Bottle_Gourd\BG01_Mendeley\Anthracnose\IMG-20241030-WA0036.jpg
34,0a9d98036b6a72a0ba5ccd9297ef6c9e16567005abce302cc9b1d3608acac0ef,3,WITHIN_DATASET,BG01_Mendeley,D:\AI_Agriculture_Dataset\RAW_DATASETS\Bottle_Gourd\BG01_Mendeley\Anthracnose\IMG-20241030-WA0038 (1).jpg || D:\AI_Agriculture_Dataset\RAW_DATASETS\Bottle_Gourd\BG01_Mendeley\Anthracnose\IMG-20241030-WA0038(1).jpg || D:\AI_Agriculture_Dataset\RAW_DATASETS\Bottle_Gourd\BG01_Mendeley\Anthracnose\IMG-20241030-WA0038.jpg
35,2a8b5dfbe0d7067d7bfea634086e20898a3afd302a75ee0c206365e8b67142bc,3,WITHIN_DATASET,BG01_Mendeley,D:\AI_Agriculture_Dataset\RAW_DATASETS\Bottle_Gourd\BG01_Mendeley\Anthracnose\IMG-20241030-WA0039 (1).jpg || D:\AI_Agriculture_Dataset\RAW_DATASETS\Bottle_Gourd\BG01_Mendeley\Anthracnose\IMG-20241030-WA0039(1).jpg || D:\AI_Agriculture_Dataset\RAW_DATASETS\Bottle_Gourd\BG01_Mendeley\Anthracnose\IMG-20241030-WA0039.jpg
36,653f6c3db1da0e567441fcd47564b2d8b7c2c07b25bf0488d8574e0ad70ec794,3,WITHIN_DATASET,BG01_Mendeley,D:\AI_Agriculture_Dataset\RAW_DATASETS\Bottle_Gourd\BG01_Mendeley\Anthracnose\IMG-20241030-WA0041 (1).jpg || D:\AI_Agriculture_Dataset\RAW_DATASETS\Bottle_Gourd\BG01_Mendeley\Anthracnose\IMG-20241030-WA0041(1).jpg || D:\AI_Agriculture_Dataset\RAW_DATASETS\Bottle_Gourd\BG01_Mendeley\Anthracnose\IMG-20241030-WA0041.jpg
37,be91481bf202e16c58314c6661dd69cd65a6dffc37ce67502a9e9e2db2b93f8f,3,WITHIN_DATASET,BG01_Mendeley,D:\AI_Agriculture_Dataset\RAW_DATASETS\Bottle_Gourd\BG01_Mendeley\Anthracnose\IMG-20241030-WA0042 (1).jpg || D:\AI_Agriculture_Dataset\RAW_DATASETS\Bottle_Gourd\BG01_Mendeley\Anthracnose\IMG-20241030-WA0042(1).jpg || D:\AI_Agriculture_Dataset\RAW_DATASETS\Bottle_Gourd\BG01_Mendeley\Anthracnose\IMG-20241030-WA0042.jpg
38,22230190f4836fc047af5cf9e3baddb1064a4f52b72b7c99681c5fb496da0ab8,3,WITHIN_DATASET,BG01_Mendeley,D:\AI_Agriculture_Dataset\RAW_DATASETS\Bottle_Gourd\BG01_Mendeley\Anthracnose\IMG-20241030-WA0043 (1).jpg || D:\AI_Agriculture_Dataset\RAW_DATASETS\Bottle_Gourd\BG01_Mendeley\Anthracnose\IMG-20241030-WA0043(1).jpg || D:\AI_Agriculture_Dataset\RAW_DATASETS\Bottle_Gourd\BG01_Mendeley\Anthracnose\IMG-20241030-WA0043.jpg
39,a8d47acdb8f32a0b1b622a984a7fa92bf76e123f601c0a2fff9ade877ad62b52,2,WITHIN_DATASET,BG01_Mendeley,D:\AI_Agriculture_Dataset\RAW_DATASETS\Bottle_Gourd\BG01_Mendeley\Anthracnose\IMG-20241030-WA0044 (1).jpg || D:\AI_Agriculture_Dataset\RAW_DATASETS\Bottle_Gourd\BG01_Mendeley\Anthracnose\IMG-20241030-WA0044(1).jpg
40,c712bfffbcf62484d85c8192dfc676a2d8771a5a4cbe9a2505c7c54db217347a,2,WITHIN_DATASET,BG01_Mendeley,D:\AI_Agriculture_Dataset\RAW_DATASETS\Bottle_Gourd\BG01_Mendeley\Anthracnose\IMG-20241030-WA0045 (1).jpg || D:\AI_Agriculture_Dataset\RAW_DATASETS\Bottle_Gourd\BG01_Mendeley\Anthracnose\IMG-20241030-WA0045(1).jpg
41,4209b3952ecfca9c6b3795084dc85feb9191c2b10d58a6cc8cfff287c2ecff53,3,WITHIN_DATASET,BG01_Mendeley,D:\AI_Agriculture_Dataset\RAW_DATASETS\Bottle_Gourd\BG01_Mendeley\Anthracnose\IMG-20241030-WA0046 (1).jpg || D:\AI_Agriculture_Dataset\RAW_DATASETS\Bottle_Gourd\BG01_Mendeley\Anthracnose\IMG-20241030-WA0046(1).jpg || D:\AI_Agriculture_Dataset\RAW_DATASETS\Bottle_Gourd\BG01_Mendeley\Anthracnose\IMG-20241030-WA0046.jpg
42,c6e8346a2400e23e5e1521a64ae9370a08125b64bac01502e7926f48d7fa5f72,3,WITHIN_DATASET,BG01_Mendeley,D:\AI_Agriculture_Dataset\RAW_DATASETS\Bottle_Gourd\BG01_Mendeley\Anthracnose\IMG-20241030-WA0050 (1).jpg || D:\AI_Agriculture_Dataset\RAW_DATASETS\Bottle_Gourd\BG01_Mendeley\Anthracnose\IMG-20241030-WA0050(1).jpg || D:\AI_Agriculture_Dataset\RAW_DATASETS\Bottle_Gourd\BG01_Mendeley\Anthracnose\IMG-20241030-WA0050.jpg
43,66bc17cc890bd9778a57962476f2919ad403ffb7effa2ec8fb55a611eb75ef57,3,WITHIN_DATASET,BG01_Mendeley,D:\AI_Agriculture_Dataset\RAW_DATASETS\Bottle_Gourd\BG01_Mendeley\Anthracnose\IMG-20241030-WA0051 (1).jpg || D:\AI_Agriculture_Dataset\RAW_DATASETS\Bottle_Gourd\BG01_Mendeley\Anthracnose\IMG-20241030-WA0051(1).jpg || D:\AI_Agriculture_Dataset\RAW_DATASETS\Bottle_Gourd\BG01_Mendeley\Anthracnose\IMG-20241030-WA0051.jpg
44,0e347a0fffac57d40058c64d7d902947767aeb4f1bcb280324a27b6cc9cf5c5a,3,WITHIN_DATASET,BG01_Mendeley,D:\AI_Agriculture_Dataset\RAW_DATASETS\Bottle_Gourd\BG01_Mendeley\Anthracnose\IMG-20241030-WA0052 (1).jpg || D:\AI_Agriculture_Dataset\RAW_DATASETS\Bottle_Gourd\BG01_Mendeley\Anthracnose\IMG-20241030-WA0052(1).jpg || D:\AI_Agriculture_Dataset\RAW_DATASETS\Bottle_Gourd\BG01_Mendeley\Anthracnose\IMG-20241030-WA0052.jpg
45,dd0a61448597d3bb4335310e679f2d5c62fcb29a35ead2bf68cb888a698fabe8,2,WITHIN_DATASET,BG01_Mendeley,D:\AI_Agriculture_Dataset\RAW_DATASETS\Bottle_Gourd\BG01_Mendeley\Anthracnose\IMG-20241030-WA0054 (1).jpg || D:\AI_Agriculture_Dataset\RAW_DATASETS\Bottle_Gourd\BG01_Mendeley\Anthracnose\IMG-20241030-WA0054(1).jpg
46,ef059ec33f935ac05775d0d7e67103477ad0a159c3d8e88f081438e8a9ad05ce,3,WITHIN_DATASET,BG01_Mendeley,D:\AI_Agriculture_Dataset\RAW_DATASETS\Bottle_Gourd\BG01_Mendeley\Anthracnose\IMG-20241030-WA0055 (1).jpg || D:\AI_Agriculture_Dataset\RAW_DATASETS\Bottle_Gourd\BG01_Mendeley\Anthracnose\IMG-20241030-WA0055(1).jpg || D:\AI_Agriculture_Dataset\RAW_DATASETS\Bottle_Gourd\BG01_Mendeley\Anthracnose\IMG-20241030-WA0055.jpg
47,070689c5c0b56a945a543e3db2bb46dfcc5425c532079b8a67dd98c1aaee1329,3,WITHIN_DATASET,BG01_Mendeley,D:\AI_Agriculture_Dataset\RAW_DATASETS\Bottle_Gourd\BG01_Mendeley\Anthracnose\IMG-20241030-WA0056 (1).jpg || D:\AI_Agriculture_Dataset\RAW_DATASETS\Bottle_Gourd\BG01_Mendeley\Anthracnose\IMG-20241030-WA0056(1).jpg || D:\AI_Agriculture_Dataset\RAW_DATASETS\Bottle_Gourd\BG01_Mendeley\Anthracnose\IMG-20241030-WA0056.jpg
48,fd91fa5831c82ec30f9a683159c5d38bb76b80cebcff8308912eeb611bfa97c7,3,WITHIN_DATASET,BG01_Mendeley,D:\AI_Agriculture_Dataset\RAW_DATASETS\Bottle_Gourd\BG01_Mendeley\Anthracnose\IMG-20241030-WA0057 (1).jpg || D:\AI_Agriculture_Dataset\RAW_DATASETS\Bottle_Gourd\BG01_Mendeley\Anthracnose\IMG-20241030-WA0057(1).jpg || D:\AI_Agriculture_Dataset\RAW_DATASETS\Bottle_Gourd\BG01_Mendeley\Anthracnose\IMG-20241030-WA0057.jpg
49,a1aed8b4abbbd38ae8722520aeef386be3eb640cf5a0b527bda3c8ef905ff504,3,WITHIN_DATASET,BG01_Mendeley,D:\AI_Agriculture_Dataset\RAW_DATASETS\Bottle_Gourd\BG01_Mendeley\Anthracnose\IMG-20241030-WA0058 (1).jpg || D:\AI_Agriculture_Dataset\RAW_DATASETS\Bottle_Gourd\BG01_Mendeley\Anthracnose\IMG-20241030-WA0058(1).jpg || D:\AI_Agriculture_Dataset\RAW_DATASETS\Bottle_Gourd\BG01_Mendeley\Anthracnose\IMG-20241030-WA0058.jpg
50,26fbc153a432526b4629ec60bfeb16009d5875965635492bc2bc82d441c09e97,3,WITHIN_DATASET,BG01_Mendeley,D:\AI_Agriculture_Dataset\RAW_DATASETS\Bottle_Gourd\BG01_Mendeley\Anthracnose\IMG-20241030-WA0061 (1).jpg || D:\AI_Agriculture_Dataset\RAW_DATASETS\Bottle_Gourd\BG01_Mendeley\Anthracnose\IMG-20241030-WA0061(1).jpg || D:\AI_Agriculture_Dataset\RAW_DATASETS\Bottle_Gourd\BG01_Mendeley\Anthracnose\IMG-20241030-WA0061.jpg
51,6dccf237bb2b40fc03f8cb077a9e5e35c6a79ba6f8687a89e6dc42c34ba28a0f,3,WITHIN_DATASET,BG01_Mendeley,D:\AI_Agriculture_Dataset\RAW_DATASETS\Bottle_Gourd\BG01_Mendeley\Anthracnose\IMG-20241030-WA0062 (1).jpg || D:\AI_Agriculture_Dataset\RAW_DATASETS\Bottle_Gourd\BG01_Mendeley\Anthracnose\IMG-20241030-WA0062(1).jpg || D:\AI_Agriculture_Dataset\RAW_DATASETS\Bottle_Gourd\BG01_Mendeley\Anthracnose\IMG-20241030-WA0062.jpg
52,ea3439dea228589bdee175b3dcf5d6f0fa91fab989ef0f69d0be0a0a3222ad4a,3,WITHIN_DATASET,BG01_Mendeley,D:\AI_Agriculture_Dataset\RAW_DATASETS\Bottle_Gourd\BG01_Mendeley\Anthracnose\IMG-20241030-WA0064 (1).jpg || D:\AI_Agriculture_Dataset\RAW_DATASETS\Bottle_Gourd\BG01_Mendeley\Anthracnose\IMG-20241030-WA0064(1).jpg || D:\AI_Agriculture_Dataset\RAW_DATASETS\Bottle_Gourd\BG01_Mendeley\Anthracnose\IMG-20241030-WA0064.jpg
53,d2b7f2095f70661cc390ff152b485422ce99dc524cc95ce72459985436f6aa6c,3,WITHIN_DATASET,BG01_Mendeley,D:\AI_Agriculture_Dataset\RAW_DATASETS\Bottle_Gourd\BG01_Mendeley\Anthracnose\IMG-20241030-WA0065 (1).jpg || D:\AI_Agriculture_Dataset\RAW_DATASETS\Bottle_Gourd\BG01_Mendeley\Anthracnose\IMG-20241030-WA0065(1).jpg || D:\AI_Agriculture_Dataset\RAW_DATASETS\Bottle_Gourd\BG01_Mendeley\Anthracnose\IMG-20241030-WA0065.jpg
54,3ca93b5f31ac62fdfb16b905df00a2a5cc55a8ab00be5ae5434977bd18fc7305,3,WITHIN_DATASET,BG01_Mendeley,D:\AI_Agriculture_Dataset\RAW_DATASETS\Bottle_Gourd\BG01_Mendeley\Anthracnose\IMG-20241030-WA0067 (1).jpg || D:\AI_Agriculture_Dataset\RAW_DATASETS\Bottle_Gourd\BG01_Mendeley\Anthracnose\IMG-20241030-WA0067(1).jpg || D:\AI_Agriculture_Dataset\RAW_DATASETS\Bottle_Gourd\BG01_Mendeley\Anthracnose\IMG-20241030-WA0067.jpg
55,5bf25a417c86ea4030e63c9f99f7a6aea6f487b6c4bec1382305393c9d6663b2,2,WITHIN_DATASET,BG01_Mendeley,D:\AI_Agriculture_Dataset\RAW_DATASETS\Bottle_Gourd\BG01_Mendeley\Anthracnose\IMG-20241030-WA0068 (1).jpg || D:\AI_Agriculture_Dataset\RAW_DATASETS\Bottle_Gourd\BG01_Mendeley\Anthracnose\IMG-20241030-WA0068(1).jpg
56,cc73de28a93c96a140811b0ce415829416e88518ead5ae9650c905e98854a201,3,WITHIN_DATASET,BG01_Mendeley,D:\AI_Agriculture_Dataset\RAW_DATASETS\Bottle_Gourd\BG01_Mendeley\Anthracnose\IMG-20241030-WA0069 (1).jpg || D:\AI_Agriculture_Dataset\RAW_DATASETS\Bottle_Gourd\BG01_Mendeley\Anthracnose\IMG-20241030-WA0069(1).jpg || D:\AI_Agriculture_Dataset\RAW_DATASETS\Bottle_Gourd\BG01_Mendeley\Anthracnose\IMG-20241030-WA0069.jpg
57,9ae7e5a06a0347b6de53dbb4535e09bcb0fb2288e34d8e6200e47f68755828d0,3,WITHIN_DATASET,BG01_Mendeley,D:\AI_Agriculture_Dataset\RAW_DATASETS\Bottle_Gourd\BG01_Mendeley\Anthracnose\IMG-20241030-WA0070 (1).jpg || D:\AI_Agriculture_Dataset\RAW_DATASETS\Bottle_Gourd\BG01_Mendeley\Anthracnose\IMG-20241030-WA0070(1).jpg || D:\AI_Agriculture_Dataset\RAW_DATASETS\Bottle_Gourd\BG01_Mendeley\Anthracnose\IMG-20241030-WA0070.jpg
58,098981efaa8872b320d27811aff27884e6c49405432b93fe5b238b1994d9c6fc,2,WITHIN_DATASET,BG01_Mendeley,D:\AI_Agriculture_Dataset\RAW_DATASETS\Bottle_Gourd\BG01_Mendeley\Anthracnose\IMG-20241030-WA0073 (1).jpg || D:\AI_Agriculture_Dataset\RAW_DATASETS\Bottle_Gourd\BG01_Mendeley\Anthracnose\IMG-20241030-WA0073(1).jpg
59,4270a7111963b1e26eaa417b0153201284c3eb71f8940b6ca48ae14dada4bd06,3,WITHIN_DATASET,BG01_Mendeley,D:\AI_Agriculture_Dataset\RAW_DATASETS\Bottle_Gourd\BG01_Mendeley\Anthracnose\IMG-20241030-WA0074 (1).jpg || D:\AI_Agriculture_Dataset\RAW_DATASETS\Bottle_Gourd\BG01_Mendeley\Anthracnose\IMG-20241030-WA0074(1).jpg || D:\AI_Agriculture_Dataset\RAW_DATASETS\Bottle_Gourd\BG01_Mendeley\Anthracnose\IMG-20241030-WA0074.jpg
60,68400b75b1d9a99bf3be672a54a94d35fe9db7e441424ab828c305d73bdaf3c9,3,WITHIN_DATASET,BG01_Mendeley,D:\AI_Agriculture_Dataset\RAW_DATASETS\Bottle_Gourd\BG01_Mendeley\Anthracnose\IMG-20241030-WA0077 (1).jpg || D:\AI_Agriculture_Dataset\RAW_DATASETS\Bottle_Gourd\BG01_Mendeley\Anthracnose\IMG-20241030-WA0077(1).jpg || D:\AI_Agriculture_Dataset\RAW_DATASETS\Bottle_Gourd\BG01_Mendeley\Anthracnose\IMG-20241030-WA0077.jpg
61,b8c051ffd9a53a4f25a096a0fa4e2efd258266541749bacad0538f63eb483280,3,WITHIN_DATASET,BG01_Mendeley,D:\AI_Agriculture_Dataset\RAW_DATASETS\Bottle_Gourd\BG01_Mendeley\Anthracnose\IMG-20241030-WA0078 (1).jpg || D:\AI_Agriculture_Dataset\RAW_DATASETS\Bottle_Gourd\BG01_Mendeley\Anthracnose\IMG-20241030-WA0078(1).jpg || D:\AI_Agriculture_Dataset\RAW_DATASETS\Bottle_Gourd\BG01_Mendeley\Anthracnose\IMG-20241030-WA0078.jpg
62,75501245811baddd0415e9435a0ea686cc8e3700e7f07adabfb58417ed6c53d3,3,WITHIN_DATASET,BG01_Mendeley,D:\AI_Agriculture_Dataset\RAW_DATASETS\Bottle_Gourd\BG01_Mendeley\Anthracnose\IMG-20241030-WA0080 (1).jpg || D:\AI_Agriculture_Dataset\RAW_DATASETS\Bottle_Gourd\BG01_Mendeley\Anthracnose\IMG-20241030-WA0080(1).jpg || D:\AI_Agriculture_Dataset\RAW_DATASETS\Bottle_Gourd\BG01_Mendeley\Anthracnose\IMG-20241030-WA0080.jpg
63,fc979dd0d51055de0d303fc53231a4c091e8363493f969c7f8c6dda61ad588cf,3,WITHIN_DATASET,BG01_Mendeley,D:\AI_Agriculture_Dataset\RAW_DATASETS\Bottle_Gourd\BG01_Mendeley\Anthracnose\IMG-20241030-WA0083 (1).jpg || D:\AI_Agriculture_Dataset\RAW_DATASETS\Bottle_Gourd\BG01_Mendeley\Anthracnose\IMG-20241030-WA0083(1).jpg || D:\AI_Agriculture_Dataset\RAW_DATASETS\Bottle_Gourd\BG01_Mendeley\Anthracnose\IMG-20241030-WA0083.jpg
64,7626523ac106da4178cced7104d26d00b7d2056390986d32b7fe1477685ea739,3,WITHIN_DATASET,BG01_Mendeley,D:\AI_Agriculture_Dataset\RAW_DATASETS\Bottle_Gourd\BG01_Mendeley\Anthracnose\IMG-20241030-WA0084 (1).jpg || D:\AI_Agriculture_Dataset\RAW_DATASETS\Bottle_Gourd\BG01_Mendeley\Anthracnose\IMG-20241030-WA0084(1).jpg || D:\AI_Agriculture_Dataset\RAW_DATASETS\Bottle_Gourd\BG01_Mendeley\Anthracnose\IMG-20241030-WA0084.jpg
65,294051d44ddba9cb34bfef49fe233c8a2fb243c45a3337e2e9cc543622d300ff,2,WITHIN_DATASET,BG01_Mendeley,D:\AI_Agriculture_Dataset\RAW_DATASETS\Bottle_Gourd\BG01_Mendeley\Anthracnose\IMG-20241030-WA0085 (1).jpg || D:\AI_Agriculture_Dataset\RAW_DATASETS\Bottle_Gourd\BG01_Mendeley\Anthracnose\IMG-20241030-WA0085(1).jpg
66,e048850ed939c1df0269032b55e3c5ad3d5ddb99aedcb64546c31dd27b9b8be3,2,WITHIN_DATASET,BG01_Mendeley,D:\AI_Agriculture_Dataset\RAW_DATASETS\Bottle_Gourd\BG01_Mendeley\Anthracnose\IMG-20241030-WA0086 (1).jpg || D:\AI_Agriculture_Dataset\RAW_DATASETS\Bottle_Gourd\BG01_Mendeley\Anthracnose\IMG-20241030-WA0086(1).jpg
67,e2939339dc7150a27fdc04e354ac2873ea2c3182bc495b9cbc18c166f415fdb2,2,WITHIN_DATASET,BG01_Mendeley,D:\AI_Agriculture_Dataset\RAW_DATASETS\Bottle_Gourd\BG01_Mendeley\Anthracnose\IMG-20241030-WA0088 (1).jpg || D:\AI_Agriculture_Dataset\RAW_DATASETS\Bottle_Gourd\BG01_Mendeley\Anthracnose\IMG-20241030-WA0088(1).jpg
68,c3101e107bf0bcf72a08ca7495cb09165f7fdf9ed61971cd5d71c1df6d23aafd,2,WITHIN_DATASET,BG01_Mendeley,D:\AI_Agriculture_Dataset\RAW_DATASETS\Bottle_Gourd\BG01_Mendeley\Anthracnose\IMG-20241030-WA0089 (1).jpg || D:\AI_Agriculture_Dataset\RAW_DATASETS\Bottle_Gourd\BG01_Mendeley\Anthracnose\IMG-20241030-WA0089(1).jpg
69,1868e08273d5882dd47b8b0dac288ab195a0abbde90a9be6cb1edd093969cd63,2,WITHIN_DATASET,BG01_Mendeley,D:\AI_Agriculture_Dataset\RAW_DATASETS\Bottle_Gourd\BG01_Mendeley\Anthracnose\IMG-20241030-WA0092 (1).jpg || D:\AI_Agriculture_Dataset\RAW_DATASETS\Bottle_Gourd\BG01_Mendeley\Anthracnose\IMG-20241030-WA0092(1).jpg
70,b41e68e5a5178017214fab700984fd0a8cce6a2b68acac1954faa43c745d3dcb,3,WITHIN_DATASET,BG01_Mendeley,D:\AI_Agriculture_Dataset\RAW_DATASETS\Bottle_Gourd\BG01_Mendeley\Anthracnose\IMG-20241030-WA0093 (1).jpg || D:\AI_Agriculture_Dataset\RAW_DATASETS\Bottle_Gourd\BG01_Mendeley\Anthracnose\IMG-20241030-WA0093(1).jpg || D:\AI_Agriculture_Dataset\RAW_DATASETS\Bottle_Gourd\BG01_Mendeley\Anthracnose\IMG-20241030-WA0093.jpg
71,1aed10ff753d4492e7cd55773004353c218f2ed8d0bd7015db6acd180ca6c339,3,WITHIN_DATASET,BG01_Mendeley,D:\AI_Agriculture_Dataset\RAW_DATASETS\Bottle_Gourd\BG01_Mendeley\Anthracnose\IMG-20241030-WA0097 (1).jpg || D:\AI_Agriculture_Dataset\RAW_DATASETS\Bottle_Gourd\BG01_Mendeley\Anthracnose\IMG-20241030-WA0097(1).jpg || D:\AI_Agriculture_Dataset\RAW_DATASETS\Bottle_Gourd\BG01_Mendeley\Anthracnose\IMG-20241030-WA0097.jpg
72,ffaaf8281974f550a0bc1fa3e4c486d30989a0cf7269590b44d37e95c7288f54,3,WITHIN_DATASET,BG01_Mendeley,D:\AI_Agriculture_Dataset\RAW_DATASETS\Bottle_Gourd\BG01_Mendeley\Early_Alternaria_Leaf_Blight\IMG-20241030-WA0053 (1).jpg || D:\AI_Agriculture_Dataset\RAW_DATASETS\Bottle_Gourd\BG01_Mendeley\Early_Alternaria_Leaf_Blight\IMG-20241030-WA0053(1).jpg || D:\AI_Agriculture_Dataset\RAW_DATASETS\Bottle_Gourd\BG01_Mendeley\Early_Alternaria_Leaf_Blight\IMG-20241030-WA0053.jpg
73,309edb3b22fde347e052990c1b90995bb8b91fb20fb7f44be3bd57aa503c6e54,3,WITHIN_DATASET,BG01_Mendeley,D:\AI_Agriculture_Dataset\RAW_DATASETS\Bottle_Gourd\BG01_Mendeley\Early_Alternaria_Leaf_Blight\IMG-20241030-WA0063 (1).jpg || D:\AI_Agriculture_Dataset\RAW_DATASETS\Bottle_Gourd\BG01_Mendeley\Early_Alternaria_Leaf_Blight\IMG-20241030-WA0063(1).jpg || D:\AI_Agriculture_Dataset\RAW_DATASETS\Bottle_Gourd\BG01_Mendeley\Early_Alternaria_Leaf_Blight\IMG-20241030-WA0063.jpg
74,269d7ecd1eceeae6c48c1277f5e065e78acd3d114bdc20da4eb8b299932e57de,3,WITHIN_DATASET,BG01_Mendeley,D:\AI_Agriculture_Dataset\RAW_DATASETS\Bottle_Gourd\BG01_Mendeley\Early_Alternaria_Leaf_Blight\IMG-20241030-WA0066 (1).jpg || D:\AI_Agriculture_Dataset\RAW_DATASETS\Bottle_Gourd\BG01_Mendeley\Early_Alternaria_Leaf_Blight\IMG-20241030-WA0066(1).jpg || D:\AI_Agriculture_Dataset\RAW_DATASETS\Bottle_Gourd\BG01_Mendeley\Early_Alternaria_Leaf_Blight\IMG-20241030-WA0066.jpg
75,8b3212e11b0d61e1d05ce64d843e2d5278ac241931af4cbe4a1a6fc8bfc11b63,2,WITHIN_DATASET,BG01_Mendeley,D:\AI_Agriculture_Dataset\RAW_DATASETS\Bottle_Gourd\BG01_Mendeley\Fungal_Damage_Leaf\IMG-20241030-WA0072 (1).jpg || D:\AI_Agriculture_Dataset\RAW_DATASETS\Bottle_Gourd\BG01_Mendeley\Fungal_Damage_Leaf\IMG-20241030-WA0072(1).jpg
76,b4af36023a13e9d60cb49bcbd5a153b60c67b0fc928fbf4796953f4a635322c5,2,WITHIN_DATASET,BG01_Mendeley,D:\AI_Agriculture_Dataset\RAW_DATASETS\Bottle_Gourd\BG01_Mendeley\Mosaic_Virus\IMG-20241030-WA0003 (1).jpg || D:\AI_Agriculture_Dataset\RAW_DATASETS\Bottle_Gourd\BG01_Mendeley\Mosaic_Virus\IMG-20241030-WA0003.jpg
77,2b6a7a249b90902d2bf82dd6b5162ecd6cf8ad919e5b38be3a69f03713aaef2f,2,WITHIN_DATASET,BG01_Mendeley,D:\AI_Agriculture_Dataset\RAW_DATASETS\Bottle_Gourd\BG01_Mendeley\Mosaic_Virus\IMG-20241030-WA0008 (1).jpg || D:\AI_Agriculture_Dataset\RAW_DATASETS\Bottle_Gourd\BG01_Mendeley\Mosaic_Virus\IMG-20241030-WA0008(1).jpg
78,adf7de9d0ab8bb7ffaeb3b4a2098fc8cfedcd49b5ce4482b40d4cf068a2394c0,2,WITHIN_DATASET,BG01_Mendeley,D:\AI_Agriculture_Dataset\RAW_DATASETS\Bottle_Gourd\BG01_Mendeley\Mosaic_Virus\IMG-20241030-WA0010 (1).jpg || D:\AI_Agriculture_Dataset\RAW_DATASETS\Bottle_Gourd\BG01_Mendeley\Mosaic_Virus\IMG-20241030-WA0010.jpg
79,eced66d249d14545bff8f5d9cf617705154f7e0288ab3d0b651dc34d4b17fc7a,2,WITHIN_DATASET,BG01_Mendeley,D:\AI_Agriculture_Dataset\RAW_DATASETS\Bottle_Gourd\BG01_Mendeley\Mosaic_Virus\IMG-20241030-WA0031 (1).jpg || D:\AI_Agriculture_Dataset\RAW_DATASETS\Bottle_Gourd\BG01_Mendeley\Mosaic_Virus\IMG-20241030-WA0031(1).jpg
80,ab8839afe09d2710d38730fc444754b48d28d38809f5102b63c1d87219736ccf,3,WITHIN_DATASET,BG01_Mendeley,D:\AI_Agriculture_Dataset\RAW_DATASETS\Bottle_Gourd\BG01_Mendeley\Mosaic_Virus\IMG-20241030-WA0035 (1).jpg || D:\AI_Agriculture_Dataset\RAW_DATASETS\Bottle_Gourd\BG01_Mendeley\Mosaic_Virus\IMG-20241030-WA0035(1).jpg || D:\AI_Agriculture_Dataset\RAW_DATASETS\Bottle_Gourd\BG01_Mendeley\Mosaic_Virus\IMG-20241030-WA0035.jpg
81,d68b30ee6ba0e21aeb53e50483cb8509e94a7f6273e6ae19d9f453b4b8cd588a,3,WITHIN_DATASET,BG01_Mendeley,D:\AI_Agriculture_Dataset\RAW_DATASETS\Bottle_Gourd\BG01_Mendeley\Mosaic_Virus\IMG-20241030-WA0059 (1).jpg || D:\AI_Agriculture_Dataset\RAW_DATASETS\Bottle_Gourd\BG01_Mendeley\Mosaic_Virus\IMG-20241030-WA0059(1).jpg || D:\AI_Agriculture_Dataset\RAW_DATASETS\Bottle_Gourd\BG01_Mendeley\Mosaic_Virus\IMG-20241030-WA0059.jpg
82,8ef792c95096f2ceda80273996976833f1094964d1e455b92af3056c70e9c5b0,3,WITHIN_DATASET,BG01_Mendeley,D:\AI_Agriculture_Dataset\RAW_DATASETS\Bottle_Gourd\BG01_Mendeley\Mosaic_Virus\IMG-20241030-WA0060 (1).jpg || D:\AI_Agriculture_Dataset\RAW_DATASETS\Bottle_Gourd\BG01_Mendeley\Mosaic_Virus\IMG-20241030-WA0060(1).jpg || D:\AI_Agriculture_Dataset\RAW_DATASETS\Bottle_Gourd\BG01_Mendeley\Mosaic_Virus\IMG-20241030-WA0060.jpg
83,cc843f58d81223bafa5aee77e9b565add823fc685959b6bc9bf9df106252396b,3,WITHIN_DATASET,BG01_Mendeley,D:\AI_Agriculture_Dataset\RAW_DATASETS\Bottle_Gourd\BG01_Mendeley\Mosaic_Virus\IMG-20241030-WA0076 (1).jpg || D:\AI_Agriculture_Dataset\RAW_DATASETS\Bottle_Gourd\BG01_Mendeley\Mosaic_Virus\IMG-20241030-WA0076(1).jpg || D:\AI_Agriculture_Dataset\RAW_DATASETS\Bottle_Gourd\BG01_Mendeley\Mosaic_Virus\IMG-20241030-WA0076.jpg
84,eae269a034fbd2770840152c52ecb46e20599ebc38c33fc51655e11e93b0cbcb,3,WITHIN_DATASET,BG01_Mendeley,D:\AI_Agriculture_Dataset\RAW_DATASETS\Bottle_Gourd\BG01_Mendeley\Mosaic_Virus\IMG-20241030-WA0081 (1).jpg || D:\AI_Agriculture_Dataset\RAW_DATASETS\Bottle_Gourd\BG01_Mendeley\Mosaic_Virus\IMG-20241030-WA0081(1).jpg || D:\AI_Agriculture_Dataset\RAW_DATASETS\Bottle_Gourd\BG01_Mendeley\Mosaic_Virus\IMG-20241030-WA0081.jpg
85,86d8c6b64d527414c6430dd67f2928d588b133a220a0d6bae011683a06136c13,3,WITHIN_DATASET,BG01_Mendeley,D:\AI_Agriculture_Dataset\RAW_DATASETS\Bottle_Gourd\BG01_Mendeley\Mosaic_Virus\IMG-20241030-WA0094 (1).jpg || D:\AI_Agriculture_Dataset\RAW_DATASETS\Bottle_Gourd\BG01_Mendeley\Mosaic_Virus\IMG-20241030-WA0094(1).jpg || D:\AI_Agriculture_Dataset\RAW_DATASETS\Bottle_Gourd\BG01_Mendeley\Mosaic_Virus\IMG-20241030-WA0094.jpg
86,0df8dbb81aabccb6d32be1f40081e165e5c11f0f517c2dbb23f053d3c73efeec,2,WITHIN_DATASET,BG02_AgriVision,D:\AI_Agriculture_Dataset\RAW_DATASETS\Bottle_Gourd\BG02_AgriVision\Orginal_Dataset\Alternaria_Leaf_Blight\IMG-20241027-WA0781.jpg || D:\AI_Agriculture_Dataset\RAW_DATASETS\Bottle_Gourd\BG02_AgriVision\Orginal_Dataset\Healthy\IMG-20241027-WA0781.jpg
87,5fdfe5e4445b9ca98326b6d52c4213da4ae955dd115895a9d716d3065fd74834,3,WITHIN_DATASET,BG02_AgriVision,D:\AI_Agriculture_Dataset\RAW_DATASETS\Bottle_Gourd\BG02_AgriVision\Orginal_Dataset\Alternaria_Leaf_Blight\IMG-20241030-WA0017 (1).jpg || D:\AI_Agriculture_Dataset\RAW_DATASETS\Bottle_Gourd\BG02_AgriVision\Orginal_Dataset\Alternaria_Leaf_Blight\IMG-20241030-WA0017(1).jpg || D:\AI_Agriculture_Dataset\RAW_DATASETS\Bottle_Gourd\BG02_AgriVision\Orginal_Dataset\Alternaria_Leaf_Blight\IMG-20241030-WA0017.jpg
88,bb3023b0911bc4170d5d95d3dc4fbc518444f81974941549928cb97db949aa80,3,WITHIN_DATASET,BG02_AgriVision,D:\AI_Agriculture_Dataset\RAW_DATASETS\Bottle_Gourd\BG02_AgriVision\Orginal_Dataset\Alternaria_Leaf_Blight\IMG-20241030-WA0032 (1).jpg || D:\AI_Agriculture_Dataset\RAW_DATASETS\Bottle_Gourd\BG02_AgriVision\Orginal_Dataset\Alternaria_Leaf_Blight\IMG-20241030-WA0032(1).jpg || D:\AI_Agriculture_Dataset\RAW_DATASETS\Bottle_Gourd\BG02_AgriVision\Orginal_Dataset\Alternaria_Leaf_Blight\IMG-20241030-WA0032.jpg
89,aaa056105d825cf4cec3b10317d5e9f247c6f1e3f565f0d8d211a9173eebd109,3,WITHIN_DATASET,BG02_AgriVision,D:\AI_Agriculture_Dataset\RAW_DATASETS\Bottle_Gourd\BG02_AgriVision\Orginal_Dataset\Alternaria_Leaf_Blight\IMG-20241030-WA0034 (1).jpg || D:\AI_Agriculture_Dataset\RAW_DATASETS\Bottle_Gourd\BG02_AgriVision\Orginal_Dataset\Alternaria_Leaf_Blight\IMG-20241030-WA0034(1).jpg || D:\AI_Agriculture_Dataset\RAW_DATASETS\Bottle_Gourd\BG02_AgriVision\Orginal_Dataset\Alternaria_Leaf_Blight\IMG-20241030-WA0034.jpg
90,cb531db5a550b2a8f9ba16c25057793ccd821cfdcca81858e87cf7e1abbf0245,3,WITHIN_DATASET,BG02_AgriVision,D:\AI_Agriculture_Dataset\RAW_DATASETS\Bottle_Gourd\BG02_AgriVision\Orginal_Dataset\Alternaria_Leaf_Blight\IMG-20241030-WA0037 (1).jpg || D:\AI_Agriculture_Dataset\RAW_DATASETS\Bottle_Gourd\BG02_AgriVision\Orginal_Dataset\Alternaria_Leaf_Blight\IMG-20241030-WA0037(1).jpg || D:\AI_Agriculture_Dataset\RAW_DATASETS\Bottle_Gourd\BG02_AgriVision\Orginal_Dataset\Alternaria_Leaf_Blight\IMG-20241030-WA0037.jpg
91,0ba8e29be43b7d7358951b0751115eb04afbd466a1831beea6c755fd83bfb954,3,WITHIN_DATASET,BG02_AgriVision,D:\AI_Agriculture_Dataset\RAW_DATASETS\Bottle_Gourd\BG02_AgriVision\Orginal_Dataset\Alternaria_Leaf_Blight\IMG-20241030-WA0038 (1).jpg || D:\AI_Agriculture_Dataset\RAW_DATASETS\Bottle_Gourd\BG02_AgriVision\Orginal_Dataset\Alternaria_Leaf_Blight\IMG-20241030-WA0038(1).jpg || D:\AI_Agriculture_Dataset\RAW_DATASETS\Bottle_Gourd\BG02_AgriVision\Orginal_Dataset\Alternaria_Leaf_Blight\IMG-20241030-WA0038.jpg
92,6bebab423abcb8d5e58dff11fc8eb440b8d73773e2f8c1fc1cf926930efb3253,3,WITHIN_DATASET,BG02_AgriVision,D:\AI_Agriculture_Dataset\RAW_DATASETS\Bottle_Gourd\BG02_AgriVision\Orginal_Dataset\Alternaria_Leaf_Blight\IMG-20241030-WA0039 (1).jpg || D:\AI_Agriculture_Dataset\RAW_DATASETS\Bottle_Gourd\BG02_AgriVision\Orginal_Dataset\Alternaria_Leaf_Blight\IMG-20241030-WA0039(1).jpg || D:\AI_Agriculture_Dataset\RAW_DATASETS\Bottle_Gourd\BG02_AgriVision\Orginal_Dataset\Alternaria_Leaf_Blight\IMG-20241030-WA0039.jpg
93,8bf15d64e9bc0c6aa888b91e1c398436020d10a7f7dd93b58b35facd77e0778e,2,WITHIN_DATASET,BG02_AgriVision,D:\AI_Agriculture_Dataset\RAW_DATASETS\Bottle_Gourd\BG02_AgriVision\Orginal_Dataset\Alternaria_Leaf_Blight\IMG-20241030-WA0041(1).jpg || D:\AI_Agriculture_Dataset\RAW_DATASETS\Bottle_Gourd\BG02_AgriVision\Orginal_Dataset\Alternaria_Leaf_Blight\IMG-20241030-WA0041.jpg
94,50b5c9bb0fe28b8092a1a9f4ec7905ec021557e5f090ca3afcf02672a99b0445,3,WITHIN_DATASET,BG02_AgriVision,D:\AI_Agriculture_Dataset\RAW_DATASETS\Bottle_Gourd\BG02_AgriVision\Orginal_Dataset\Alternaria_Leaf_Blight\IMG-20241030-WA0046 (1).jpg || D:\AI_Agriculture_Dataset\RAW_DATASETS\Bottle_Gourd\BG02_AgriVision\Orginal_Dataset\Alternaria_Leaf_Blight\IMG-20241030-WA0046(1).jpg || D:\AI_Agriculture_Dataset\RAW_DATASETS\Bottle_Gourd\BG02_AgriVision\Orginal_Dataset\Alternaria_Leaf_Blight\IMG-20241030-WA0046.jpg
95,ab57fe99f04ed6f28caaacb6dbd33883be068241310da6936f29e0e0baeff46c,3,WITHIN_DATASET,BG02_AgriVision,D:\AI_Agriculture_Dataset\RAW_DATASETS\Bottle_Gourd\BG02_AgriVision\Orginal_Dataset\Alternaria_Leaf_Blight\IMG-20241030-WA0047 (1).jpg || D:\AI_Agriculture_Dataset\RAW_DATASETS\Bottle_Gourd\BG02_AgriVision\Orginal_Dataset\Alternaria_Leaf_Blight\IMG-20241030-WA0047(1).jpg || D:\AI_Agriculture_Dataset\RAW_DATASETS\Bottle_Gourd\BG02_AgriVision\Orginal_Dataset\Alternaria_Leaf_Blight\IMG-20241030-WA0047.jpg
96,ff01b203866c3425aac267698d84795246c425966bcc75ab45d10aae87a2724d,3,WITHIN_DATASET,BG02_AgriVision,D:\AI_Agriculture_Dataset\RAW_DATASETS\Bottle_Gourd\BG02_AgriVision\Orginal_Dataset\Alternaria_Leaf_Blight\IMG-20241030-WA0048 (1).jpg || D:\AI_Agriculture_Dataset\RAW_DATASETS\Bottle_Gourd\BG02_AgriVision\Orginal_Dataset\Alternaria_Leaf_Blight\IMG-20241030-WA0048(1).jpg || D:\AI_Agriculture_Dataset\RAW_DATASETS\Bottle_Gourd\BG02_AgriVision\Orginal_Dataset\Alternaria_Leaf_Blight\IMG-20241030-WA0048.jpg
97,5a952f8549184a1766aca6b770a8266625666e20f0a67f3fea1dc6d7c16f039a,3,WITHIN_DATASET,BG02_AgriVision,D:\AI_Agriculture_Dataset\RAW_DATASETS\Bottle_Gourd\BG02_AgriVision\Orginal_Dataset\Alternaria_Leaf_Blight\IMG-20241030-WA0049 (1).jpg || D:\AI_Agriculture_Dataset\RAW_DATASETS\Bottle_Gourd\BG02_AgriVision\Orginal_Dataset\Alternaria_Leaf_Blight\IMG-20241030-WA0049(1).jpg || D:\AI_Agriculture_Dataset\RAW_DATASETS\Bottle_Gourd\BG02_AgriVision\Orginal_Dataset\Alternaria_Leaf_Blight\IMG-20241030-WA0049.jpg
98,30d329a220457a9f4951cda2d34c89063ec92dc01a4d246a192f6615f200da7f,3,WITHIN_DATASET,BG02_AgriVision,D:\AI_Agriculture_Dataset\RAW_DATASETS\Bottle_Gourd\BG02_AgriVision\Orginal_Dataset\Alternaria_Leaf_Blight\IMG-20241030-WA0050 (1).jpg || D:\AI_Agriculture_Dataset\RAW_DATASETS\Bottle_Gourd\BG02_AgriVision\Orginal_Dataset\Alternaria_Leaf_Blight\IMG-20241030-WA0050(1).jpg || D:\AI_Agriculture_Dataset\RAW_DATASETS\Bottle_Gourd\BG02_AgriVision\Orginal_Dataset\Alternaria_Leaf_Blight\IMG-20241030-WA0050.jpg
99,4f4d8d11ffc5a2a1ac204c40a019858b58c89669d8a2badfbffe73f4f6ce671e,3,WITHIN_DATASET,BG02_AgriVision,D:\AI_Agriculture_Dataset\RAW_DATASETS\Bottle_Gourd\BG02_AgriVision\Orginal_Dataset\Alternaria_Leaf_Blight\IMG-20241030-WA0058 (1).jpg || D:\AI_Agriculture_Dataset\RAW_DATASETS\Bottle_Gourd\BG02_AgriVision\Orginal_Dataset\Alternaria_Leaf_Blight\IMG-20241030-WA0058(1).jpg || D:\AI_Agriculture_Dataset\RAW_DATASETS\Bottle_Gourd\BG02_AgriVision\Orginal_Dataset\Alternaria_Leaf_Blight\IMG-20241030-WA0058.jpg
100,674c80e3f7e538dcc5e8b3f6d04287b7b7e2e8e257dde97fd0e9ce794857aaad,3,WITHIN_DATASET,BG02_AgriVision,D:\AI_Agriculture_Dataset\RAW_DATASETS\Bottle_Gourd\BG02_AgriVision\Orginal_Dataset\Alternaria_Leaf_Blight\IMG-20241030-WA0062 (1).jpg || D:\AI_Agriculture_Dataset\RAW_DATASETS\Bottle_Gourd\BG02_AgriVision\Orginal_Dataset\Alternaria_Leaf_Blight\IMG-20241030-WA0062(1).jpg || D:\AI_Agriculture_Dataset\RAW_DATASETS\Bottle_Gourd\BG02_AgriVision\Orginal_Dataset\Alternaria_Leaf_Blight\IMG-20241030-WA0062.jpg
101,c3dec250ba4ed1389097d21c8c913b472b2e7e46c9553c1ed56d03679dabb47f,3,WITHIN_DATASET,BG02_AgriVision,D:\AI_Agriculture_Dataset\RAW_DATASETS\Bottle_Gourd\BG02_AgriVision\Orginal_Dataset\Alternaria_Leaf_Blight\IMG-20241030-WA0071 (1).jpg || D:\AI_Agriculture_Dataset\RAW_DATASETS\Bottle_Gourd\BG02_AgriVision\Orginal_Dataset\Alternaria_Leaf_Blight\IMG-20241030-WA0071(1).jpg || D:\AI_Agriculture_Dataset\RAW_DATASETS\Bottle_Gourd\BG02_AgriVision\Orginal_Dataset\Alternaria_Leaf_Blight\IMG-20241030-WA0071.jpg
102,32a6da9fb34db90f69ea13aa75b83610163652c8284840a5f58e81825a72a546,3,WITHIN_DATASET,BG02_AgriVision,D:\AI_Agriculture_Dataset\RAW_DATASETS\Bottle_Gourd\BG02_AgriVision\Orginal_Dataset\Alternaria_Leaf_Blight\IMG-20241030-WA0079 (1).jpg || D:\AI_Agriculture_Dataset\RAW_DATASETS\Bottle_Gourd\BG02_AgriVision\Orginal_Dataset\Anthracnose\IMG-20241030-WA0079(1).jpg || D:\AI_Agriculture_Dataset\RAW_DATASETS\Bottle_Gourd\BG02_AgriVision\Orginal_Dataset\Anthracnose\IMG-20241030-WA0079.jpg
103,9e97a2bbbcbae234ef7f78c96299e3c23b01e6e7dcfc774f471e003a9424c025,3,WITHIN_DATASET,BG02_AgriVision,D:\AI_Agriculture_Dataset\RAW_DATASETS\Bottle_Gourd\BG02_AgriVision\Orginal_Dataset\Alternaria_Leaf_Blight\IMG-20241030-WA0082 (1).jpg || D:\AI_Agriculture_Dataset\RAW_DATASETS\Bottle_Gourd\BG02_AgriVision\Orginal_Dataset\Alternaria_Leaf_Blight\IMG-20241030-WA0082(1).jpg || D:\AI_Agriculture_Dataset\RAW_DATASETS\Bottle_Gourd\BG02_AgriVision\Orginal_Dataset\Alternaria_Leaf_Blight\IMG-20241030-WA0082.jpg
104,410827e98929e0cba79bb2f302a838821875e30f61e8d902048387aafc61da6b,3,WITHIN_DATASET,BG02_AgriVision,D:\AI_Agriculture_Dataset\RAW_DATASETS\Bottle_Gourd\BG02_AgriVision\Orginal_Dataset\Alternaria_Leaf_Blight\IMG-20241030-WA0087 (1).jpg || D:\AI_Agriculture_Dataset\RAW_DATASETS\Bottle_Gourd\BG02_AgriVision\Orginal_Dataset\Alternaria_Leaf_Blight\IMG-20241030-WA0087(1).jpg || D:\AI_Agriculture_Dataset\RAW_DATASETS\Bottle_Gourd\BG02_AgriVision\Orginal_Dataset\Alternaria_Leaf_Blight\IMG-20241030-WA0087.jpg
105,a1a7b075607385c22f3d96b0f4295905009c47cc11800760c4ca69499cc51c71,2,WITHIN_DATASET,BG02_AgriVision,D:\AI_Agriculture_Dataset\RAW_DATASETS\Bottle_Gourd\BG02_AgriVision\Orginal_Dataset\Alternaria_Leaf_Blight\IMG-20241030-WA0088 (1).jpg || D:\AI_Agriculture_Dataset\RAW_DATASETS\Bottle_Gourd\BG02_AgriVision\Orginal_Dataset\Alternaria_Leaf_Blight\IMG-20241030-WA0088(1).jpg
106,a0e2b5f17867e3d372b0a0c6bfdf8657fbb0cc5726f16c0c3fba837cc46d6863,2,WITHIN_DATASET,BG02_AgriVision,D:\AI_Agriculture_Dataset\RAW_DATASETS\Bottle_Gourd\BG02_AgriVision\Orginal_Dataset\Alternaria_Leaf_Blight\IMG-20241030-WA0089 (1).jpg || D:\AI_Agriculture_Dataset\RAW_DATASETS\Bottle_Gourd\BG02_AgriVision\Orginal_Dataset\Alternaria_Leaf_Blight\IMG-20241030-WA0089(1).jpg
107,8c42229cd2c219417564e132b5532457987ff5eab8e88c4c0d9f422f254fcbbc,3,WITHIN_DATASET,BG02_AgriVision,D:\AI_Agriculture_Dataset\RAW_DATASETS\Bottle_Gourd\BG02_AgriVision\Orginal_Dataset\Alternaria_Leaf_Blight\IMG-20241030-WA0090 (1).jpg || D:\AI_Agriculture_Dataset\RAW_DATASETS\Bottle_Gourd\BG02_AgriVision\Orginal_Dataset\Alternaria_Leaf_Blight\IMG-20241030-WA0090(1).jpg || D:\AI_Agriculture_Dataset\RAW_DATASETS\Bottle_Gourd\BG02_AgriVision\Orginal_Dataset\Alternaria_Leaf_Blight\IMG-20241030-WA0090.jpg
108,b1fb538a4b968a998aeb81b090dbf18727f12172da36314151db082a95808d78,2,WITHIN_DATASET,BG02_AgriVision,D:\AI_Agriculture_Dataset\RAW_DATASETS\Bottle_Gourd\BG02_AgriVision\Orginal_Dataset\Alternaria_Leaf_Blight\IMG-20241030-WA0091 (1).jpg || D:\AI_Agriculture_Dataset\RAW_DATASETS\Bottle_Gourd\BG02_AgriVision\Orginal_Dataset\Alternaria_Leaf_Blight\IMG-20241030-WA0091(1).jpg
109,bc031b1367688bb0fc7006849ef1c1f80133a56e77f1f251e75d1449a009cf23,2,WITHIN_DATASET,BG02_AgriVision,D:\AI_Agriculture_Dataset\RAW_DATASETS\Bottle_Gourd\BG02_AgriVision\Orginal_Dataset\Alternaria_Leaf_Blight\IMG-20241030-WA0092 (1).jpg || D:\AI_Agriculture_Dataset\RAW_DATASETS\Bottle_Gourd\BG02_AgriVision\Orginal_Dataset\Alternaria_Leaf_Blight\IMG-20241030-WA0092(1).jpg
110,6ff62358a91de4d952efa7037a932621ba18166e81c105f49366dcbf97353742,3,WITHIN_DATASET,BG02_AgriVision,D:\AI_Agriculture_Dataset\RAW_DATASETS\Bottle_Gourd\BG02_AgriVision\Orginal_Dataset\Alternaria_Leaf_Blight\IMG-20241030-WA0095 (1).jpg || D:\AI_Agriculture_Dataset\RAW_DATASETS\Bottle_Gourd\BG02_AgriVision\Orginal_Dataset\Alternaria_Leaf_Blight\IMG-20241030-WA0095(1).jpg || D:\AI_Agriculture_Dataset\RAW_DATASETS\Bottle_Gourd\BG02_AgriVision\Orginal_Dataset\Alternaria_Leaf_Blight\IMG-20241030-WA0095.jpg
111,32b1eea35ea1086d81142a8e6f7ffbea5bcaa00391ec78d7ac7d654684a94527,3,WITHIN_DATASET,BG02_AgriVision,D:\AI_Agriculture_Dataset\RAW_DATASETS\Bottle_Gourd\BG02_AgriVision\Orginal_Dataset\Alternaria_Leaf_Blight\IMG-20241030-WA0096 (1).jpg || D:\AI_Agriculture_Dataset\RAW_DATASETS\Bottle_Gourd\BG02_AgriVision\Orginal_Dataset\Alternaria_Leaf_Blight\IMG-20241030-WA0096(1).jpg || D:\AI_Agriculture_Dataset\RAW_DATASETS\Bottle_Gourd\BG02_AgriVision\Orginal_Dataset\Alternaria_Leaf_Blight\IMG-20241030-WA0096.jpg
112,f5b2c68b876152e655ec20250d6aa4555b75c6fcda817055e31ed4ef6d76aca3,3,WITHIN_DATASET,BG02_AgriVision,D:\AI_Agriculture_Dataset\RAW_DATASETS\Bottle_Gourd\BG02_AgriVision\Orginal_Dataset\Alternaria_Leaf_Blight\IMG-20241030-WA0098 (1).jpg || D:\AI_Agriculture_Dataset\RAW_DATASETS\Bottle_Gourd\BG02_AgriVision\Orginal_Dataset\Alternaria_Leaf_Blight\IMG-20241030-WA0098(1).jpg || D:\AI_Agriculture_Dataset\RAW_DATASETS\Bottle_Gourd\BG02_AgriVision\Orginal_Dataset\Alternaria_Leaf_Blight\IMG-20241030-WA0098.jpg
113,7d3cc9de6f9324a8c7d1363ecd5a446d1ba2dab9a7bf6c0405f435dda4b8195c,2,WITHIN_DATASET,BG02_AgriVision,D:\AI_Agriculture_Dataset\RAW_DATASETS\Bottle_Gourd\BG02_AgriVision\Orginal_Dataset\Anthracnose\IMG-20241030-WA0009 (1).jpg || D:\AI_Agriculture_Dataset\RAW_DATASETS\Bottle_Gourd\BG02_AgriVision\Orginal_Dataset\Anthracnose\IMG-20241030-WA0009(1).jpg
114,55581205a8e9e28cf9bb73be5dd372a08c97deb9f862258f93bc160a524112cb,3,WITHIN_DATASET,BG02_AgriVision,D:\AI_Agriculture_Dataset\RAW_DATASETS\Bottle_Gourd\BG02_AgriVision\Orginal_Dataset\Anthracnose\IMG-20241030-WA0011 (1).jpg || D:\AI_Agriculture_Dataset\RAW_DATASETS\Bottle_Gourd\BG02_AgriVision\Orginal_Dataset\Anthracnose\IMG-20241030-WA0011(1).jpg || D:\AI_Agriculture_Dataset\RAW_DATASETS\Bottle_Gourd\BG02_AgriVision\Orginal_Dataset\Anthracnose\IMG-20241030-WA0011.jpg
115,7470f937d8016f267e397c7da1df4ddb4109d706cb489f0fed30fd63eae02394,3,WITHIN_DATASET,BG02_AgriVision,D:\AI_Agriculture_Dataset\RAW_DATASETS\Bottle_Gourd\BG02_AgriVision\Orginal_Dataset\Anthracnose\IMG-20241030-WA0012 (1).jpg || D:\AI_Agriculture_Dataset\RAW_DATASETS\Bottle_Gourd\BG02_AgriVision\Orginal_Dataset\Anthracnose\IMG-20241030-WA0012(1).jpg || D:\AI_Agriculture_Dataset\RAW_DATASETS\Bottle_Gourd\BG02_AgriVision\Orginal_Dataset\Anthracnose\IMG-20241030-WA0012.jpg
116,d9afd434ac0fd4051c4255223d6b81d0ea3c71754c52d206489f39f28edf0b9e,3,WITHIN_DATASET,BG02_AgriVision,D:\AI_Agriculture_Dataset\RAW_DATASETS\Bottle_Gourd\BG02_AgriVision\Orginal_Dataset\Anthracnose\IMG-20241030-WA0016 (1).jpg || D:\AI_Agriculture_Dataset\RAW_DATASETS\Bottle_Gourd\BG02_AgriVision\Orginal_Dataset\Anthracnose\IMG-20241030-WA0016(1).jpg || D:\AI_Agriculture_Dataset\RAW_DATASETS\Bottle_Gourd\BG02_AgriVision\Orginal_Dataset\Anthracnose\IMG-20241030-WA0016.jpg
117,6fffef5ea0bee9a4113c13951dd0e5b3d6d1097b9d2915c772433970a90527c7,3,WITHIN_DATASET,BG02_AgriVision,D:\AI_Agriculture_Dataset\RAW_DATASETS\Bottle_Gourd\BG02_AgriVision\Orginal_Dataset\Anthracnose\IMG-20241030-WA0036 (1).jpg || D:\AI_Agriculture_Dataset\RAW_DATASETS\Bottle_Gourd\BG02_AgriVision\Orginal_Dataset\Anthracnose\IMG-20241030-WA0036(1).jpg || D:\AI_Agriculture_Dataset\RAW_DATASETS\Bottle_Gourd\BG02_AgriVision\Orginal_Dataset\Anthracnose\IMG-20241030-WA0036.jpg
118,4c14f3188b14691de62ca68b0f655e365064a45657093da5a24b92d96837a4d2,3,WITHIN_DATASET,BG02_AgriVision,D:\AI_Agriculture_Dataset\RAW_DATASETS\Bottle_Gourd\BG02_AgriVision\Orginal_Dataset\Anthracnose\IMG-20241030-WA0042 (1).jpg || D:\AI_Agriculture_Dataset\RAW_DATASETS\Bottle_Gourd\BG02_AgriVision\Orginal_Dataset\Anthracnose\IMG-20241030-WA0042(1).jpg || D:\AI_Agriculture_Dataset\RAW_DATASETS\Bottle_Gourd\BG02_AgriVision\Orginal_Dataset\Anthracnose\IMG-20241030-WA0042.jpg
119,3d820c5c1821f054dfe17b2dc1aaf32fadbd6490bb938b4bcd5fd4644d9b2be0,3,WITHIN_DATASET,BG02_AgriVision,D:\AI_Agriculture_Dataset\RAW_DATASETS\Bottle_Gourd\BG02_AgriVision\Orginal_Dataset\Anthracnose\IMG-20241030-WA0043 (1).jpg || D:\AI_Agriculture_Dataset\RAW_DATASETS\Bottle_Gourd\BG02_AgriVision\Orginal_Dataset\Anthracnose\IMG-20241030-WA0043(1).jpg || D:\AI_Agriculture_Dataset\RAW_DATASETS\Bottle_Gourd\BG02_AgriVision\Orginal_Dataset\Anthracnose\IMG-20241030-WA0043.jpg
120,118dd4c5c9874eb448e4fef7582f6910c38477d75027a1560d29e1b6ab8a4efd,2,WITHIN_DATASET,BG02_AgriVision,D:\AI_Agriculture_Dataset\RAW_DATASETS\Bottle_Gourd\BG02_AgriVision\Orginal_Dataset\Anthracnose\IMG-20241030-WA0044 (1).jpg || D:\AI_Agriculture_Dataset\RAW_DATASETS\Bottle_Gourd\BG02_AgriVision\Orginal_Dataset\Anthracnose\IMG-20241030-WA0044(1).jpg
121,2bda1a51738f6f67f5e8764e1417ec36f899539cfeb6325f7d73cf7f9793480f,2,WITHIN_DATASET,BG02_AgriVision,D:\AI_Agriculture_Dataset\RAW_DATASETS\Bottle_Gourd\BG02_AgriVision\Orginal_Dataset\Anthracnose\IMG-20241030-WA0045 (1).jpg || D:\AI_Agriculture_Dataset\RAW_DATASETS\Bottle_Gourd\BG02_AgriVision\Orginal_Dataset\Anthracnose\IMG-20241030-WA0045(1).jpg
122,29e7e3cf6388d5532d0561f9b419f2fe93ed7e415263338f3d1a3685691d1f61,3,WITHIN_DATASET,BG02_AgriVision,D:\AI_Agriculture_Dataset\RAW_DATASETS\Bottle_Gourd\BG02_AgriVision\Orginal_Dataset\Anthracnose\IMG-20241030-WA0051 (1).jpg || D:\AI_Agriculture_Dataset\RAW_DATASETS\Bottle_Gourd\BG02_AgriVision\Orginal_Dataset\Anthracnose\IMG-20241030-WA0051(1).jpg || D:\AI_Agriculture_Dataset\RAW_DATASETS\Bottle_Gourd\BG02_AgriVision\Orginal_Dataset\Anthracnose\IMG-20241030-WA0051.jpg
123,68bd14d38de61f3a0f24273440f5f6c69e1fbb61eb6f5b35864dd0925ffe8662,3,WITHIN_DATASET,BG02_AgriVision,D:\AI_Agriculture_Dataset\RAW_DATASETS\Bottle_Gourd\BG02_AgriVision\Orginal_Dataset\Anthracnose\IMG-20241030-WA0052 (1).jpg || D:\AI_Agriculture_Dataset\RAW_DATASETS\Bottle_Gourd\BG02_AgriVision\Orginal_Dataset\Anthracnose\IMG-20241030-WA0052(1).jpg || D:\AI_Agriculture_Dataset\RAW_DATASETS\Bottle_Gourd\BG02_AgriVision\Orginal_Dataset\Anthracnose\IMG-20241030-WA0052.jpg
124,194c7f7065e5529adea8c8627a2cc90ecdf4921833799e9f41b46e2ae7e6a6e9,3,WITHIN_DATASET,BG02_AgriVision,D:\AI_Agriculture_Dataset\RAW_DATASETS\Bottle_Gourd\BG02_AgriVision\Orginal_Dataset\Anthracnose\IMG-20241030-WA0055 (1).jpg || D:\AI_Agriculture_Dataset\RAW_DATASETS\Bottle_Gourd\BG02_AgriVision\Orginal_Dataset\Anthracnose\IMG-20241030-WA0055(1).jpg || D:\AI_Agriculture_Dataset\RAW_DATASETS\Bottle_Gourd\BG02_AgriVision\Orginal_Dataset\Anthracnose\IMG-20241030-WA0055.jpg
125,e9839c04cfc92012fbf0ed787bcb1766ae793e45bfde972805564e2796a15bed,3,WITHIN_DATASET,BG02_AgriVision,D:\AI_Agriculture_Dataset\RAW_DATASETS\Bottle_Gourd\BG02_AgriVision\Orginal_Dataset\Anthracnose\IMG-20241030-WA0057 (1).jpg || D:\AI_Agriculture_Dataset\RAW_DATASETS\Bottle_Gourd\BG02_AgriVision\Orginal_Dataset\Anthracnose\IMG-20241030-WA0057(1).jpg || D:\AI_Agriculture_Dataset\RAW_DATASETS\Bottle_Gourd\BG02_AgriVision\Orginal_Dataset\Anthracnose\IMG-20241030-WA0057.jpg
126,9a90d44bf881c40667298cb9bd50079a4086b5c4fd6f99814b1ee8e8bf807074,3,WITHIN_DATASET,BG02_AgriVision,D:\AI_Agriculture_Dataset\RAW_DATASETS\Bottle_Gourd\BG02_AgriVision\Orginal_Dataset\Anthracnose\IMG-20241030-WA0061 (1).jpg || D:\AI_Agriculture_Dataset\RAW_DATASETS\Bottle_Gourd\BG02_AgriVision\Orginal_Dataset\Anthracnose\IMG-20241030-WA0061(1).jpg || D:\AI_Agriculture_Dataset\RAW_DATASETS\Bottle_Gourd\BG02_AgriVision\Orginal_Dataset\Anthracnose\IMG-20241030-WA0061.jpg
127,dc3846966e02dbe03328e101fa6eb0236da7f7aa1bb5e11295ef8f93268a5847,3,WITHIN_DATASET,BG02_AgriVision,D:\AI_Agriculture_Dataset\RAW_DATASETS\Bottle_Gourd\BG02_AgriVision\Orginal_Dataset\Anthracnose\IMG-20241030-WA0064 (1).jpg || D:\AI_Agriculture_Dataset\RAW_DATASETS\Bottle_Gourd\BG02_AgriVision\Orginal_Dataset\Anthracnose\IMG-20241030-WA0064(1).jpg || D:\AI_Agriculture_Dataset\RAW_DATASETS\Bottle_Gourd\BG02_AgriVision\Orginal_Dataset\Anthracnose\IMG-20241030-WA0064.jpg
128,80c0888cf7a2122741b12ea4512ff0b33969c4c47cbb50c2293205b6a2273625,3,WITHIN_DATASET,BG02_AgriVision,D:\AI_Agriculture_Dataset\RAW_DATASETS\Bottle_Gourd\BG02_AgriVision\Orginal_Dataset\Anthracnose\IMG-20241030-WA0065 (1).jpg || D:\AI_Agriculture_Dataset\RAW_DATASETS\Bottle_Gourd\BG02_AgriVision\Orginal_Dataset\Anthracnose\IMG-20241030-WA0065(1).jpg || D:\AI_Agriculture_Dataset\RAW_DATASETS\Bottle_Gourd\BG02_AgriVision\Orginal_Dataset\Anthracnose\IMG-20241030-WA0065.jpg
129,7fcc7cbe888397841270e4e4962d457c88afac0bdb897b16784fb55e846d5cc9,3,WITHIN_DATASET,BG02_AgriVision,D:\AI_Agriculture_Dataset\RAW_DATASETS\Bottle_Gourd\BG02_AgriVision\Orginal_Dataset\Anthracnose\IMG-20241030-WA0067 (1).jpg || D:\AI_Agriculture_Dataset\RAW_DATASETS\Bottle_Gourd\BG02_AgriVision\Orginal_Dataset\Anthracnose\IMG-20241030-WA0067(1).jpg || D:\AI_Agriculture_Dataset\RAW_DATASETS\Bottle_Gourd\BG02_AgriVision\Orginal_Dataset\Anthracnose\IMG-20241030-WA0067.jpg
130,925f5949d04c8c43a303858e44377084e15c433264411836e5bd300605178d18,2,WITHIN_DATASET,BG02_AgriVision,D:\AI_Agriculture_Dataset\RAW_DATASETS\Bottle_Gourd\BG02_AgriVision\Orginal_Dataset\Anthracnose\IMG-20241030-WA0068 (1).jpg || D:\AI_Agriculture_Dataset\RAW_DATASETS\Bottle_Gourd\BG02_AgriVision\Orginal_Dataset\Anthracnose\IMG-20241030-WA0068(1).jpg
131,9fb89d024e5edce7a065d6457fb1483a42d8f16800872ba924fee3c3b3b06bcc,3,WITHIN_DATASET,BG02_AgriVision,D:\AI_Agriculture_Dataset\RAW_DATASETS\Bottle_Gourd\BG02_AgriVision\Orginal_Dataset\Anthracnose\IMG-20241030-WA0069 (1).jpg || D:\AI_Agriculture_Dataset\RAW_DATASETS\Bottle_Gourd\BG02_AgriVision\Orginal_Dataset\Anthracnose\IMG-20241030-WA0069(1).jpg || D:\AI_Agriculture_Dataset\RAW_DATASETS\Bottle_Gourd\BG02_AgriVision\Orginal_Dataset\Anthracnose\IMG-20241030-WA0069.jpg
132,30ceae7c839f0fd4fd52ec4486bc3c62dae9af749e18de38f2517431d0262238,3,WITHIN_DATASET,BG02_AgriVision,D:\AI_Agriculture_Dataset\RAW_DATASETS\Bottle_Gourd\BG02_AgriVision\Orginal_Dataset\Anthracnose\IMG-20241030-WA0070 (1).jpg || D:\AI_Agriculture_Dataset\RAW_DATASETS\Bottle_Gourd\BG02_AgriVision\Orginal_Dataset\Anthracnose\IMG-20241030-WA0070(1).jpg || D:\AI_Agriculture_Dataset\RAW_DATASETS\Bottle_Gourd\BG02_AgriVision\Orginal_Dataset\Anthracnose\IMG-20241030-WA0070.jpg
133,3d00c08ee98100865360b01a44ae8352d7969eef0edb33a3011c37619a790325,2,WITHIN_DATASET,BG02_AgriVision,D:\AI_Agriculture_Dataset\RAW_DATASETS\Bottle_Gourd\BG02_AgriVision\Orginal_Dataset\Anthracnose\IMG-20241030-WA0073 (1).jpg || D:\AI_Agriculture_Dataset\RAW_DATASETS\Bottle_Gourd\BG02_AgriVision\Orginal_Dataset\Anthracnose\IMG-20241030-WA0073(1).jpg
134,a87a550241906ab83d339ca5960c4d491b5887481c801b5cbe1e95aaadfbec2c,3,WITHIN_DATASET,BG02_AgriVision,D:\AI_Agriculture_Dataset\RAW_DATASETS\Bottle_Gourd\BG02_AgriVision\Orginal_Dataset\Anthracnose\IMG-20241030-WA0074 (1).jpg || D:\AI_Agriculture_Dataset\RAW_DATASETS\Bottle_Gourd\BG02_AgriVision\Orginal_Dataset\Anthracnose\IMG-20241030-WA0074(1).jpg || D:\AI_Agriculture_Dataset\RAW_DATASETS\Bottle_Gourd\BG02_AgriVision\Orginal_Dataset\Anthracnose\IMG-20241030-WA0074.jpg
135,36866ceac979f3b54fcc6f495a14defee9925b934efa66fc6b3471aeafc5f086,3,WITHIN_DATASET,BG02_AgriVision,D:\AI_Agriculture_Dataset\RAW_DATASETS\Bottle_Gourd\BG02_AgriVision\Orginal_Dataset\Anthracnose\IMG-20241030-WA0077 (1).jpg || D:\AI_Agriculture_Dataset\RAW_DATASETS\Bottle_Gourd\BG02_AgriVision\Orginal_Dataset\Anthracnose\IMG-20241030-WA0077(1).jpg || D:\AI_Agriculture_Dataset\RAW_DATASETS\Bottle_Gourd\BG02_AgriVision\Orginal_Dataset\Anthracnose\IMG-20241030-WA0077.jpg
136,e8d61408e67757a491a63ad5827e8fb876aa258b33233d94f62fed0083e98581,3,WITHIN_DATASET,BG02_AgriVision,D:\AI_Agriculture_Dataset\RAW_DATASETS\Bottle_Gourd\BG02_AgriVision\Orginal_Dataset\Anthracnose\IMG-20241030-WA0078 (1).jpg || D:\AI_Agriculture_Dataset\RAW_DATASETS\Bottle_Gourd\BG02_AgriVision\Orginal_Dataset\Anthracnose\IMG-20241030-WA0078(1).jpg || D:\AI_Agriculture_Dataset\RAW_DATASETS\Bottle_Gourd\BG02_AgriVision\Orginal_Dataset\Anthracnose\IMG-20241030-WA0078.jpg
137,8efbafcb602b961a1cebb96b4d2071a0e09c22bae90378cede5b0d45b405b99c,3,WITHIN_DATASET,BG02_AgriVision,D:\AI_Agriculture_Dataset\RAW_DATASETS\Bottle_Gourd\BG02_AgriVision\Orginal_Dataset\Anthracnose\IMG-20241030-WA0080 (1).jpg || D:\AI_Agriculture_Dataset\RAW_DATASETS\Bottle_Gourd\BG02_AgriVision\Orginal_Dataset\Anthracnose\IMG-20241030-WA0080(1).jpg || D:\AI_Agriculture_Dataset\RAW_DATASETS\Bottle_Gourd\BG02_AgriVision\Orginal_Dataset\Anthracnose\IMG-20241030-WA0080.jpg
138,88072497cf3211ad93f93ecb6df46c493019d66d54936cf8acbaea63075f50fe,3,WITHIN_DATASET,BG02_AgriVision,D:\AI_Agriculture_Dataset\RAW_DATASETS\Bottle_Gourd\BG02_AgriVision\Orginal_Dataset\Anthracnose\IMG-20241030-WA0083 (1).jpg || D:\AI_Agriculture_Dataset\RAW_DATASETS\Bottle_Gourd\BG02_AgriVision\Orginal_Dataset\Anthracnose\IMG-20241030-WA0083(1).jpg || D:\AI_Agriculture_Dataset\RAW_DATASETS\Bottle_Gourd\BG02_AgriVision\Orginal_Dataset\Anthracnose\IMG-20241030-WA0083.jpg
139,6d26fb5a91cc52cb773b70d84bd2cc0008a38a86409ea881882aca697a68058b,3,WITHIN_DATASET,BG02_AgriVision,D:\AI_Agriculture_Dataset\RAW_DATASETS\Bottle_Gourd\BG02_AgriVision\Orginal_Dataset\Anthracnose\IMG-20241030-WA0084 (1).jpg || D:\AI_Agriculture_Dataset\RAW_DATASETS\Bottle_Gourd\BG02_AgriVision\Orginal_Dataset\Anthracnose\IMG-20241030-WA0084(1).jpg || D:\AI_Agriculture_Dataset\RAW_DATASETS\Bottle_Gourd\BG02_AgriVision\Orginal_Dataset\Anthracnose\IMG-20241030-WA0084.jpg
140,b75d8b70748ce73a2f421d57ded9d879b261d51520434a35f07ae5f276202600,2,WITHIN_DATASET,BG02_AgriVision,D:\AI_Agriculture_Dataset\RAW_DATASETS\Bottle_Gourd\BG02_AgriVision\Orginal_Dataset\Anthracnose\IMG-20241030-WA0085 (1).jpg || D:\AI_Agriculture_Dataset\RAW_DATASETS\Bottle_Gourd\BG02_AgriVision\Orginal_Dataset\Anthracnose\IMG-20241030-WA0085(1).jpg
141,c1162fd9ae8f035f76d777170b94baa3ab97592b723b5cd05e6d379c8093c91b,2,WITHIN_DATASET,BG02_AgriVision,D:\AI_Agriculture_Dataset\RAW_DATASETS\Bottle_Gourd\BG02_AgriVision\Orginal_Dataset\Anthracnose\IMG-20241030-WA0086 (1).jpg || D:\AI_Agriculture_Dataset\RAW_DATASETS\Bottle_Gourd\BG02_AgriVision\Orginal_Dataset\Anthracnose\IMG-20241030-WA0086(1).jpg
142,ce4614b99df45d976814b8232b009fa51b1c83cf282e59200efd8f08c4471129,3,WITHIN_DATASET,BG02_AgriVision,D:\AI_Agriculture_Dataset\RAW_DATASETS\Bottle_Gourd\BG02_AgriVision\Orginal_Dataset\Anthracnose\IMG-20241030-WA0097 (1).jpg || D:\AI_Agriculture_Dataset\RAW_DATASETS\Bottle_Gourd\BG02_AgriVision\Orginal_Dataset\Anthracnose\IMG-20241030-WA0097(1).jpg || D:\AI_Agriculture_Dataset\RAW_DATASETS\Bottle_Gourd\BG02_AgriVision\Orginal_Dataset\Anthracnose\IMG-20241030-WA0097.jpg
143,9c3abeff694a355659cbd9dc699c6fad841ae11b80123b71151fc5607033cc75,2,WITHIN_DATASET,BG02_AgriVision,D:\AI_Agriculture_Dataset\RAW_DATASETS\Bottle_Gourd\BG02_AgriVision\Orginal_Dataset\Anthracnose\IMG_5387.png || D:\AI_Agriculture_Dataset\RAW_DATASETS\Bottle_Gourd\BG02_AgriVision\Orginal_Dataset\Downy_Mildew\IMG_5387.png
144,492e2a2d5d84ee0350dfb56c5438d428519e84768311fa1b58a8820d6d22ba10,2,WITHIN_DATASET,BG02_AgriVision,D:\AI_Agriculture_Dataset\RAW_DATASETS\Bottle_Gourd\BG02_AgriVision\Orginal_Dataset\Downy_Mildew\1 (34)-Photoroom.png || D:\AI_Agriculture_Dataset\RAW_DATASETS\Bottle_Gourd\BG02_AgriVision\Orginal_Dataset\Downy_Mildew\_DSC6792-Photoroom.png
145,f485455859bcb35a515e7545e4dcbcaed6f3a6136fea1893cfbe72eaada3e44f,2,WITHIN_DATASET,BG02_AgriVision,D:\AI_Agriculture_Dataset\RAW_DATASETS\Bottle_Gourd\BG02_AgriVision\Orginal_Dataset\Downy_Mildew\1 (35)-Photoroom.png || D:\AI_Agriculture_Dataset\RAW_DATASETS\Bottle_Gourd\BG02_AgriVision\Orginal_Dataset\Downy_Mildew\_DSC6793-Photoroom.png
146,d8e08fe3df1b5902f79d77136f36b8753b79ebaaa84785f7f96d8089fa3da57d,2,WITHIN_DATASET,BG02_AgriVision,D:\AI_Agriculture_Dataset\RAW_DATASETS\Bottle_Gourd\BG02_AgriVision\Orginal_Dataset\Downy_Mildew\1 (36)-Photoroom.png || D:\AI_Agriculture_Dataset\RAW_DATASETS\Bottle_Gourd\BG02_AgriVision\Orginal_Dataset\Downy_Mildew\_DSC6794-Photoroom.png
147,fbfbb94b7169dcc8bac954ad55e66e5b3836dfc217630b065867169115b21be6,2,WITHIN_DATASET,BG02_AgriVision,D:\AI_Agriculture_Dataset\RAW_DATASETS\Bottle_Gourd\BG02_AgriVision\Orginal_Dataset\Downy_Mildew\1 (40)-Photoroom.png || D:\AI_Agriculture_Dataset\RAW_DATASETS\Bottle_Gourd\BG02_AgriVision\Orginal_Dataset\Downy_Mildew\_DSC6798-Photoroom.png
148,5613067339c71f00808764d0cd9df6950c22cc742f9cb8da2eaf959c6142178d,2,WITHIN_DATASET,BG02_AgriVision,D:\AI_Agriculture_Dataset\RAW_DATASETS\Bottle_Gourd\BG02_AgriVision\Orginal_Dataset\Downy_Mildew\1 (43)-Photoroom.png || D:\AI_Agriculture_Dataset\RAW_DATASETS\Bottle_Gourd\BG02_AgriVision\Orginal_Dataset\Downy_Mildew\_DSC6801-Photoroom.png
149,fb92949d8db93a5a7dc9f278e8aba0f830eff892a58da7062394a3cbb6352cf4,2,WITHIN_DATASET,BG02_AgriVision,D:\AI_Agriculture_Dataset\RAW_DATASETS\Bottle_Gourd\BG02_AgriVision\Orginal_Dataset\Downy_Mildew\1 (44)-Photoroom.png || D:\AI_Agriculture_Dataset\RAW_DATASETS\Bottle_Gourd\BG02_AgriVision\Orginal_Dataset\Downy_Mildew\_DSC6802-Photoroom.png
150,8e070eb958cdf291113fe9e5065d57261b901e9da2c86bffb25d2c7370422559,3,WITHIN_DATASET,BG02_AgriVision,D:\AI_Agriculture_Dataset\RAW_DATASETS\Bottle_Gourd\BG02_AgriVision\Orginal_Dataset\Downy_Mildew\IMG-20241030-WA0013 (1).jpg || D:\AI_Agriculture_Dataset\RAW_DATASETS\Bottle_Gourd\BG02_AgriVision\Orginal_Dataset\Downy_Mildew\IMG-20241030-WA0013(1).jpg || D:\AI_Agriculture_Dataset\RAW_DATASETS\Bottle_Gourd\BG02_AgriVision\Orginal_Dataset\Downy_Mildew\IMG-20241030-WA0013.jpg
151,83e120e400d3bf7524ec7ea3c6755bfea05542e04ae54a532a1782bd72386ea9,2,WITHIN_DATASET,BG02_AgriVision,D:\AI_Agriculture_Dataset\RAW_DATASETS\Bottle_Gourd\BG02_AgriVision\Orginal_Dataset\Early_Alternaria_Leaf_Blight\1 (30)-Photoroom.png || D:\AI_Agriculture_Dataset\RAW_DATASETS\Bottle_Gourd\BG02_AgriVision\Orginal_Dataset\Early_Alternaria_Leaf_Blight\_DSC6788-Photoroom.png
152,4eb0cb8604e6dc62ffef7cf31ec477cdd722f406b7c1b9b344ff4204f26fe24e,3,WITHIN_DATASET,BG02_AgriVision,D:\AI_Agriculture_Dataset\RAW_DATASETS\Bottle_Gourd\BG02_AgriVision\Orginal_Dataset\Early_Alternaria_Leaf_Blight\IMG-20241030-WA0014 (1).jpg || D:\AI_Agriculture_Dataset\RAW_DATASETS\Bottle_Gourd\BG02_AgriVision\Orginal_Dataset\Early_Alternaria_Leaf_Blight\IMG-20241030-WA0014(1).jpg || D:\AI_Agriculture_Dataset\RAW_DATASETS\Bottle_Gourd\BG02_AgriVision\Orginal_Dataset\Early_Alternaria_Leaf_Blight\IMG-20241030-WA0014.jpg
153,b315b10bf2a1714082818cdea8c22aae294027b8dbfd272b2b50e38e5262ead8,3,WITHIN_DATASET,BG02_AgriVision,D:\AI_Agriculture_Dataset\RAW_DATASETS\Bottle_Gourd\BG02_AgriVision\Orginal_Dataset\Early_Alternaria_Leaf_Blight\IMG-20241030-WA0020 (1).jpg || D:\AI_Agriculture_Dataset\RAW_DATASETS\Bottle_Gourd\BG02_AgriVision\Orginal_Dataset\Early_Alternaria_Leaf_Blight\IMG-20241030-WA0020(1).jpg || D:\AI_Agriculture_Dataset\RAW_DATASETS\Bottle_Gourd\BG02_AgriVision\Orginal_Dataset\Early_Alternaria_Leaf_Blight\IMG-20241030-WA0020.jpg
154,67877c1b39723ce97c0db9bd1e9dd7a7d8d3aaea4155ac5caef3637f2c723fb8,3,WITHIN_DATASET,BG02_AgriVision,D:\AI_Agriculture_Dataset\RAW_DATASETS\Bottle_Gourd\BG02_AgriVision\Orginal_Dataset\Early_Alternaria_Leaf_Blight\IMG-20241030-WA0033 (1).jpg || D:\AI_Agriculture_Dataset\RAW_DATASETS\Bottle_Gourd\BG02_AgriVision\Orginal_Dataset\Early_Alternaria_Leaf_Blight\IMG-20241030-WA0033(1).jpg || D:\AI_Agriculture_Dataset\RAW_DATASETS\Bottle_Gourd\BG02_AgriVision\Orginal_Dataset\Early_Alternaria_Leaf_Blight\IMG-20241030-WA0033.jpg
155,83003bde57b496b24a3c56d24e5251c2b3a66c8a428fef8587952a46176fff11,3,WITHIN_DATASET,BG02_AgriVision,D:\AI_Agriculture_Dataset\RAW_DATASETS\Bottle_Gourd\BG02_AgriVision\Orginal_Dataset\Early_Alternaria_Leaf_Blight\IMG-20241030-WA0040 (1).jpg || D:\AI_Agriculture_Dataset\RAW_DATASETS\Bottle_Gourd\BG02_AgriVision\Orginal_Dataset\Early_Alternaria_Leaf_Blight\IMG-20241030-WA0040(1).jpg || D:\AI_Agriculture_Dataset\RAW_DATASETS\Bottle_Gourd\BG02_AgriVision\Orginal_Dataset\Early_Alternaria_Leaf_Blight\IMG-20241030-WA0040.jpg
156,72196fb38e1f2bdc62401617f9a0296320bb6440471fdc0a8b06f081d440c21f,3,WITHIN_DATASET,BG02_AgriVision,D:\AI_Agriculture_Dataset\RAW_DATASETS\Bottle_Gourd\BG02_AgriVision\Orginal_Dataset\Early_Alternaria_Leaf_Blight\IMG-20241030-WA0053 (1).jpg || D:\AI_Agriculture_Dataset\RAW_DATASETS\Bottle_Gourd\BG02_AgriVision\Orginal_Dataset\Early_Alternaria_Leaf_Blight\IMG-20241030-WA0053(1).jpg || D:\AI_Agriculture_Dataset\RAW_DATASETS\Bottle_Gourd\BG02_AgriVision\Orginal_Dataset\Early_Alternaria_Leaf_Blight\IMG-20241030-WA0053.jpg
157,4a9b1562e4a31cec8583c6881fa57c7c02a4eb793bd93d423ad17850bff0106f,2,WITHIN_DATASET,BG02_AgriVision,D:\AI_Agriculture_Dataset\RAW_DATASETS\Bottle_Gourd\BG02_AgriVision\Orginal_Dataset\Early_Alternaria_Leaf_Blight\IMG-20241030-WA0054 (1).jpg || D:\AI_Agriculture_Dataset\RAW_DATASETS\Bottle_Gourd\BG02_AgriVision\Orginal_Dataset\Early_Alternaria_Leaf_Blight\IMG-20241030-WA0054(1).jpg
158,12f5586b55ee28f1527092f48d91c8d6f36db12583cc198f685b80a122531b0c,2,WITHIN_DATASET,BG02_AgriVision,D:\AI_Agriculture_Dataset\RAW_DATASETS\Bottle_Gourd\BG02_AgriVision\Orginal_Dataset\Early_Alternaria_Leaf_Blight\IMG-20241030-WA0056 (1).jpg || D:\AI_Agriculture_Dataset\RAW_DATASETS\Bottle_Gourd\BG02_AgriVision\Orginal_Dataset\Early_Alternaria_Leaf_Blight\IMG-20241030-WA0056(1).jpg
159,cfd875429dccae2096b59695a3d4dde628c99aa67f31b657af9cfd25638ed525,3,WITHIN_DATASET,BG02_AgriVision,D:\AI_Agriculture_Dataset\RAW_DATASETS\Bottle_Gourd\BG02_AgriVision\Orginal_Dataset\Early_Alternaria_Leaf_Blight\IMG-20241030-WA0063 (1).jpg || D:\AI_Agriculture_Dataset\RAW_DATASETS\Bottle_Gourd\BG02_AgriVision\Orginal_Dataset\Early_Alternaria_Leaf_Blight\IMG-20241030-WA0063(1).jpg || D:\AI_Agriculture_Dataset\RAW_DATASETS\Bottle_Gourd\BG02_AgriVision\Orginal_Dataset\Early_Alternaria_Leaf_Blight\IMG-20241030-WA0063.jpg
160,84e67533988a7b3e13c579b142d8cedfc7942f495a2507900b265a974c483c8e,3,WITHIN_DATASET,BG02_AgriVision,D:\AI_Agriculture_Dataset\RAW_DATASETS\Bottle_Gourd\BG02_AgriVision\Orginal_Dataset\Early_Alternaria_Leaf_Blight\IMG-20241030-WA0066 (1).jpg || D:\AI_Agriculture_Dataset\RAW_DATASETS\Bottle_Gourd\BG02_AgriVision\Orginal_Dataset\Early_Alternaria_Leaf_Blight\IMG-20241030-WA0066(1).jpg || D:\AI_Agriculture_Dataset\RAW_DATASETS\Bottle_Gourd\BG02_AgriVision\Orginal_Dataset\Early_Alternaria_Leaf_Blight\IMG-20241030-WA0066.jpg
161,917c1bb1e416571ff70025e628e3121b384764bd35e18742ec09cc39f7ff850c,2,WITHIN_DATASET,BG02_AgriVision,D:\AI_Agriculture_Dataset\RAW_DATASETS\Bottle_Gourd\BG02_AgriVision\Orginal_Dataset\Early_Alternaria_Leaf_Blight\IMG-20241030-WA0075 (1).jpg || D:\AI_Agriculture_Dataset\RAW_DATASETS\Bottle_Gourd\BG02_AgriVision\Orginal_Dataset\Early_Alternaria_Leaf_Blight\IMG-20241030-WA0075(1).jpg
162,a76d08dd326fa679e94d93b60d6cc03c40214eebcb3be5d74ea77a3620a4ef67,3,WITHIN_DATASET,BG02_AgriVision,D:\AI_Agriculture_Dataset\RAW_DATASETS\Bottle_Gourd\BG02_AgriVision\Orginal_Dataset\Early_Alternaria_Leaf_Blight\IMG-20241030-WA0093 (1).jpg || D:\AI_Agriculture_Dataset\RAW_DATASETS\Bottle_Gourd\BG02_AgriVision\Orginal_Dataset\Early_Alternaria_Leaf_Blight\IMG-20241030-WA0093(1).jpg || D:\AI_Agriculture_Dataset\RAW_DATASETS\Bottle_Gourd\BG02_AgriVision\Orginal_Dataset\Early_Alternaria_Leaf_Blight\IMG-20241030-WA0093.jpg
163,c6976ecf8f50824f762b596c658a5fb0769b8cd01ddde41c26f1dad67990a3cc,2,WITHIN_DATASET,BG02_AgriVision,D:\AI_Agriculture_Dataset\RAW_DATASETS\Bottle_Gourd\BG02_AgriVision\Orginal_Dataset\Fungal_Damage_Leaf\IMG-20241030-WA0072 (1).jpg || D:\AI_Agriculture_Dataset\RAW_DATASETS\Bottle_Gourd\BG02_AgriVision\Orginal_Dataset\Fungal_Damage_Leaf\IMG-20241030-WA0072(1).jpg
164,38fbfd144c0b1da093477d97a4a3d497482805e3ac5d1a29e95099462a103cf3,2,WITHIN_DATASET,BG02_AgriVision,D:\AI_Agriculture_Dataset\RAW_DATASETS\Bottle_Gourd\BG02_AgriVision\Orginal_Dataset\Healthy\1 (12)-Photoroom.png || D:\AI_Agriculture_Dataset\RAW_DATASETS\Bottle_Gourd\BG02_AgriVision\Orginal_Dataset\Healthy\_DSC6540-Photoroom.png
165,6e289b5efa5fb2c2e86136d2e5e40aed13023d39811a655b3b877f3fe5dac98d,2,WITHIN_DATASET,BG02_AgriVision,D:\AI_Agriculture_Dataset\RAW_DATASETS\Bottle_Gourd\BG02_AgriVision\Orginal_Dataset\Healthy\1 (13)-Photoroom.png || D:\AI_Agriculture_Dataset\RAW_DATASETS\Bottle_Gourd\BG02_AgriVision\Orginal_Dataset\Healthy\_DSC6541-Photoroom.png
166,51762a7a1f8f4536915d63fc8bbd887db0281339e5f4ee45e45912a7cc3bbdb8,2,WITHIN_DATASET,BG02_AgriVision,D:\AI_Agriculture_Dataset\RAW_DATASETS\Bottle_Gourd\BG02_AgriVision\Orginal_Dataset\Healthy\1 (16)-Photoroom.png || D:\AI_Agriculture_Dataset\RAW_DATASETS\Bottle_Gourd\BG02_AgriVision\Orginal_Dataset\Healthy\_DSC6544-Photoroom.png
167,5f96c9c89aece1f10237e87e87e4498b7dae51724c2ae8394901281c356887f3,2,WITHIN_DATASET,BG02_AgriVision,D:\AI_Agriculture_Dataset\RAW_DATASETS\Bottle_Gourd\BG02_AgriVision\Orginal_Dataset\Healthy\1 (17)-Photoroom.png || D:\AI_Agriculture_Dataset\RAW_DATASETS\Bottle_Gourd\BG02_AgriVision\Orginal_Dataset\Healthy\_DSC6545-Photoroom.png
168,f81f42acd1fe3beb1eb3cdafe4c976ca3f0b4a3878fe59f880e851a2cc4ee65d,2,WITHIN_DATASET,BG02_AgriVision,D:\AI_Agriculture_Dataset\RAW_DATASETS\Bottle_Gourd\BG02_AgriVision\Orginal_Dataset\Healthy\1 (18)-Photoroom.png || D:\AI_Agriculture_Dataset\RAW_DATASETS\Bottle_Gourd\BG02_AgriVision\Orginal_Dataset\Healthy\_DSC6546-Photoroom.png
169,0f54d846ff634e5dffd7a7e0eb2ee1528967e6b3acac3a8c2c27c37df0a6a5d9,2,WITHIN_DATASET,BG02_AgriVision,D:\AI_Agriculture_Dataset\RAW_DATASETS\Bottle_Gourd\BG02_AgriVision\Orginal_Dataset\Healthy\1 (21)-Photoroom.png || D:\AI_Agriculture_Dataset\RAW_DATASETS\Bottle_Gourd\BG02_AgriVision\Orginal_Dataset\Healthy\_DSC6549-Photoroom.png
170,7883fbddb8511044ccfd9b1675b8c6eefc9a77cfef4f4c1bab0469aa12702d7f,2,WITHIN_DATASET,BG02_AgriVision,D:\AI_Agriculture_Dataset\RAW_DATASETS\Bottle_Gourd\BG02_AgriVision\Orginal_Dataset\Healthy\1 (22)-Photoroom.png || D:\AI_Agriculture_Dataset\RAW_DATASETS\Bottle_Gourd\BG02_AgriVision\Orginal_Dataset\Healthy\_DSC6550-Photoroom.png
171,e7bab0f80672072bc090cf46e7da58b63fa58ae3330754e97f897415946bd581,2,WITHIN_DATASET,BG02_AgriVision,D:\AI_Agriculture_Dataset\RAW_DATASETS\Bottle_Gourd\BG02_AgriVision\Orginal_Dataset\Healthy\1 (25)-Photoroom.png || D:\AI_Agriculture_Dataset\RAW_DATASETS\Bottle_Gourd\BG02_AgriVision\Orginal_Dataset\Healthy\_DSC6553-Photoroom.png
172,a16abd273fa96fe3b81b1c4ac70daffc27ddb575ca8fdf1284e8a9de74002969,2,WITHIN_DATASET,BG02_AgriVision,D:\AI_Agriculture_Dataset\RAW_DATASETS\Bottle_Gourd\BG02_AgriVision\Orginal_Dataset\Healthy\1 (26)-Photoroom.png || D:\AI_Agriculture_Dataset\RAW_DATASETS\Bottle_Gourd\BG02_AgriVision\Orginal_Dataset\Healthy\_DSC6554-Photoroom.png
173,7122baaf89bc86a256890f9e76b9cf48cca3150c5517fe225fb344bf9ef0aafc,2,WITHIN_DATASET,BG02_AgriVision,D:\AI_Agriculture_Dataset\RAW_DATASETS\Bottle_Gourd\BG02_AgriVision\Orginal_Dataset\Healthy\1 (27)-Photoroom.png || D:\AI_Agriculture_Dataset\RAW_DATASETS\Bottle_Gourd\BG02_AgriVision\Orginal_Dataset\Healthy\_DSC6555-Photoroom.png
174,08f50dfffc9affda8a261d6843cd718c12a4b3cf18efab60e53fe02c45b33cd1,2,WITHIN_DATASET,BG02_AgriVision,D:\AI_Agriculture_Dataset\RAW_DATASETS\Bottle_Gourd\BG02_AgriVision\Orginal_Dataset\Healthy\1 (3)-Photoroom.png || D:\AI_Agriculture_Dataset\RAW_DATASETS\Bottle_Gourd\BG02_AgriVision\Orginal_Dataset\Healthy\_DSC6531-Photoroom.png
175,2d378fdc051d0d42a28a53395786325f6b28841cb6c90152111a179ce8615eff,2,WITHIN_DATASET,BG02_AgriVision,D:\AI_Agriculture_Dataset\RAW_DATASETS\Bottle_Gourd\BG02_AgriVision\Orginal_Dataset\Healthy\1 (4)-Photoroom.png || D:\AI_Agriculture_Dataset\RAW_DATASETS\Bottle_Gourd\BG02_AgriVision\Orginal_Dataset\Healthy\_DSC6532-Photoroom.png
176,bc268d2d8fb1fa62d51809091532e7f2a85e4f3b72b6c431e499defbf9f7b8f9,2,WITHIN_DATASET,BG02_AgriVision,D:\AI_Agriculture_Dataset\RAW_DATASETS\Bottle_Gourd\BG02_AgriVision\Orginal_Dataset\Healthy\1 (45)-Photoroom.png || D:\AI_Agriculture_Dataset\RAW_DATASETS\Bottle_Gourd\BG02_AgriVision\Orginal_Dataset\Healthy\_DSC6522-Photoroom.png
177,5779cea987736f219cba35a935512117212de7e22967849756fed6455c287c82,2,WITHIN_DATASET,BG02_AgriVision,D:\AI_Agriculture_Dataset\RAW_DATASETS\Bottle_Gourd\BG02_AgriVision\Orginal_Dataset\Healthy\1 (8)-Photoroom.png || D:\AI_Agriculture_Dataset\RAW_DATASETS\Bottle_Gourd\BG02_AgriVision\Orginal_Dataset\Healthy\_DSC6536-Photoroom.png
178,6d4ce5135f515e15ebf7350e697d4517b9dd0f7cdf2548afc6b78705cb5cac0b,2,WITHIN_DATASET,BG02_AgriVision,D:\AI_Agriculture_Dataset\RAW_DATASETS\Bottle_Gourd\BG02_AgriVision\Orginal_Dataset\Healthy\1 (9)-Photoroom.png || D:\AI_Agriculture_Dataset\RAW_DATASETS\Bottle_Gourd\BG02_AgriVision\Orginal_Dataset\Healthy\_DSC6537-Photoroom.png
179,cd8e58950126374abd233a29d957bd8acc6d8b0bcc115954159df959ba3122bf,2,WITHIN_DATASET,BG02_AgriVision,D:\AI_Agriculture_Dataset\RAW_DATASETS\Bottle_Gourd\BG02_AgriVision\Orginal_Dataset\Mosaic_Virus\IMG-20241030-WA0003 (1).jpg || D:\AI_Agriculture_Dataset\RAW_DATASETS\Bottle_Gourd\BG02_AgriVision\Orginal_Dataset\Mosaic_Virus\IMG-20241030-WA0003.jpg
180,a9d68f78afcbc4a7d21dc34c8edaad8274ff6b6f777101920c1b1a1796d3c84a,2,WITHIN_DATASET,BG02_AgriVision,D:\AI_Agriculture_Dataset\RAW_DATASETS\Bottle_Gourd\BG02_AgriVision\Orginal_Dataset\Mosaic_Virus\IMG-20241030-WA0008 (1).jpg || D:\AI_Agriculture_Dataset\RAW_DATASETS\Bottle_Gourd\BG02_AgriVision\Orginal_Dataset\Mosaic_Virus\IMG-20241030-WA0008(1).jpg
181,ce935b113a75eb6790a4406fe58b6d402ddfe7f267ff3d13200bf539d4fd5025,2,WITHIN_DATASET,BG02_AgriVision,D:\AI_Agriculture_Dataset\RAW_DATASETS\Bottle_Gourd\BG02_AgriVision\Orginal_Dataset\Mosaic_Virus\IMG-20241030-WA0010 (1).jpg || D:\AI_Agriculture_Dataset\RAW_DATASETS\Bottle_Gourd\BG02_AgriVision\Orginal_Dataset\Mosaic_Virus\IMG-20241030-WA0010.jpg
182,6210e763af277523bc647076ff5cd146d99b80da9f3917a75da6a5d3224cd4c2,3,WITHIN_DATASET,BG02_AgriVision,D:\AI_Agriculture_Dataset\RAW_DATASETS\Bottle_Gourd\BG02_AgriVision\Orginal_Dataset\Mosaic_Virus\IMG-20241030-WA0019 (1).jpg || D:\AI_Agriculture_Dataset\RAW_DATASETS\Bottle_Gourd\BG02_AgriVision\Orginal_Dataset\Mosaic_Virus\IMG-20241030-WA0019(1).jpg || D:\AI_Agriculture_Dataset\RAW_DATASETS\Bottle_Gourd\BG02_AgriVision\Orginal_Dataset\Mosaic_Virus\IMG-20241030-WA0019.jpg
183,e583aff39afacef6c94b88d6662ad875f92e11178259965363824c7c75abfac6,2,WITHIN_DATASET,BG02_AgriVision,D:\AI_Agriculture_Dataset\RAW_DATASETS\Bottle_Gourd\BG02_AgriVision\Orginal_Dataset\Mosaic_Virus\IMG-20241030-WA0031 (1).jpg || D:\AI_Agriculture_Dataset\RAW_DATASETS\Bottle_Gourd\BG02_AgriVision\Orginal_Dataset\Mosaic_Virus\IMG-20241030-WA0031(1).jpg
184,fbcc49f47d3935ba911df45e4763a587b9ffabd7f162785e83a8f55de6a1209d,3,WITHIN_DATASET,BG02_AgriVision,D:\AI_Agriculture_Dataset\RAW_DATASETS\Bottle_Gourd\BG02_AgriVision\Orginal_Dataset\Mosaic_Virus\IMG-20241030-WA0035 (1).jpg || D:\AI_Agriculture_Dataset\RAW_DATASETS\Bottle_Gourd\BG02_AgriVision\Orginal_Dataset\Mosaic_Virus\IMG-20241030-WA0035(1).jpg || D:\AI_Agriculture_Dataset\RAW_DATASETS\Bottle_Gourd\BG02_AgriVision\Orginal_Dataset\Mosaic_Virus\IMG-20241030-WA0035.jpg
185,54dab6cdf991b052365e5dcb4a4e6e537ab4bf0db74ba672a63c8a8e18e8200c,3,WITHIN_DATASET,BG02_AgriVision,D:\AI_Agriculture_Dataset\RAW_DATASETS\Bottle_Gourd\BG02_AgriVision\Orginal_Dataset\Mosaic_Virus\IMG-20241030-WA0059 (1).jpg || D:\AI_Agriculture_Dataset\RAW_DATASETS\Bottle_Gourd\BG02_AgriVision\Orginal_Dataset\Mosaic_Virus\IMG-20241030-WA0059(1).jpg || D:\AI_Agriculture_Dataset\RAW_DATASETS\Bottle_Gourd\BG02_AgriVision\Orginal_Dataset\Mosaic_Virus\IMG-20241030-WA0059.jpg
186,e242fe49d69c98b4114823e43a193802aca4944a96a41b541f1ce9b5a8efc379,3,WITHIN_DATASET,BG02_AgriVision,D:\AI_Agriculture_Dataset\RAW_DATASETS\Bottle_Gourd\BG02_AgriVision\Orginal_Dataset\Mosaic_Virus\IMG-20241030-WA0060 (1).jpg || D:\AI_Agriculture_Dataset\RAW_DATASETS\Bottle_Gourd\BG02_AgriVision\Orginal_Dataset\Mosaic_Virus\IMG-20241030-WA0060(1).jpg || D:\AI_Agriculture_Dataset\RAW_DATASETS\Bottle_Gourd\BG02_AgriVision\Orginal_Dataset\Mosaic_Virus\IMG-20241030-WA0060.jpg
187,71980deb09f149b8973e06ba4c2164cf039dada87f8ea67b1d77ea0e21d5dd61,3,WITHIN_DATASET,BG02_AgriVision,D:\AI_Agriculture_Dataset\RAW_DATASETS\Bottle_Gourd\BG02_AgriVision\Orginal_Dataset\Mosaic_Virus\IMG-20241030-WA0076 (1).jpg || D:\AI_Agriculture_Dataset\RAW_DATASETS\Bottle_Gourd\BG02_AgriVision\Orginal_Dataset\Mosaic_Virus\IMG-20241030-WA0076(1).jpg || D:\AI_Agriculture_Dataset\RAW_DATASETS\Bottle_Gourd\BG02_AgriVision\Orginal_Dataset\Mosaic_Virus\IMG-20241030-WA0076.jpg
188,477f7cc6511b39ba82b85c41faed930bf0b14b09e092d51d63cf5b462369d539,3,WITHIN_DATASET,BG02_AgriVision,D:\AI_Agriculture_Dataset\RAW_DATASETS\Bottle_Gourd\BG02_AgriVision\Orginal_Dataset\Mosaic_Virus\IMG-20241030-WA0081 (1).jpg || D:\AI_Agriculture_Dataset\RAW_DATASETS\Bottle_Gourd\BG02_AgriVision\Orginal_Dataset\Mosaic_Virus\IMG-20241030-WA0081(1).jpg || D:\AI_Agriculture_Dataset\RAW_DATASETS\Bottle_Gourd\BG02_AgriVision\Orginal_Dataset\Mosaic_Virus\IMG-20241030-WA0081.jpg
189,64de48e41d1f0d5f623f4592f91613b909c5d2b54b71ac76ee71dba2b57c7aa2,3,WITHIN_DATASET,BG02_AgriVision,D:\AI_Agriculture_Dataset\RAW_DATASETS\Bottle_Gourd\BG02_AgriVision\Orginal_Dataset\Mosaic_Virus\IMG-20241030-WA0094 (1).jpg || D:\AI_Agriculture_Dataset\RAW_DATASETS\Bottle_Gourd\BG02_AgriVision\Orginal_Dataset\Mosaic_Virus\IMG-20241030-WA0094(1).jpg || D:\AI_Agriculture_Dataset\RAW_DATASETS\Bottle_Gourd\BG02_AgriVision\Orginal_Dataset\Mosaic_Virus\IMG-20241030-WA0094.jpg
190,9c72439f9f11df971f8bc3ed67811c905811cdebd2c6dce14fd7acc11defa56e,2,WITHIN_DATASET,BG02_AgriVision,D:\AI_Agriculture_Dataset\RAW_DATASETS\Bottle_Gourd\BG02_AgriVision\Update_Aug_Dataset\Aug_Batol_Gourd\Alternaria_Leaf_Blight\aug_Alternaria_Leaf_Blight_203.jpg || D:\AI_Agriculture_Dataset\RAW_DATASETS\Bottle_Gourd\BG02_AgriVision\Update_Aug_Dataset\Aug_Batol_Gourd\Alternaria_Leaf_Blight\aug_Alternaria_Leaf_Blight_545.jpg
191,a4658ef288fa234450e0362cdb08739d144399dc1b8bb5793b75723222171be7,2,WITHIN_DATASET,BG02_AgriVision,D:\AI_Agriculture_Dataset\RAW_DATASETS\Bottle_Gourd\BG02_AgriVision\Update_Aug_Dataset\Aug_Batol_Gourd\Alternaria_Leaf_Blight\aug_Alternaria_Leaf_Blight_289.jpg || D:\AI_Agriculture_Dataset\RAW_DATASETS\Bottle_Gourd\BG02_AgriVision\Update_Aug_Dataset\Aug_Batol_Gourd\Alternaria_Leaf_Blight\aug_Alternaria_Leaf_Blight_364.jpg
192,f98c991008c34b18452b23adc974b9d31470b44ec2c81a6c149b6b11b31c09eb,2,WITHIN_DATASET,BG02_AgriVision,D:\AI_Agriculture_Dataset\RAW_DATASETS\Bottle_Gourd\BG02_AgriVision\Update_Aug_Dataset\Aug_Batol_Gourd\Alternaria_Leaf_Blight\aug_Alternaria_Leaf_Blight_302.jpg || D:\AI_Agriculture_Dataset\RAW_DATASETS\Bottle_Gourd\BG02_AgriVision\Update_Aug_Dataset\Aug_Batol_Gourd\Alternaria_Leaf_Blight\aug_Alternaria_Leaf_Blight_640.jpg
193,6abb54d4f717a6041407a1f1c1ec1ad6a585adf67807e9ec177a33e29f126c80,2,WITHIN_DATASET,BG02_AgriVision,D:\AI_Agriculture_Dataset\RAW_DATASETS\Bottle_Gourd\BG02_AgriVision\Update_Aug_Dataset\Aug_Batol_Gourd\Alternaria_Leaf_Blight\aug_Alternaria_Leaf_Blight_422.jpg || D:\AI_Agriculture_Dataset\RAW_DATASETS\Bottle_Gourd\BG02_AgriVision\Update_Aug_Dataset\Aug_Batol_Gourd\Alternaria_Leaf_Blight\aug_Alternaria_Leaf_Blight_425.jpg
194,0ae7754bfa83a96963fec39b78d298186973dcd53874ef490b9da8341ea0e9ee,2,WITHIN_DATASET,BG02_AgriVision,D:\AI_Agriculture_Dataset\RAW_DATASETS\Bottle_Gourd\BG02_AgriVision\Update_Aug_Dataset\Aug_Batol_Gourd\Alternaria_Leaf_Blight\aug_Alternaria_Leaf_Blight_484.jpg || D:\AI_Agriculture_Dataset\RAW_DATASETS\Bottle_Gourd\BG02_AgriVision\Update_Aug_Dataset\Aug_Batol_Gourd\Alternaria_Leaf_Blight\aug_Alternaria_Leaf_Blight_52.jpg
195,11d01fdae0a850ad8b28335aacdf36ab9f9d42acc6ab0151ae30083a27150f67,2,WITHIN_DATASET,BG02_AgriVision,D:\AI_Agriculture_Dataset\RAW_DATASETS\Bottle_Gourd\BG02_AgriVision\Update_Aug_Dataset\Aug_Batol_Gourd\Anthracnose\aug_Anthracnose_116.jpg || D:\AI_Agriculture_Dataset\RAW_DATASETS\Bottle_Gourd\BG02_AgriVision\Update_Aug_Dataset\Aug_Batol_Gourd\Anthracnose\aug_Anthracnose_300.jpg
196,461e9fc9a22189b948bf699c2ab639e2f5ca927895a89a024deb60d524175697,2,WITHIN_DATASET,BG02_AgriVision,D:\AI_Agriculture_Dataset\RAW_DATASETS\Bottle_Gourd\BG02_AgriVision\Update_Aug_Dataset\Aug_Batol_Gourd\Anthracnose\aug_Anthracnose_207.jpg || D:\AI_Agriculture_Dataset\RAW_DATASETS\Bottle_Gourd\BG02_AgriVision\Update_Aug_Dataset\Aug_Batol_Gourd\Anthracnose\aug_Anthracnose_446.jpg
197,7591de6e1c3a1ffebabb4ddd687293d4e4840c1b094d4cf28c97085f15e05801,2,WITHIN_DATASET,BG02_AgriVision,D:\AI_Agriculture_Dataset\RAW_DATASETS\Bottle_Gourd\BG02_AgriVision\Update_Aug_Dataset\Aug_Batol_Gourd\Downy_Mildew\aug_Downy_Mildew_14.jpg || D:\AI_Agriculture_Dataset\RAW_DATASETS\Bottle_Gourd\BG02_AgriVision\Update_Aug_Dataset\Aug_Batol_Gourd\Downy_Mildew\aug_Downy_Mildew_332.jpg
198,dccd3e1a5553cf23cd0bc91d26478c1ec04db661d46e64073417103eca2fcb4d,2,WITHIN_DATASET,BG02_AgriVision,D:\AI_Agriculture_Dataset\RAW_DATASETS\Bottle_Gourd\BG02_AgriVision\Update_Aug_Dataset\Aug_Batol_Gourd\Downy_Mildew\aug_Downy_Mildew_617.jpg || D:\AI_Agriculture_Dataset\RAW_DATASETS\Bottle_Gourd\BG02_AgriVision\Update_Aug_Dataset\Aug_Batol_Gourd\Downy_Mildew\aug_Downy_Mildew_676.jpg
199,089e545146873c8a804c1666c7763aa6b7429a519e37a2637114613b17c8e16e,2,WITHIN_DATASET,BG02_AgriVision,D:\AI_Agriculture_Dataset\RAW_DATASETS\Bottle_Gourd\BG02_AgriVision\Update_Aug_Dataset\Aug_Batol_Gourd\Downy_Mildew\aug_Downy_Mildew_711.jpg || D:\AI_Agriculture_Dataset\RAW_DATASETS\Bottle_Gourd\BG02_AgriVision\Update_Aug_Dataset\Aug_Batol_Gourd\Downy_Mildew\aug_Downy_Mildew_88.jpg
200,c4022a42d44e8ef594ca620e3e3217850b2b3815d9b790320db6d2bbcb185269,2,WITHIN_DATASET,BG02_AgriVision,D:\AI_Agriculture_Dataset\RAW_DATASETS\Bottle_Gourd\BG02_AgriVision\Update_Aug_Dataset\Aug_Batol_Gourd\Early_Alternaria_Leaf_Blight\aug_Early_Alternaria_Leaf_Blight_124.jpg || D:\AI_Agriculture_Dataset\RAW_DATASETS\Bottle_Gourd\BG02_AgriVision\Update_Aug_Dataset\Aug_Batol_Gourd\Early_Alternaria_Leaf_Blight\aug_Early_Alternaria_Leaf_Blight_169.jpg
201,686d5bdb070c502c7092bc577b9ae7973fd5898d1b85d1b80fd732f9941cfb2c,2,WITHIN_DATASET,BG02_AgriVision,D:\AI_Agriculture_Dataset\RAW_DATASETS\Bottle_Gourd\BG02_AgriVision\Update_Aug_Dataset\Aug_Batol_Gourd\Early_Alternaria_Leaf_Blight\aug_Early_Alternaria_Leaf_Blight_195.jpg || D:\AI_Agriculture_Dataset\RAW_DATASETS\Bottle_Gourd\BG02_AgriVision\Update_Aug_Dataset\Aug_Batol_Gourd\Early_Alternaria_Leaf_Blight\aug_Early_Alternaria_Leaf_Blight_71.jpg
202,5a379e17c01648d23bb944561b29f1d8e7e06d44d9ca2323ff4e4009f7efa917,2,WITHIN_DATASET,BG02_AgriVision,D:\AI_Agriculture_Dataset\RAW_DATASETS\Bottle_Gourd\BG02_AgriVision\Update_Aug_Dataset\Aug_Batol_Gourd\Early_Alternaria_Leaf_Blight\aug_Early_Alternaria_Leaf_Blight_25.jpg || D:\AI_Agriculture_Dataset\RAW_DATASETS\Bottle_Gourd\BG02_AgriVision\Update_Aug_Dataset\Aug_Batol_Gourd\Early_Alternaria_Leaf_Blight\aug_Early_Alternaria_Leaf_Blight_684.jpg
203,cf49eae0dbc761008da28554371321bbe35ed357dc83a08591c9d450dc8dc661,2,WITHIN_DATASET,BG02_AgriVision,D:\AI_Agriculture_Dataset\RAW_DATASETS\Bottle_Gourd\BG02_AgriVision\Update_Aug_Dataset\Aug_Batol_Gourd\Early_Alternaria_Leaf_Blight\aug_Early_Alternaria_Leaf_Blight_273.jpg || D:\AI_Agriculture_Dataset\RAW_DATASETS\Bottle_Gourd\BG02_AgriVision\Update_Aug_Dataset\Aug_Batol_Gourd\Early_Alternaria_Leaf_Blight\aug_Early_Alternaria_Leaf_Blight_72.jpg
204,d1464b4e9a8bf3816146adf629402ddafd6a7c652e1b1d0a11d5284ee3c8e2ca,2,WITHIN_DATASET,BG02_AgriVision,D:\AI_Agriculture_Dataset\RAW_DATASETS\Bottle_Gourd\BG02_AgriVision\Update_Aug_Dataset\Aug_Batol_Gourd\Early_Alternaria_Leaf_Blight\aug_Early_Alternaria_Leaf_Blight_328.jpg || D:\AI_Agriculture_Dataset\RAW_DATASETS\Bottle_Gourd\BG02_AgriVision\Update_Aug_Dataset\Aug_Batol_Gourd\Early_Alternaria_Leaf_Blight\aug_Early_Alternaria_Leaf_Blight_428.jpg
205,7767ebcfe0fe89b414e8f8b7939c6d832bc0b2a45e83a7b24f1710ab6f5aca8c,3,WITHIN_DATASET,BG02_AgriVision,D:\AI_Agriculture_Dataset\RAW_DATASETS\Bottle_Gourd\BG02_AgriVision\Update_Aug_Dataset\Aug_Batol_Gourd\Early_Alternaria_Leaf_Blight\aug_Early_Alternaria_Leaf_Blight_409.jpg || D:\AI_Agriculture_Dataset\RAW_DATASETS\Bottle_Gourd\BG02_AgriVision\Update_Aug_Dataset\Aug_Batol_Gourd\Early_Alternaria_Leaf_Blight\aug_Early_Alternaria_Leaf_Blight_426.jpg || D:\AI_Agriculture_Dataset\RAW_DATASETS\Bottle_Gourd\BG02_AgriVision\Update_Aug_Dataset\Aug_Batol_Gourd\Early_Alternaria_Leaf_Blight\aug_Early_Alternaria_Leaf_Blight_664.jpg
206,93db310735e8cca09983d8c75aefdbdaceb4a57945b7a1f327b1f30483bbc930,2,WITHIN_DATASET,BG02_AgriVision,D:\AI_Agriculture_Dataset\RAW_DATASETS\Bottle_Gourd\BG02_AgriVision\Update_Aug_Dataset\Aug_Batol_Gourd\Early_Alternaria_Leaf_Blight\aug_Early_Alternaria_Leaf_Blight_418.jpg || D:\AI_Agriculture_Dataset\RAW_DATASETS\Bottle_Gourd\BG02_AgriVision\Update_Aug_Dataset\Aug_Batol_Gourd\Early_Alternaria_Leaf_Blight\aug_Early_Alternaria_Leaf_Blight_757.jpg
207,8a86752968faae364e2908fb5579a485cfb28e7b83c9934faae1874690283b36,2,WITHIN_DATASET,BG02_AgriVision,D:\AI_Agriculture_Dataset\RAW_DATASETS\Bottle_Gourd\BG02_AgriVision\Update_Aug_Dataset\Aug_Batol_Gourd\Fungal_Damage_Leaf\aug_Fungal_Damage_Leaf_130.jpg || D:\AI_Agriculture_Dataset\RAW_DATASETS\Bottle_Gourd\BG02_AgriVision\Update_Aug_Dataset\Aug_Batol_Gourd\Fungal_Damage_Leaf\aug_Fungal_Damage_Leaf_772.jpg
208,596a1d90493457a29c7873a717fb70f646e2f6ade059de7bd46b9b7d8df45d34,2,WITHIN_DATASET,BG02_AgriVision,D:\AI_Agriculture_Dataset\RAW_DATASETS\Bottle_Gourd\BG02_AgriVision\Update_Aug_Dataset\Aug_Batol_Gourd\Fungal_Damage_Leaf\aug_Fungal_Damage_Leaf_134.jpg || D:\AI_Agriculture_Dataset\RAW_DATASETS\Bottle_Gourd\BG02_AgriVision\Update_Aug_Dataset\Aug_Batol_Gourd\Fungal_Damage_Leaf\aug_Fungal_Damage_Leaf_140.jpg
209,b6a3fd7edf54635dd1022882853023459c8253cf9ade2683330e7214371a6417,2,WITHIN_DATASET,BG02_AgriVision,D:\AI_Agriculture_Dataset\RAW_DATASETS\Bottle_Gourd\BG02_AgriVision\Update_Aug_Dataset\Aug_Batol_Gourd\Fungal_Damage_Leaf\aug_Fungal_Damage_Leaf_177.jpg || D:\AI_Agriculture_Dataset\RAW_DATASETS\Bottle_Gourd\BG02_AgriVision\Update_Aug_Dataset\Aug_Batol_Gourd\Fungal_Damage_Leaf\aug_Fungal_Damage_Leaf_459.jpg
210,25101d266260146056b5962ce1c3b33404b30b1d97bd0e0400b7b38922a7a5f0,2,WITHIN_DATASET,BG02_AgriVision,D:\AI_Agriculture_Dataset\RAW_DATASETS\Bottle_Gourd\BG02_AgriVision\Update_Aug_Dataset\Aug_Batol_Gourd\Fungal_Damage_Leaf\aug_Fungal_Damage_Leaf_196.jpg || D:\AI_Agriculture_Dataset\RAW_DATASETS\Bottle_Gourd\BG02_AgriVision\Update_Aug_Dataset\Aug_Batol_Gourd\Fungal_Damage_Leaf\aug_Fungal_Damage_Leaf_540.jpg
211,c3d87ca6d62f5d0b107f7393deb8c41ddb5b3cf30b9556a0da2a4ee768c00137,3,WITHIN_DATASET,BG02_AgriVision,D:\AI_Agriculture_Dataset\RAW_DATASETS\Bottle_Gourd\BG02_AgriVision\Update_Aug_Dataset\Aug_Batol_Gourd\Fungal_Damage_Leaf\aug_Fungal_Damage_Leaf_207.jpg || D:\AI_Agriculture_Dataset\RAW_DATASETS\Bottle_Gourd\BG02_AgriVision\Update_Aug_Dataset\Aug_Batol_Gourd\Fungal_Damage_Leaf\aug_Fungal_Damage_Leaf_330.jpg || D:\AI_Agriculture_Dataset\RAW_DATASETS\Bottle_Gourd\BG02_AgriVision\Update_Aug_Dataset\Aug_Batol_Gourd\Fungal_Damage_Leaf\aug_Fungal_Damage_Leaf_600.jpg
212,7634dba3ee5bf6e2f581b08bdac35fe6c944245eb9def507592b192de74c09cd,2,WITHIN_DATASET,BG02_AgriVision,D:\AI_Agriculture_Dataset\RAW_DATASETS\Bottle_Gourd\BG02_AgriVision\Update_Aug_Dataset\Aug_Batol_Gourd\Fungal_Damage_Leaf\aug_Fungal_Damage_Leaf_213.jpg || D:\AI_Agriculture_Dataset\RAW_DATASETS\Bottle_Gourd\BG02_AgriVision\Update_Aug_Dataset\Aug_Batol_Gourd\Fungal_Damage_Leaf\aug_Fungal_Damage_Leaf_450.jpg
213,4c72c296af76c52ecf95c5e422e0b4ca425d2684bc0cc1783b754c43b8f7931b,2,WITHIN_DATASET,BG02_AgriVision,D:\AI_Agriculture_Dataset\RAW_DATASETS\Bottle_Gourd\BG02_AgriVision\Update_Aug_Dataset\Aug_Batol_Gourd\Fungal_Damage_Leaf\aug_Fungal_Damage_Leaf_223.jpg || D:\AI_Agriculture_Dataset\RAW_DATASETS\Bottle_Gourd\BG02_AgriVision\Update_Aug_Dataset\Aug_Batol_Gourd\Fungal_Damage_Leaf\aug_Fungal_Damage_Leaf_644.jpg
214,b1b4ab00fe211debdbcbd88f218a80a45840f457461e8410700361f82209287d,2,WITHIN_DATASET,BG02_AgriVision,D:\AI_Agriculture_Dataset\RAW_DATASETS\Bottle_Gourd\BG02_AgriVision\Update_Aug_Dataset\Aug_Batol_Gourd\Fungal_Damage_Leaf\aug_Fungal_Damage_Leaf_280.jpg || D:\AI_Agriculture_Dataset\RAW_DATASETS\Bottle_Gourd\BG02_AgriVision\Update_Aug_Dataset\Aug_Batol_Gourd\Fungal_Damage_Leaf\aug_Fungal_Damage_Leaf_931.jpg
215,e6ffdf38ba563134e0e391c15a6bc73b4ac79d7e934c051820480c9d84c4e2e5,2,WITHIN_DATASET,BG02_AgriVision,D:\AI_Agriculture_Dataset\RAW_DATASETS\Bottle_Gourd\BG02_AgriVision\Update_Aug_Dataset\Aug_Batol_Gourd\Fungal_Damage_Leaf\aug_Fungal_Damage_Leaf_383.jpg || D:\AI_Agriculture_Dataset\RAW_DATASETS\Bottle_Gourd\BG02_AgriVision\Update_Aug_Dataset\Aug_Batol_Gourd\Fungal_Damage_Leaf\aug_Fungal_Damage_Leaf_732.jpg
216,a2ab508c5728e262234c954b0867daf7beeadbae98c2614bc82713923e991d3b,4,WITHIN_DATASET,BG02_AgriVision,D:\AI_Agriculture_Dataset\RAW_DATASETS\Bottle_Gourd\BG02_AgriVision\Update_Aug_Dataset\Aug_Batol_Gourd\Fungal_Damage_Leaf\aug_Fungal_Damage_Leaf_387.jpg || D:\AI_Agriculture_Dataset\RAW_DATASETS\Bottle_Gourd\BG02_AgriVision\Update_Aug_Dataset\Aug_Batol_Gourd\Fungal_Damage_Leaf\aug_Fungal_Damage_Leaf_65.jpg || D:\AI_Agriculture_Dataset\RAW_DATASETS\Bottle_Gourd\BG02_AgriVision\Update_Aug_Dataset\Aug_Batol_Gourd\Fungal_Damage_Leaf\aug_Fungal_Damage_Leaf_78.jpg || D:\AI_Agriculture_Dataset\RAW_DATASETS\Bottle_Gourd\BG02_AgriVision\Update_Aug_Dataset\Aug_Batol_Gourd\Fungal_Damage_Leaf\aug_Fungal_Damage_Leaf_894.jpg
217,e78f326ede9b90dd6d9585a393ecd4ac55b92911d6f6661b0223e5acd5064d8a,2,WITHIN_DATASET,BG02_AgriVision,D:\AI_Agriculture_Dataset\RAW_DATASETS\Bottle_Gourd\BG02_AgriVision\Update_Aug_Dataset\Aug_Batol_Gourd\Fungal_Damage_Leaf\aug_Fungal_Damage_Leaf_446.jpg || D:\AI_Agriculture_Dataset\RAW_DATASETS\Bottle_Gourd\BG02_AgriVision\Update_Aug_Dataset\Aug_Batol_Gourd\Fungal_Damage_Leaf\aug_Fungal_Damage_Leaf_802.jpg
218,9f3eb695ad00c753eb7466ce778244aa34fe874200192f1f62529b409f8479d8,2,WITHIN_DATASET,BG02_AgriVision,D:\AI_Agriculture_Dataset\RAW_DATASETS\Bottle_Gourd\BG02_AgriVision\Update_Aug_Dataset\Aug_Batol_Gourd\Fungal_Damage_Leaf\aug_Fungal_Damage_Leaf_47.jpg || D:\AI_Agriculture_Dataset\RAW_DATASETS\Bottle_Gourd\BG02_AgriVision\Update_Aug_Dataset\Aug_Batol_Gourd\Fungal_Damage_Leaf\aug_Fungal_Damage_Leaf_596.jpg
219,8f55ebd73e32e8346902dfddace72464e58625a712dd67dcfdf2b1c2cf66e279,2,WITHIN_DATASET,BG02_AgriVision,D:\AI_Agriculture_Dataset\RAW_DATASETS\Bottle_Gourd\BG02_AgriVision\Update_Aug_Dataset\Aug_Batol_Gourd\Fungal_Damage_Leaf\aug_Fungal_Damage_Leaf_487.jpg || D:\AI_Agriculture_Dataset\RAW_DATASETS\Bottle_Gourd\BG02_AgriVision\Update_Aug_Dataset\Aug_Batol_Gourd\Fungal_Damage_Leaf\aug_Fungal_Damage_Leaf_857.jpg
220,50676bd11e765ea5122e2df0ac1ac941ccc9fc53de067c8652a3a65a455c45e1,2,WITHIN_DATASET,BG02_AgriVision,D:\AI_Agriculture_Dataset\RAW_DATASETS\Bottle_Gourd\BG02_AgriVision\Update_Aug_Dataset\Aug_Batol_Gourd\Fungal_Damage_Leaf\aug_Fungal_Damage_Leaf_589.jpg || D:\AI_Agriculture_Dataset\RAW_DATASETS\Bottle_Gourd\BG02_AgriVision\Update_Aug_Dataset\Aug_Batol_Gourd\Fungal_Damage_Leaf\aug_Fungal_Damage_Leaf_784.jpg
221,8b6b5aeabd1ee6c2317c828a4a10a170d5d8b52eb7fa567984d8c3e0896906cb,2,WITHIN_DATASET,BG02_AgriVision,D:\AI_Agriculture_Dataset\RAW_DATASETS\Bottle_Gourd\BG02_AgriVision\Update_Aug_Dataset\Aug_Batol_Gourd\Fungal_Damage_Leaf\aug_Fungal_Damage_Leaf_684.jpg || D:\AI_Agriculture_Dataset\RAW_DATASETS\Bottle_Gourd\BG02_AgriVision\Update_Aug_Dataset\Aug_Batol_Gourd\Fungal_Damage_Leaf\aug_Fungal_Damage_Leaf_714.jpg
222,4234ef679cd7ccf2c8891ba81b55497387e7eccf69d0b9d6e94109347fce235e,2,WITHIN_DATASET,BG02_AgriVision,D:\AI_Agriculture_Dataset\RAW_DATASETS\Bottle_Gourd\BG02_AgriVision\Update_Aug_Dataset\Aug_Batol_Gourd\Fungal_Damage_Leaf\aug_Fungal_Damage_Leaf_838.jpg || D:\AI_Agriculture_Dataset\RAW_DATASETS\Bottle_Gourd\BG02_AgriVision\Update_Aug_Dataset\Aug_Batol_Gourd\Fungal_Damage_Leaf\aug_Fungal_Damage_Leaf_89.jpg
223,815d0ede8565261edff4c5737abe5707e7a8ccfaa8a520a31f5434e4cada7025,2,WITHIN_DATASET,BG02_AgriVision,D:\AI_Agriculture_Dataset\RAW_DATASETS\Bottle_Gourd\BG02_AgriVision\Update_Aug_Dataset\Aug_Batol_Gourd\Fungal_Damage_Leaf\aug_Fungal_Damage_Leaf_897.jpg || D:\AI_Agriculture_Dataset\RAW_DATASETS\Bottle_Gourd\BG02_AgriVision\Update_Aug_Dataset\Aug_Batol_Gourd\Fungal_Damage_Leaf\aug_Fungal_Damage_Leaf_928.jpg
224,6b690cb696a60670886bb9ddee5873870df58bbe46a6e1cc4e70bed10ea87f41,3,WITHIN_DATASET,BG02_AgriVision,D:\AI_Agriculture_Dataset\RAW_DATASETS\Bottle_Gourd\BG02_AgriVision\Update_Aug_Dataset\Aug_Batol_Gourd\Healthy\aug_Healthy_135.jpg || D:\AI_Agriculture_Dataset\RAW_DATASETS\Bottle_Gourd\BG02_AgriVision\Update_Aug_Dataset\Aug_Batol_Gourd\Healthy\aug_Healthy_614.jpg || D:\AI_Agriculture_Dataset\RAW_DATASETS\Bottle_Gourd\BG02_AgriVision\Update_Aug_Dataset\Aug_Batol_Gourd\Healthy\aug_Healthy_644.jpg
225,b1ef21cbf5cdf34346d1cb772c723d508371941916e62a34d3cf576ef8880491,2,WITHIN_DATASET,BG02_AgriVision,D:\AI_Agriculture_Dataset\RAW_DATASETS\Bottle_Gourd\BG02_AgriVision\Update_Aug_Dataset\Aug_Batol_Gourd\Healthy\aug_Healthy_231.jpg || D:\AI_Agriculture_Dataset\RAW_DATASETS\Bottle_Gourd\BG02_AgriVision\Update_Aug_Dataset\Aug_Batol_Gourd\Healthy\aug_Healthy_552.jpg
226,f8a882d61ecc32ad61e58d73ccae9894c650937d317fe5f2792e5c33a597aa65,2,WITHIN_DATASET,BG02_AgriVision,D:\AI_Agriculture_Dataset\RAW_DATASETS\Bottle_Gourd\BG02_AgriVision\Update_Aug_Dataset\Aug_Batol_Gourd\Healthy\aug_Healthy_355.jpg || D:\AI_Agriculture_Dataset\RAW_DATASETS\Bottle_Gourd\BG02_AgriVision\Update_Aug_Dataset\Aug_Batol_Gourd\Healthy\aug_Healthy_734.jpg
227,f01a5a82991a5c98c105acac646550136b80a9ddafee8b895d147e004b7c5bbc,2,WITHIN_DATASET,BG03_Freshness,D:\AI_Agriculture_Dataset\RAW_DATASETS\Bottle_Gourd\BG03_Freshness\Anthracnose\IMG_20240108_191817_222_700_700.jpg || D:\AI_Agriculture_Dataset\RAW_DATASETS\Bottle_Gourd\BG03_Freshness\Anthracnose\IMG_20240108_191824_853_700_700.jpg
228,0f5e6a9d67f4b27b3de159fba04c7f5ab40483078bb2b55d85509ed5249d7c7e,2,WITHIN_DATASET,BG03_Freshness,D:\AI_Agriculture_Dataset\RAW_DATASETS\Bottle_Gourd\BG03_Freshness\Anthracnose\IMG_20240108_192040_734_700_700.jpg || D:\AI_Agriculture_Dataset\RAW_DATASETS\Bottle_Gourd\BG03_Freshness\Anthracnose\IMG_20240108_192049_416_700_700.jpg
229,b04431a9cf2b6951190e7c83e6452147cd59d223b380c60198f5f28af93a2193,2,WITHIN_DATASET,BG03_Freshness,D:\AI_Agriculture_Dataset\RAW_DATASETS\Bottle_Gourd\BG03_Freshness\Fresh leaf\IMG_20240108_181231_403_700_700.jpg || D:\AI_Agriculture_Dataset\RAW_DATASETS\Bottle_Gourd\BG03_Freshness\Fresh leaf\IMG_20240108_181241_520_700_700.jpg
230,345b301ba9914ec191760d9392109e87d3f2201fa7d632a980f397896fb3ce03,2,WITHIN_DATASET,BG05_CAIR,D:\AI_Agriculture_Dataset\RAW_DATASETS\Bottle_Gourd\BG05_CAIRrlder\CAIR-BGD-2025 Annotated Dataset\Bottle Gourd Disease Augmented Dataset\Anthracnose\Anthracnose00001_rotated_499.jpg || D:\AI_Agriculture_Dataset\RAW_DATASETS\Bottle_Gourd\BG05_CAIRrlder\CAIR-BGD-2025 Annotated Dataset\Bottle Gourd Disease Augmented Dataset\Anthracnose\Anthracnose00001_rotated_709.jpg
231,49f96866764c27cdd49bed6549c19f4c01a35fc7c04ca9526b610f3e49c71e23,3,WITHIN_DATASET,BG05_CAIR,D:\AI_Agriculture_Dataset\RAW_DATASETS\Bottle_Gourd\BG05_CAIRrlder\CAIR-BGD-2025 Annotated Dataset\Bottle Gourd Disease Augmented Dataset\Anthracnose\Anthracnose00002_rotated_1303.jpg || D:\AI_Agriculture_Dataset\RAW_DATASETS\Bottle_Gourd\BG05_CAIRrlder\CAIR-BGD-2025 Annotated Dataset\Bottle Gourd Disease Augmented Dataset\Anthracnose\Anthracnose00002_rotated_514.jpg || D:\AI_Agriculture_Dataset\RAW_DATASETS\Bottle_Gourd\BG05_CAIRrlder\CAIR-BGD-2025 Annotated Dataset\Bottle Gourd Disease Augmented Dataset\Anthracnose\Anthracnose00002_rotated_724.jpg
232,1b2812562ab256149a630836b04d6a35b2860986cb77b659a27ed3ad1e27000a,2,WITHIN_DATASET,BG05_CAIR,D:\AI_Agriculture_Dataset\RAW_DATASETS\Bottle_Gourd\BG05_CAIRrlder\CAIR-BGD-2025 Annotated Dataset\Bottle Gourd Disease Augmented Dataset\Anthracnose\Anthracnose00004_rotated_300.jpg || D:\AI_Agriculture_Dataset\RAW_DATASETS\Bottle_Gourd\BG05_CAIRrlder\CAIR-BGD-2025 Annotated Dataset\Bottle Gourd Disease Augmented Dataset\Anthracnose\Anthracnose00004_rotated_686.jpg
233,c82949027f0cd5b95659af1ca754a90fd47696f2a6c53a426b7573d6064a3002,2,WITHIN_DATASET,BG05_CAIR,D:\AI_Agriculture_Dataset\RAW_DATASETS\Bottle_Gourd\BG05_CAIRrlder\CAIR-BGD-2025 Annotated Dataset\Bottle Gourd Disease Augmented Dataset\Anthracnose\Anthracnose00005_rotated_1126.jpg || D:\AI_Agriculture_Dataset\RAW_DATASETS\Bottle_Gourd\BG05_CAIRrlder\CAIR-BGD-2025 Annotated Dataset\Bottle Gourd Disease Augmented Dataset\Anthracnose\Anthracnose00005_rotated_1324.jpg
234,6732f19eb5932b78a12e0ea79c39a193682a3b9e2f18fb32cb72f8d3fd55d105,3,WITHIN_DATASET,BG05_CAIR,D:\AI_Agriculture_Dataset\RAW_DATASETS\Bottle_Gourd\BG05_CAIRrlder\CAIR-BGD-2025 Annotated Dataset\Bottle Gourd Disease Augmented Dataset\Anthracnose\Anthracnose00006_flipped_1022.jpg || D:\AI_Agriculture_Dataset\RAW_DATASETS\Bottle_Gourd\BG05_CAIRrlder\CAIR-BGD-2025 Annotated Dataset\Bottle Gourd Disease Augmented Dataset\Anthracnose\Anthracnose00006_flipped_69.jpg || D:\AI_Agriculture_Dataset\RAW_DATASETS\Bottle_Gourd\BG05_CAIRrlder\CAIR-BGD-2025 Annotated Dataset\Bottle Gourd Disease Augmented Dataset\Anthracnose\Anthracnose00006_flipped_826.jpg
235,ad2141d1547b6497c3d45a5b2a219cace22f030a95c84b4c6e3358c1056184b8,2,WITHIN_DATASET,BG05_CAIR,D:\AI_Agriculture_Dataset\RAW_DATASETS\Bottle_Gourd\BG05_CAIRrlder\CAIR-BGD-2025 Annotated Dataset\Bottle Gourd Disease Augmented Dataset\Anthracnose\Anthracnose00010_rotated_1294.jpg || D:\AI_Agriculture_Dataset\RAW_DATASETS\Bottle_Gourd\BG05_CAIRrlder\CAIR-BGD-2025 Annotated Dataset\Bottle Gourd Disease Augmented Dataset\Anthracnose\Anthracnose00010_rotated_727.jpg
236,cd1fe8e013cd60e2da3cc4f9bdc6ec7a3ddef6b2b7ad5f7d931feb7da613e91e,2,WITHIN_DATASET,BG05_CAIR,D:\AI_Agriculture_Dataset\RAW_DATASETS\Bottle_Gourd\BG05_CAIRrlder\CAIR-BGD-2025 Annotated Dataset\Bottle Gourd Disease Augmented Dataset\Anthracnose\Anthracnose00011_flipped_1041.jpg || D:\AI_Agriculture_Dataset\RAW_DATASETS\Bottle_Gourd\BG05_CAIRrlder\CAIR-BGD-2025 Annotated Dataset\Bottle Gourd Disease Augmented Dataset\Anthracnose\Anthracnose00011_flipped_410.jpg
237,a0a8f0678dbe3a7ec4b1a9f96432837673a1830278200bc2ef494bf6048a8503,4,WITHIN_DATASET,BG05_CAIR,D:\AI_Agriculture_Dataset\RAW_DATASETS\Bottle_Gourd\BG05_CAIRrlder\CAIR-BGD-2025 Annotated Dataset\Bottle Gourd Disease Augmented Dataset\Anthracnose\Anthracnose00011_shifted_233.jpg || D:\AI_Agriculture_Dataset\RAW_DATASETS\Bottle_Gourd\BG05_CAIRrlder\CAIR-BGD-2025 Annotated Dataset\Bottle Gourd Disease Augmented Dataset\Anthracnose\Anthracnose00011_shifted_452.jpg || D:\AI_Agriculture_Dataset\RAW_DATASETS\Bottle_Gourd\BG05_CAIRrlder\CAIR-BGD-2025 Annotated Dataset\Bottle Gourd Disease Augmented Dataset\Anthracnose\Anthracnose00011_shifted_688.jpg || D:\AI_Agriculture_Dataset\RAW_DATASETS\Bottle_Gourd\BG05_CAIRrlder\CAIR-BGD-2025 Annotated Dataset\Bottle Gourd Disease Augmented Dataset\Anthracnose\Anthracnose00011_shifted_877.jpg
238,96a1d509edec63ca9fcd0b38d03ea931ca79ddb3733e1f683f74e9636bcbfa3e,4,WITHIN_DATASET,BG05_CAIR,D:\AI_Agriculture_Dataset\RAW_DATASETS\Bottle_Gourd\BG05_CAIRrlder\CAIR-BGD-2025 Annotated Dataset\Bottle Gourd Disease Augmented Dataset\Anthracnose\Anthracnose00014_rotated_1234.jpg || D:\AI_Agriculture_Dataset\RAW_DATASETS\Bottle_Gourd\BG05_CAIRrlder\CAIR-BGD-2025 Annotated Dataset\Bottle Gourd Disease Augmented Dataset\Anthracnose\Anthracnose00014_rotated_1373.jpg || D:\AI_Agriculture_Dataset\RAW_DATASETS\Bottle_Gourd\BG05_CAIRrlder\CAIR-BGD-2025 Annotated Dataset\Bottle Gourd Disease Augmented Dataset\Anthracnose\Anthracnose00014_rotated_218.jpg || D:\AI_Agriculture_Dataset\RAW_DATASETS\Bottle_Gourd\BG05_CAIRrlder\CAIR-BGD-2025 Annotated Dataset\Bottle Gourd Disease Augmented Dataset\Anthracnose\Anthracnose00014_rotated_445.jpg
239,f0c3fc11d40038d5022354f03f4daf1181f43bb1be6c656ac0c5219a565af315,2,WITHIN_DATASET,BG05_CAIR,D:\AI_Agriculture_Dataset\RAW_DATASETS\Bottle_Gourd\BG05_CAIRrlder\CAIR-BGD-2025 Annotated Dataset\Bottle Gourd Disease Augmented Dataset\Anthracnose\Anthracnose00016_rotated_267.jpg || D:\AI_Agriculture_Dataset\RAW_DATASETS\Bottle_Gourd\BG05_CAIRrlder\CAIR-BGD-2025 Annotated Dataset\Bottle Gourd Disease Augmented Dataset\Anthracnose\Anthracnose00016_rotated_715.jpg
240,8afd7b6c9a13ef185d0943affe20d6fd0f3f9f5058b7134ab899af8de56cd9e8,3,WITHIN_DATASET,BG05_CAIR,D:\AI_Agriculture_Dataset\RAW_DATASETS\Bottle_Gourd\BG05_CAIRrlder\CAIR-BGD-2025 Annotated Dataset\Bottle Gourd Disease Augmented Dataset\Anthracnose\Anthracnose00021_rotated_793.jpg || D:\AI_Agriculture_Dataset\RAW_DATASETS\Bottle_Gourd\BG05_CAIRrlder\CAIR-BGD-2025 Annotated Dataset\Bottle Gourd Disease Augmented Dataset\Anthracnose\Anthracnose00021_rotated_844.jpg || D:\AI_Agriculture_Dataset\RAW_DATASETS\Bottle_Gourd\BG05_CAIRrlder\CAIR-BGD-2025 Annotated Dataset\Bottle Gourd Disease Augmented Dataset\Anthracnose\Anthracnose00021_rotated_879.jpg
241,90fc9ce054567bbb1e046bcf9c964cb6492241b7fc56a3704fe984288339b38c,3,WITHIN_DATASET,BG05_CAIR,D:\AI_Agriculture_Dataset\RAW_DATASETS\Bottle_Gourd\BG05_CAIRrlder\CAIR-BGD-2025 Annotated Dataset\Bottle Gourd Disease Augmented Dataset\Anthracnose\Anthracnose00022_rotated_17.jpg || D:\AI_Agriculture_Dataset\RAW_DATASETS\Bottle_Gourd\BG05_CAIRrlder\CAIR-BGD-2025 Annotated Dataset\Bottle Gourd Disease Augmented Dataset\Anthracnose\Anthracnose00022_rotated_248.jpg || D:\AI_Agriculture_Dataset\RAW_DATASETS\Bottle_Gourd\BG05_CAIRrlder\CAIR-BGD-2025 Annotated Dataset\Bottle Gourd Disease Augmented Dataset\Anthracnose\Anthracnose00022_rotated_953.jpg
242,1eecae6c17ff13370d1745e0b736cd75da24da72634f9cc3104b6e13b297b5ab,3,WITHIN_DATASET,BG05_CAIR,D:\AI_Agriculture_Dataset\RAW_DATASETS\Bottle_Gourd\BG05_CAIRrlder\CAIR-BGD-2025 Annotated Dataset\Bottle Gourd Disease Augmented Dataset\Anthracnose\Anthracnose00022_shifted_1349.jpg || D:\AI_Agriculture_Dataset\RAW_DATASETS\Bottle_Gourd\BG05_CAIRrlder\CAIR-BGD-2025 Annotated Dataset\Bottle Gourd Disease Augmented Dataset\Anthracnose\Anthracnose00022_shifted_24.jpg || D:\AI_Agriculture_Dataset\RAW_DATASETS\Bottle_Gourd\BG05_CAIRrlder\CAIR-BGD-2025 Annotated Dataset\Bottle Gourd Disease Augmented Dataset\Anthracnose\Anthracnose00022_shifted_495.jpg
243,3efbc7111de413283dd6e14a4dd215dfd315ca7da0404133e0a7014f5ef79714,2,WITHIN_DATASET,BG05_CAIR,D:\AI_Agriculture_Dataset\RAW_DATASETS\Bottle_Gourd\BG05_CAIRrlder\CAIR-BGD-2025 Annotated Dataset\Bottle Gourd Disease Augmented Dataset\Anthracnose\Anthracnose00024_shifted_1497.jpg || D:\AI_Agriculture_Dataset\RAW_DATASETS\Bottle_Gourd\BG05_CAIRrlder\CAIR-BGD-2025 Annotated Dataset\Bottle Gourd Disease Augmented Dataset\Anthracnose\Anthracnose00024_shifted_872.jpg
244,f037611d02ca0de0b4f5e41dbd46a11979b9ff4a53331e7aa3b2ef45f3591b11,2,WITHIN_DATASET,BG05_CAIR,D:\AI_Agriculture_Dataset\RAW_DATASETS\Bottle_Gourd\BG05_CAIRrlder\CAIR-BGD-2025 Annotated Dataset\Bottle Gourd Disease Augmented Dataset\Anthracnose\Anthracnose00025_flipped_127.jpg || D:\AI_Agriculture_Dataset\RAW_DATASETS\Bottle_Gourd\BG05_CAIRrlder\CAIR-BGD-2025 Annotated Dataset\Bottle Gourd Disease Augmented Dataset\Anthracnose\Anthracnose00025_flipped_1463.jpg
245,58f6f7060a15071cc40d2a136532ded4a6e339949f7073568681c7aa9efc7250,3,WITHIN_DATASET,BG05_CAIR,D:\AI_Agriculture_Dataset\RAW_DATASETS\Bottle_Gourd\BG05_CAIRrlder\CAIR-BGD-2025 Annotated Dataset\Bottle Gourd Disease Augmented Dataset\Anthracnose\Anthracnose00028_rotated_1448.jpg || D:\AI_Agriculture_Dataset\RAW_DATASETS\Bottle_Gourd\BG05_CAIRrlder\CAIR-BGD-2025 Annotated Dataset\Bottle Gourd Disease Augmented Dataset\Anthracnose\Anthracnose00028_rotated_170.jpg || D:\AI_Agriculture_Dataset\RAW_DATASETS\Bottle_Gourd\BG05_CAIRrlder\CAIR-BGD-2025 Annotated Dataset\Bottle Gourd Disease Augmented Dataset\Anthracnose\Anthracnose00028_rotated_837.jpg
246,16b0b5f0cd26eb86614712737683d3f76f8a1e671dc9c8a36aa82259b56c8d6e,2,WITHIN_DATASET,BG05_CAIR,D:\AI_Agriculture_Dataset\RAW_DATASETS\Bottle_Gourd\BG05_CAIRrlder\CAIR-BGD-2025 Annotated Dataset\Bottle Gourd Disease Augmented Dataset\Anthracnose\Anthracnose00031_rotated_1388.jpg || D:\AI_Agriculture_Dataset\RAW_DATASETS\Bottle_Gourd\BG05_CAIRrlder\CAIR-BGD-2025 Annotated Dataset\Bottle Gourd Disease Augmented Dataset\Anthracnose\Anthracnose00031_rotated_939.jpg
247,a15e576640d39ea7119e25e397afa71960e63db09b505804acae962da3005fb1,4,WITHIN_DATASET,BG05_CAIR,D:\AI_Agriculture_Dataset\RAW_DATASETS\Bottle_Gourd\BG05_CAIRrlder\CAIR-BGD-2025 Annotated Dataset\Bottle Gourd Disease Augmented Dataset\Anthracnose\Anthracnose00034_flipped_1402.jpg || D:\AI_Agriculture_Dataset\RAW_DATASETS\Bottle_Gourd\BG05_CAIRrlder\CAIR-BGD-2025 Annotated Dataset\Bottle Gourd Disease Augmented Dataset\Anthracnose\Anthracnose00034_flipped_313.jpg || D:\AI_Agriculture_Dataset\RAW_DATASETS\Bottle_Gourd\BG05_CAIRrlder\CAIR-BGD-2025 Annotated Dataset\Bottle Gourd Disease Augmented Dataset\Anthracnose\Anthracnose00034_flipped_404.jpg || D:\AI_Agriculture_Dataset\RAW_DATASETS\Bottle_Gourd\BG05_CAIRrlder\CAIR-BGD-2025 Annotated Dataset\Bottle Gourd Disease Augmented Dataset\Anthracnose\Anthracnose00034_flipped_934.jpg
248,d879ac3a4a543d24c289d2a15c1018a32e63fd8e96dfd101cbb386fa56145c58,2,WITHIN_DATASET,BG05_CAIR,D:\AI_Agriculture_Dataset\RAW_DATASETS\Bottle_Gourd\BG05_CAIRrlder\CAIR-BGD-2025 Annotated Dataset\Bottle Gourd Disease Augmented Dataset\Anthracnose\Anthracnose00037_flipped_237.jpg || D:\AI_Agriculture_Dataset\RAW_DATASETS\Bottle_Gourd\BG05_CAIRrlder\CAIR-BGD-2025 Annotated Dataset\Bottle Gourd Disease Augmented Dataset\Anthracnose\Anthracnose00037_flipped_976.jpg
249,f09539b79bbf0a6a04cedff440b8577ccce5fada8cfc39b896b7edf716dd2a9b,2,WITHIN_DATASET,BG05_CAIR,D:\AI_Agriculture_Dataset\RAW_DATASETS\Bottle_Gourd\BG05_CAIRrlder\CAIR-BGD-2025 Annotated Dataset\Bottle Gourd Disease Augmented Dataset\Anthracnose\Anthracnose00040_rotated_258.jpg || D:\AI_Agriculture_Dataset\RAW_DATASETS\Bottle_Gourd\BG05_CAIRrlder\CAIR-BGD-2025 Annotated Dataset\Bottle Gourd Disease Augmented Dataset\Anthracnose\Anthracnose00040_rotated_842.jpg
250,4dc68f4a4a8a7b2216add67a4884a9c4e81bfa14ca21d151187187febf234a3f,2,WITHIN_DATASET,BG05_CAIR,D:\AI_Agriculture_Dataset\RAW_DATASETS\Bottle_Gourd\BG05_CAIRrlder\CAIR-BGD-2025 Annotated Dataset\Bottle Gourd Disease Augmented Dataset\Anthracnose\Anthracnose00043_rotated_329.jpg || D:\AI_Agriculture_Dataset\RAW_DATASETS\Bottle_Gourd\BG05_CAIRrlder\CAIR-BGD-2025 Annotated Dataset\Bottle Gourd Disease Augmented Dataset\Anthracnose\Anthracnose00043_rotated_639.jpg
251,25f4a81af0b550723f09d3c300fac2dc490c2bb857cac58ac779e731430bd590,3,WITHIN_DATASET,BG05_CAIR,D:\AI_Agriculture_Dataset\RAW_DATASETS\Bottle_Gourd\BG05_CAIRrlder\CAIR-BGD-2025 Annotated Dataset\Bottle Gourd Disease Augmented Dataset\Anthracnose\Anthracnose00045_shifted_50.jpg || D:\AI_Agriculture_Dataset\RAW_DATASETS\Bottle_Gourd\BG05_CAIRrlder\CAIR-BGD-2025 Annotated Dataset\Bottle Gourd Disease Augmented Dataset\Anthracnose\Anthracnose00045_shifted_91.jpg || D:\AI_Agriculture_Dataset\RAW_DATASETS\Bottle_Gourd\BG05_CAIRrlder\CAIR-BGD-2025 Annotated Dataset\Bottle Gourd Disease Augmented Dataset\Anthracnose\Anthracnose00045_shifted_955.jpg
252,3669d3770247683c83cd4a669e368c816301061ab32c53f2e2573cfcd0b08305,2,WITHIN_DATASET,BG05_CAIR,D:\AI_Agriculture_Dataset\RAW_DATASETS\Bottle_Gourd\BG05_CAIRrlder\CAIR-BGD-2025 Annotated Dataset\Bottle Gourd Disease Augmented Dataset\Anthracnose\Anthracnose00047_rotated_1088.jpg || D:\AI_Agriculture_Dataset\RAW_DATASETS\Bottle_Gourd\BG05_CAIRrlder\CAIR-BGD-2025 Annotated Dataset\Bottle Gourd Disease Augmented Dataset\Anthracnose\Anthracnose00047_rotated_551.jpg
253,5aee72c6d2270371f42eab41f320a45365e8a86c51c0e55b33a6aac1a24dd0d8,2,WITHIN_DATASET,BG05_CAIR,D:\AI_Agriculture_Dataset\RAW_DATASETS\Bottle_Gourd\BG05_CAIRrlder\CAIR-BGD-2025 Annotated Dataset\Bottle Gourd Disease Augmented Dataset\Anthracnose\Anthracnose00048_rotated_286.jpg || D:\AI_Agriculture_Dataset\RAW_DATASETS\Bottle_Gourd\BG05_CAIRrlder\CAIR-BGD-2025 Annotated Dataset\Bottle Gourd Disease Augmented Dataset\Anthracnose\Anthracnose00048_rotated_769.jpg
254,a16a5b7cb440bb0b74b128e34d32b07bc0b8043bf1eab42e7cda8984016a0815,2,WITHIN_DATASET,BG05_CAIR,D:\AI_Agriculture_Dataset\RAW_DATASETS\Bottle_Gourd\BG05_CAIRrlder\CAIR-BGD-2025 Annotated Dataset\Bottle Gourd Disease Augmented Dataset\Anthracnose\Anthracnose00050_rotated_1243.jpg || D:\AI_Agriculture_Dataset\RAW_DATASETS\Bottle_Gourd\BG05_CAIRrlder\CAIR-BGD-2025 Annotated Dataset\Bottle Gourd Disease Augmented Dataset\Anthracnose\Anthracnose00050_rotated_287.jpg
255,dc0898448d99244cf6869717d9bd70415dec0a718137b50e4befd07b0850568f,2,WITHIN_DATASET,BG05_CAIR,D:\AI_Agriculture_Dataset\RAW_DATASETS\Bottle_Gourd\BG05_CAIRrlder\CAIR-BGD-2025 Annotated Dataset\Bottle Gourd Disease Augmented Dataset\Anthracnose\Anthracnose00051_flipped_556.jpg || D:\AI_Agriculture_Dataset\RAW_DATASETS\Bottle_Gourd\BG05_CAIRrlder\CAIR-BGD-2025 Annotated Dataset\Bottle Gourd Disease Augmented Dataset\Anthracnose\Anthracnose00051_flipped_712.jpg
256,9d6d83bcf8e20ac30f7fd38caf979a75aac49ce48e14f2b60b1dc0165f7d82ad,2,WITHIN_DATASET,BG05_CAIR,D:\AI_Agriculture_Dataset\RAW_DATASETS\Bottle_Gourd\BG05_CAIRrlder\CAIR-BGD-2025 Annotated Dataset\Bottle Gourd Disease Augmented Dataset\Anthracnose\Anthracnose00051_rotated_1302.jpg || D:\AI_Agriculture_Dataset\RAW_DATASETS\Bottle_Gourd\BG05_CAIRrlder\CAIR-BGD-2025 Annotated Dataset\Bottle Gourd Disease Augmented Dataset\Anthracnose\Anthracnose00051_rotated_525.jpg
257,04b057956298642cd5044a5d8b40c109c0fe55021d0064d4fdfffbf12b1f2e97,2,WITHIN_DATASET,BG05_CAIR,D:\AI_Agriculture_Dataset\RAW_DATASETS\Bottle_Gourd\BG05_CAIRrlder\CAIR-BGD-2025 Annotated Dataset\Bottle Gourd Disease Augmented Dataset\Anthracnose\Anthracnose00051_shifted_1001.jpg || D:\AI_Agriculture_Dataset\RAW_DATASETS\Bottle_Gourd\BG05_CAIRrlder\CAIR-BGD-2025 Annotated Dataset\Bottle Gourd Disease Augmented Dataset\Anthracnose\Anthracnose00051_shifted_474.jpg
258,8e4b74b822ee2194eedea813a4a4ba7a2d424dd77808bc550df1809842158f62,2,WITHIN_DATASET,BG05_CAIR,D:\AI_Agriculture_Dataset\RAW_DATASETS\Bottle_Gourd\BG05_CAIRrlder\CAIR-BGD-2025 Annotated Dataset\Bottle Gourd Disease Augmented Dataset\Anthracnose\Anthracnose00052_flipped_526.jpg || D:\AI_Agriculture_Dataset\RAW_DATASETS\Bottle_Gourd\BG05_CAIRrlder\CAIR-BGD-2025 Annotated Dataset\Bottle Gourd Disease Augmented Dataset\Anthracnose\Anthracnose00052_flipped_638.jpg
259,baabfabe349f61104adcc4a3d99a22e502916321f2f0cdd88618cdce91dd9109,5,WITHIN_DATASET,BG05_CAIR,D:\AI_Agriculture_Dataset\RAW_DATASETS\Bottle_Gourd\BG05_CAIRrlder\CAIR-BGD-2025 Annotated Dataset\Bottle Gourd Disease Augmented Dataset\Anthracnose\Anthracnose00052_shifted_236.jpg || D:\AI_Agriculture_Dataset\RAW_DATASETS\Bottle_Gourd\BG05_CAIRrlder\CAIR-BGD-2025 Annotated Dataset\Bottle Gourd Disease Augmented Dataset\Anthracnose\Anthracnose00052_shifted_707.jpg || D:\AI_Agriculture_Dataset\RAW_DATASETS\Bottle_Gourd\BG05_CAIRrlder\CAIR-BGD-2025 Annotated Dataset\Bottle Gourd Disease Augmented Dataset\Anthracnose\Anthracnose00052_shifted_720.jpg || D:\AI_Agriculture_Dataset\RAW_DATASETS\Bottle_Gourd\BG05_CAIRrlder\CAIR-BGD-2025 Annotated Dataset\Bottle Gourd Disease Augmented Dataset\Anthracnose\Anthracnose00052_shifted_731.jpg || D:\AI_Agriculture_Dataset\RAW_DATASETS\Bottle_Gourd\BG05_CAIRrlder\CAIR-BGD-2025 Annotated Dataset\Bottle Gourd Disease Augmented Dataset\Anthracnose\Anthracnose00052_shifted_930.jpg
260,31d8f9dbfb5252bda8c16a6c091ca77b1f166e7c7de9e9ea18548f32a61a1593,2,WITHIN_DATASET,BG05_CAIR,D:\AI_Agriculture_Dataset\RAW_DATASETS\Bottle_Gourd\BG05_CAIRrlder\CAIR-BGD-2025 Annotated Dataset\Bottle Gourd Disease Augmented Dataset\Anthracnose\Anthracnose00053_shifted_1108.jpg || D:\AI_Agriculture_Dataset\RAW_DATASETS\Bottle_Gourd\BG05_CAIRrlder\CAIR-BGD-2025 Annotated Dataset\Bottle Gourd Disease Augmented Dataset\Anthracnose\Anthracnose00053_shifted_810.jpg
261,9bf1f7108a180512b7a5b4b1623beef79cf58bed33e2075442fe2e9699f77fec,2,WITHIN_DATASET,BG05_CAIR,D:\AI_Agriculture_Dataset\RAW_DATASETS\Bottle_Gourd\BG05_CAIRrlder\CAIR-BGD-2025 Annotated Dataset\Bottle Gourd Disease Augmented Dataset\Anthracnose\Anthracnose00057_flipped_1227.jpg || D:\AI_Agriculture_Dataset\RAW_DATASETS\Bottle_Gourd\BG05_CAIRrlder\CAIR-BGD-2025 Annotated Dataset\Bottle Gourd Disease Augmented Dataset\Anthracnose\Anthracnose00057_flipped_283.jpg
262,992b5f13f365135f90baec5ed8f2dbdb2fba1b95561a90a71248f969be0aec9f,2,WITHIN_DATASET,BG05_CAIR,D:\AI_Agriculture_Dataset\RAW_DATASETS\Bottle_Gourd\BG05_CAIRrlder\CAIR-BGD-2025 Annotated Dataset\Bottle Gourd Disease Augmented Dataset\Anthracnose\Anthracnose00059_flipped_1192.jpg || D:\AI_Agriculture_Dataset\RAW_DATASETS\Bottle_Gourd\BG05_CAIRrlder\CAIR-BGD-2025 Annotated Dataset\Bottle Gourd Disease Augmented Dataset\Anthracnose\Anthracnose00059_flipped_957.jpg
263,594ae31ab675dbcf86539421baf9a9c810f358261b19be2430968fc4d9fccade,2,WITHIN_DATASET,BG05_CAIR,D:\AI_Agriculture_Dataset\RAW_DATASETS\Bottle_Gourd\BG05_CAIRrlder\CAIR-BGD-2025 Annotated Dataset\Bottle Gourd Disease Augmented Dataset\Anthracnose\Anthracnose00060_shifted_1263.jpg || D:\AI_Agriculture_Dataset\RAW_DATASETS\Bottle_Gourd\BG05_CAIRrlder\CAIR-BGD-2025 Annotated Dataset\Bottle Gourd Disease Augmented Dataset\Anthracnose\Anthracnose00060_shifted_1333.jpg
264,4714fbfe74e093244b53abec103d26ea2eab5f85049f75fb3e19c11856e12e51,2,WITHIN_DATASET,BG05_CAIR,D:\AI_Agriculture_Dataset\RAW_DATASETS\Bottle_Gourd\BG05_CAIRrlder\CAIR-BGD-2025 Annotated Dataset\Bottle Gourd Disease Augmented Dataset\Anthracnose\Anthracnose00061_shifted_487.jpg || D:\AI_Agriculture_Dataset\RAW_DATASETS\Bottle_Gourd\BG05_CAIRrlder\CAIR-BGD-2025 Annotated Dataset\Bottle Gourd Disease Augmented Dataset\Anthracnose\Anthracnose00061_shifted_902.jpg
265,1624f916bf6dfdc133632658d18377158dbc9cebdcba510588eeab1cf4585866,2,WITHIN_DATASET,BG05_CAIR,D:\AI_Agriculture_Dataset\RAW_DATASETS\Bottle_Gourd\BG05_CAIRrlder\CAIR-BGD-2025 Annotated Dataset\Bottle Gourd Disease Augmented Dataset\Anthracnose\Anthracnose00063_rotated_1.jpg || D:\AI_Agriculture_Dataset\RAW_DATASETS\Bottle_Gourd\BG05_CAIRrlder\CAIR-BGD-2025 Annotated Dataset\Bottle Gourd Disease Augmented Dataset\Anthracnose\Anthracnose00063_rotated_885.jpg
266,36c8c1ec64ac54aecfea8f72462239ab6f2d733c47f5cca3a4357bbc9cad8f49,2,WITHIN_DATASET,BG05_CAIR,D:\AI_Agriculture_Dataset\RAW_DATASETS\Bottle_Gourd\BG05_CAIRrlder\CAIR-BGD-2025 Annotated Dataset\Bottle Gourd Disease Augmented Dataset\Anthracnose\Anthracnose00063_shifted_162.jpg || D:\AI_Agriculture_Dataset\RAW_DATASETS\Bottle_Gourd\BG05_CAIRrlder\CAIR-BGD-2025 Annotated Dataset\Bottle Gourd Disease Augmented Dataset\Anthracnose\Anthracnose00063_shifted_804.jpg
267,f872fb80d842e4da1b8c8f00d3ca080f5515572ee1e8be9cd3467a6b0359bb9c,2,WITHIN_DATASET,BG05_CAIR,D:\AI_Agriculture_Dataset\RAW_DATASETS\Bottle_Gourd\BG05_CAIRrlder\CAIR-BGD-2025 Annotated Dataset\Bottle Gourd Disease Augmented Dataset\Anthracnose\Anthracnose00066_flipped_1346.jpg || D:\AI_Agriculture_Dataset\RAW_DATASETS\Bottle_Gourd\BG05_CAIRrlder\CAIR-BGD-2025 Annotated Dataset\Bottle Gourd Disease Augmented Dataset\Anthracnose\Anthracnose00066_flipped_379.jpg
268,9d437dd7fb05b9ad7c19d1e0c86430fba77ce44a0724b0d7b7062d366bdbb1f8,2,WITHIN_DATASET,BG05_CAIR,D:\AI_Agriculture_Dataset\RAW_DATASETS\Bottle_Gourd\BG05_CAIRrlder\CAIR-BGD-2025 Annotated Dataset\Bottle Gourd Disease Augmented Dataset\Anthracnose\Anthracnose00066_rotated_1416.jpg || D:\AI_Agriculture_Dataset\RAW_DATASETS\Bottle_Gourd\BG05_CAIRrlder\CAIR-BGD-2025 Annotated Dataset\Bottle Gourd Disease Augmented Dataset\Anthracnose\Anthracnose00066_rotated_449.jpg
269,33e1e980aa033b7e7e6dba823242450395eb50e874f8c93cd37b4bee2218f0c4,2,WITHIN_DATASET,BG05_CAIR,D:\AI_Agriculture_Dataset\RAW_DATASETS\Bottle_Gourd\BG05_CAIRrlder\CAIR-BGD-2025 Annotated Dataset\Bottle Gourd Disease Augmented Dataset\Anthracnose\Anthracnose00067_flipped_669.jpg || D:\AI_Agriculture_Dataset\RAW_DATASETS\Bottle_Gourd\BG05_CAIRrlder\CAIR-BGD-2025 Annotated Dataset\Bottle Gourd Disease Augmented Dataset\Anthracnose\Anthracnose00067_flipped_843.jpg
270,89866e972825b731cf2616ec4bfac91caeb25421110d58d523f32889ac671e41,2,WITHIN_DATASET,BG05_CAIR,D:\AI_Agriculture_Dataset\RAW_DATASETS\Bottle_Gourd\BG05_CAIRrlder\CAIR-BGD-2025 Annotated Dataset\Bottle Gourd Disease Augmented Dataset\Anthracnose\Anthracnose00068_rotated_1215.jpg || D:\AI_Agriculture_Dataset\RAW_DATASETS\Bottle_Gourd\BG05_CAIRrlder\CAIR-BGD-2025 Annotated Dataset\Bottle Gourd Disease Augmented Dataset\Anthracnose\Anthracnose00068_rotated_484.jpg
271,d6988d9de784d9250635eb499981800ac1a0c842ae0f39d67289e5ecdbb6f22b,3,WITHIN_DATASET,BG05_CAIR,D:\AI_Agriculture_Dataset\RAW_DATASETS\Bottle_Gourd\BG05_CAIRrlder\CAIR-BGD-2025 Annotated Dataset\Bottle Gourd Disease Augmented Dataset\Anthracnose\Anthracnose00069_flipped_1340.jpg || D:\AI_Agriculture_Dataset\RAW_DATASETS\Bottle_Gourd\BG05_CAIRrlder\CAIR-BGD-2025 Annotated Dataset\Bottle Gourd Disease Augmented Dataset\Anthracnose\Anthracnose00069_flipped_1405.jpg || D:\AI_Agriculture_Dataset\RAW_DATASETS\Bottle_Gourd\BG05_CAIRrlder\CAIR-BGD-2025 Annotated Dataset\Bottle Gourd Disease Augmented Dataset\Anthracnose\Anthracnose00069_flipped_497.jpg
272,7f5472d099d758311f069cfc1a5661a404425cf2dd79ac4e19ef438bc811a593,2,WITHIN_DATASET,BG05_CAIR,D:\AI_Agriculture_Dataset\RAW_DATASETS\Bottle_Gourd\BG05_CAIRrlder\CAIR-BGD-2025 Annotated Dataset\Bottle Gourd Disease Augmented Dataset\Anthracnose\Anthracnose00070_rotated_182.jpg || D:\AI_Agriculture_Dataset\RAW_DATASETS\Bottle_Gourd\BG05_CAIRrlder\CAIR-BGD-2025 Annotated Dataset\Bottle Gourd Disease Augmented Dataset\Anthracnose\Anthracnose00070_rotated_537.jpg
273,9f10c93c3428706f7a787915dd6d09c0d03c13de730350c153db5d713e1a5c8f,2,WITHIN_DATASET,BG05_CAIR,D:\AI_Agriculture_Dataset\RAW_DATASETS\Bottle_Gourd\BG05_CAIRrlder\CAIR-BGD-2025 Annotated Dataset\Bottle Gourd Disease Augmented Dataset\Anthracnose\Anthracnose00072_rotated_1383.jpg || D:\AI_Agriculture_Dataset\RAW_DATASETS\Bottle_Gourd\BG05_CAIRrlder\CAIR-BGD-2025 Annotated Dataset\Bottle Gourd Disease Augmented Dataset\Anthracnose\Anthracnose00072_rotated_895.jpg
274,46fc3e148c487b17f19d4521de7f242ddcff0022a3bb78616f50aab20f2c1102,3,WITHIN_DATASET,BG05_CAIR,D:\AI_Agriculture_Dataset\RAW_DATASETS\Bottle_Gourd\BG05_CAIRrlder\CAIR-BGD-2025 Annotated Dataset\Bottle Gourd Disease Augmented Dataset\Anthracnose\Anthracnose00072_shifted_1209.jpg || D:\AI_Agriculture_Dataset\RAW_DATASETS\Bottle_Gourd\BG05_CAIRrlder\CAIR-BGD-2025 Annotated Dataset\Bottle Gourd Disease Augmented Dataset\Anthracnose\Anthracnose00072_shifted_246.jpg || D:\AI_Agriculture_Dataset\RAW_DATASETS\Bottle_Gourd\BG05_CAIRrlder\CAIR-BGD-2025 Annotated Dataset\Bottle Gourd Disease Augmented Dataset\Anthracnose\Anthracnose00072_shifted_518.jpg
275,142aeb74fbb5bbdf7c2edc4787f6f4a5ab5829f245dd2bb1c173bf1d42cfb317,4,WITHIN_DATASET,BG05_CAIR,D:\AI_Agriculture_Dataset\RAW_DATASETS\Bottle_Gourd\BG05_CAIRrlder\CAIR-BGD-2025 Annotated Dataset\Bottle Gourd Disease Augmented Dataset\Anthracnose\Anthracnose00074_shifted_1456.jpg || D:\AI_Agriculture_Dataset\RAW_DATASETS\Bottle_Gourd\BG05_CAIRrlder\CAIR-BGD-2025 Annotated Dataset\Bottle Gourd Disease Augmented Dataset\Anthracnose\Anthracnose00074_shifted_1458.jpg || D:\AI_Agriculture_Dataset\RAW_DATASETS\Bottle_Gourd\BG05_CAIRrlder\CAIR-BGD-2025 Annotated Dataset\Bottle Gourd Disease Augmented Dataset\Anthracnose\Anthracnose00074_shifted_244.jpg || D:\AI_Agriculture_Dataset\RAW_DATASETS\Bottle_Gourd\BG05_CAIRrlder\CAIR-BGD-2025 Annotated Dataset\Bottle Gourd Disease Augmented Dataset\Anthracnose\Anthracnose00074_shifted_620.jpg
276,8a08ebc95a56c29736b5a92cc6a52135f56da2faa38be76ffc7534fdd02a0c4c,2,WITHIN_DATASET,BG05_CAIR,D:\AI_Agriculture_Dataset\RAW_DATASETS\Bottle_Gourd\BG05_CAIRrlder\CAIR-BGD-2025 Annotated Dataset\Bottle Gourd Disease Augmented Dataset\Anthracnose\Anthracnose00076_flipped_1074.jpg || D:\AI_Agriculture_Dataset\RAW_DATASETS\Bottle_Gourd\BG05_CAIRrlder\CAIR-BGD-2025 Annotated Dataset\Bottle Gourd Disease Augmented Dataset\Anthracnose\Anthracnose00076_flipped_1282.jpg
277,cca9730de90afcbd3df0ff036eb777f39b72890d121357ab61f8e019e9e6eb02,2,WITHIN_DATASET,BG05_CAIR,D:\AI_Agriculture_Dataset\RAW_DATASETS\Bottle_Gourd\BG05_CAIRrlder\CAIR-BGD-2025 Annotated Dataset\Bottle Gourd Disease Augmented Dataset\Anthracnose\Anthracnose00079_rotated_1005.jpg || D:\AI_Agriculture_Dataset\RAW_DATASETS\Bottle_Gourd\BG05_CAIRrlder\CAIR-BGD-2025 Annotated Dataset\Bottle Gourd Disease Augmented Dataset\Anthracnose\Anthracnose00079_rotated_1244.jpg
278,d6713c1e75f5854a56c99a1a3f12ad449c22f44bef5b8b37f6bd5891eb4b2e57,2,WITHIN_DATASET,BG05_CAIR,D:\AI_Agriculture_Dataset\RAW_DATASETS\Bottle_Gourd\BG05_CAIRrlder\CAIR-BGD-2025 Annotated Dataset\Bottle Gourd Disease Augmented Dataset\Anthracnose\Anthracnose00080_shifted_1359.jpg || D:\AI_Agriculture_Dataset\RAW_DATASETS\Bottle_Gourd\BG05_CAIRrlder\CAIR-BGD-2025 Annotated Dataset\Bottle Gourd Disease Augmented Dataset\Anthracnose\Anthracnose00080_shifted_441.jpg
279,da56fb5fe69bc3f5f9fee6497d856a0721625dd2a6a2c31a82561c4e2d95b375,2,WITHIN_DATASET,BG05_CAIR,D:\AI_Agriculture_Dataset\RAW_DATASETS\Bottle_Gourd\BG05_CAIRrlder\CAIR-BGD-2025 Annotated Dataset\Bottle Gourd Disease Augmented Dataset\Anthracnose\Anthracnose00081_rotated_1281.jpg || D:\AI_Agriculture_Dataset\RAW_DATASETS\Bottle_Gourd\BG05_CAIRrlder\CAIR-BGD-2025 Annotated Dataset\Bottle Gourd Disease Augmented Dataset\Anthracnose\Anthracnose00081_rotated_1457.jpg
280,55b8c16b6e8e5ef52e09a71156e6cbb812aa8bbcbf59316724483d19d129c633,2,WITHIN_DATASET,BG05_CAIR,D:\AI_Agriculture_Dataset\RAW_DATASETS\Bottle_Gourd\BG05_CAIRrlder\CAIR-BGD-2025 Annotated Dataset\Bottle Gourd Disease Augmented Dataset\Anthracnose\Anthracnose00081_shifted_109.jpg || D:\AI_Agriculture_Dataset\RAW_DATASETS\Bottle_Gourd\BG05_CAIRrlder\CAIR-BGD-2025 Annotated Dataset\Bottle Gourd Disease Augmented Dataset\Anthracnose\Anthracnose00081_shifted_1261.jpg
281,691ee54a48912dd063ed67e74521ac1701ce5cc22e4c0c38f10ad810e05d1eb6,3,WITHIN_DATASET,BG05_CAIR,D:\AI_Agriculture_Dataset\RAW_DATASETS\Bottle_Gourd\BG05_CAIRrlder\CAIR-BGD-2025 Annotated Dataset\Bottle Gourd Disease Augmented Dataset\Anthracnose\Anthracnose00082_rotated_1189.jpg || D:\AI_Agriculture_Dataset\RAW_DATASETS\Bottle_Gourd\BG05_CAIRrlder\CAIR-BGD-2025 Annotated Dataset\Bottle Gourd Disease Augmented Dataset\Anthracnose\Anthracnose00082_rotated_641.jpg || D:\AI_Agriculture_Dataset\RAW_DATASETS\Bottle_Gourd\BG05_CAIRrlder\CAIR-BGD-2025 Annotated Dataset\Bottle Gourd Disease Augmented Dataset\Anthracnose\Anthracnose00082_rotated_863.jpg
282,df50d241a13e87318857c28bd1e2fe91529c72a4a1cb6b7e1480ea2c9ff0809e,2,WITHIN_DATASET,BG05_CAIR,D:\AI_Agriculture_Dataset\RAW_DATASETS\Bottle_Gourd\BG05_CAIRrlder\CAIR-BGD-2025 Annotated Dataset\Bottle Gourd Disease Augmented Dataset\Anthracnose\Anthracnose00084_shifted_1177.jpg || D:\AI_Agriculture_Dataset\RAW_DATASETS\Bottle_Gourd\BG05_CAIRrlder\CAIR-BGD-2025 Annotated Dataset\Bottle Gourd Disease Augmented Dataset\Anthracnose\Anthracnose00084_shifted_174.jpg
283,9796794c8657f51527c42ed637a318b6ca174b3d0ad38a3637d5b0f64d1602bc,2,WITHIN_DATASET,BG05_CAIR,D:\AI_Agriculture_Dataset\RAW_DATASETS\Bottle_Gourd\BG05_CAIRrlder\CAIR-BGD-2025 Annotated Dataset\Bottle Gourd Disease Augmented Dataset\Anthracnose\Anthracnose00086_shifted_220.jpg || D:\AI_Agriculture_Dataset\RAW_DATASETS\Bottle_Gourd\BG05_CAIRrlder\CAIR-BGD-2025 Annotated Dataset\Bottle Gourd Disease Augmented Dataset\Anthracnose\Anthracnose00086_shifted_878.jpg
284,5b4321d97fbbbe4cb69b4ec26d8678cde7fd34736e87d70dbd839c0749586ad8,2,WITHIN_DATASET,BG05_CAIR,D:\AI_Agriculture_Dataset\RAW_DATASETS\Bottle_Gourd\BG05_CAIRrlder\CAIR-BGD-2025 Annotated Dataset\Bottle Gourd Disease Augmented Dataset\Anthracnose\Anthracnose00087_flipped_451.jpg || D:\AI_Agriculture_Dataset\RAW_DATASETS\Bottle_Gourd\BG05_CAIRrlder\CAIR-BGD-2025 Annotated Dataset\Bottle Gourd Disease Augmented Dataset\Anthracnose\Anthracnose00087_flipped_800.jpg
285,6537a1a1adaed4bc7eae892d4f6b45debdbc3cd9b018563c7fd3627db6eea58b,3,WITHIN_DATASET,BG05_CAIR,D:\AI_Agriculture_Dataset\RAW_DATASETS\Bottle_Gourd\BG05_CAIRrlder\CAIR-BGD-2025 Annotated Dataset\Bottle Gourd Disease Augmented Dataset\Anthracnose\Anthracnose00087_rotated_1161.jpg || D:\AI_Agriculture_Dataset\RAW_DATASETS\Bottle_Gourd\BG05_CAIRrlder\CAIR-BGD-2025 Annotated Dataset\Bottle Gourd Disease Augmented Dataset\Anthracnose\Anthracnose00087_rotated_293.jpg || D:\AI_Agriculture_Dataset\RAW_DATASETS\Bottle_Gourd\BG05_CAIRrlder\CAIR-BGD-2025 Annotated Dataset\Bottle Gourd Disease Augmented Dataset\Anthracnose\Anthracnose00087_rotated_839.jpg
286,c8d58063f95c1927a1f78597d802266d0788bdfe54815e9f7f1e09dcb8666daa,2,WITHIN_DATASET,BG05_CAIR,D:\AI_Agriculture_Dataset\RAW_DATASETS\Bottle_Gourd\BG05_CAIRrlder\CAIR-BGD-2025 Annotated Dataset\Bottle Gourd Disease Augmented Dataset\Anthracnose\Anthracnose00088_shifted_1310.jpg || D:\AI_Agriculture_Dataset\RAW_DATASETS\Bottle_Gourd\BG05_CAIRrlder\CAIR-BGD-2025 Annotated Dataset\Bottle Gourd Disease Augmented Dataset\Anthracnose\Anthracnose00088_shifted_780.jpg
287,9586e5bcaee0f1f8c0e0f480b825dce1a1f0a499061e7e221f188404da0c0645,4,WITHIN_DATASET,BG05_CAIR,D:\AI_Agriculture_Dataset\RAW_DATASETS\Bottle_Gourd\BG05_CAIRrlder\CAIR-BGD-2025 Annotated Dataset\Bottle Gourd Disease Augmented Dataset\Anthracnose\Anthracnose00090_flipped_1039.jpg || D:\AI_Agriculture_Dataset\RAW_DATASETS\Bottle_Gourd\BG05_CAIRrlder\CAIR-BGD-2025 Annotated Dataset\Bottle Gourd Disease Augmented Dataset\Anthracnose\Anthracnose00090_flipped_107.jpg || D:\AI_Agriculture_Dataset\RAW_DATASETS\Bottle_Gourd\BG05_CAIRrlder\CAIR-BGD-2025 Annotated Dataset\Bottle Gourd Disease Augmented Dataset\Anthracnose\Anthracnose00090_flipped_692.jpg || D:\AI_Agriculture_Dataset\RAW_DATASETS\Bottle_Gourd\BG05_CAIRrlder\CAIR-BGD-2025 Annotated Dataset\Bottle Gourd Disease Augmented Dataset\Anthracnose\Anthracnose00090_flipped_852.jpg
288,33417c98787ecf38d7026c1885f26f5fea71db6c5e976950fe8ff304bc1e7851,2,WITHIN_DATASET,BG05_CAIR,D:\AI_Agriculture_Dataset\RAW_DATASETS\Bottle_Gourd\BG05_CAIRrlder\CAIR-BGD-2025 Annotated Dataset\Bottle Gourd Disease Augmented Dataset\Anthracnose\Anthracnose00091_flipped_104.jpg || D:\AI_Agriculture_Dataset\RAW_DATASETS\Bottle_Gourd\BG05_CAIRrlder\CAIR-BGD-2025 Annotated Dataset\Bottle Gourd Disease Augmented Dataset\Anthracnose\Anthracnose00091_flipped_521.jpg
289,59f7e991836ed67cb51a92a44ae60d46b874538488c60a7ab8f9897073d6fbe5,2,WITHIN_DATASET,BG05_CAIR,D:\AI_Agriculture_Dataset\RAW_DATASETS\Bottle_Gourd\BG05_CAIRrlder\CAIR-BGD-2025 Annotated Dataset\Bottle Gourd Disease Augmented Dataset\Anthracnose\Anthracnose00093_flipped_1206.jpg || D:\AI_Agriculture_Dataset\RAW_DATASETS\Bottle_Gourd\BG05_CAIRrlder\CAIR-BGD-2025 Annotated Dataset\Bottle Gourd Disease Augmented Dataset\Anthracnose\Anthracnose00093_flipped_730.jpg
290,27de4d796b7bffaf9008fbd02220195c7d2f8696b0624ae418831e5bb5d50f88,2,WITHIN_DATASET,BG05_CAIR,D:\AI_Agriculture_Dataset\RAW_DATASETS\Bottle_Gourd\BG05_CAIRrlder\CAIR-BGD-2025 Annotated Dataset\Bottle Gourd Disease Augmented Dataset\Anthracnose\Anthracnose00093_rotated_443.jpg || D:\AI_Agriculture_Dataset\RAW_DATASETS\Bottle_Gourd\BG05_CAIRrlder\CAIR-BGD-2025 Annotated Dataset\Bottle Gourd Disease Augmented Dataset\Anthracnose\Anthracnose00093_rotated_815.jpg
291,5d7c17ad5401f685c14068f6af4a42918b3191385627018ee325d3cb699051db,3,WITHIN_DATASET,BG05_CAIR,D:\AI_Agriculture_Dataset\RAW_DATASETS\Bottle_Gourd\BG05_CAIRrlder\CAIR-BGD-2025 Annotated Dataset\Bottle Gourd Disease Augmented Dataset\Anthracnose\Anthracnose00093_shifted_297.jpg || D:\AI_Agriculture_Dataset\RAW_DATASETS\Bottle_Gourd\BG05_CAIRrlder\CAIR-BGD-2025 Annotated Dataset\Bottle Gourd Disease Augmented Dataset\Anthracnose\Anthracnose00093_shifted_646.jpg || D:\AI_Agriculture_Dataset\RAW_DATASETS\Bottle_Gourd\BG05_CAIRrlder\CAIR-BGD-2025 Annotated Dataset\Bottle Gourd Disease Augmented Dataset\Anthracnose\Anthracnose00093_shifted_972.jpg
292,0f5ca6ceaf2c4ce5d3482a315888b599868dab6b539dd1c320177a337187007a,2,WITHIN_DATASET,BG05_CAIR,D:\AI_Agriculture_Dataset\RAW_DATASETS\Bottle_Gourd\BG05_CAIRrlder\CAIR-BGD-2025 Annotated Dataset\Bottle Gourd Disease Augmented Dataset\Anthracnose\Anthracnose00094_flipped_483.jpg || D:\AI_Agriculture_Dataset\RAW_DATASETS\Bottle_Gourd\BG05_CAIRrlder\CAIR-BGD-2025 Annotated Dataset\Bottle Gourd Disease Augmented Dataset\Anthracnose\Anthracnose00094_flipped_746.jpg
293,290596b8994c1e4fe956fa88ddb3f4d43b278675427c5d71a146e1d15edc4021,3,WITHIN_DATASET,BG05_CAIR,D:\AI_Agriculture_Dataset\RAW_DATASETS\Bottle_Gourd\BG05_CAIRrlder\CAIR-BGD-2025 Annotated Dataset\Bottle Gourd Disease Augmented Dataset\Anthracnose\Anthracnose00095_rotated_1493.jpg || D:\AI_Agriculture_Dataset\RAW_DATASETS\Bottle_Gourd\BG05_CAIRrlder\CAIR-BGD-2025 Annotated Dataset\Bottle Gourd Disease Augmented Dataset\Anthracnose\Anthracnose00095_rotated_758.jpg || D:\AI_Agriculture_Dataset\RAW_DATASETS\Bottle_Gourd\BG05_CAIRrlder\CAIR-BGD-2025 Annotated Dataset\Bottle Gourd Disease Augmented Dataset\Anthracnose\Anthracnose00095_rotated_770.jpg
294,bed7cfad4ea91bbbd60213ed29f8547ec9466b320c496cb5b1ff21fb68343216,2,WITHIN_DATASET,BG05_CAIR,D:\AI_Agriculture_Dataset\RAW_DATASETS\Bottle_Gourd\BG05_CAIRrlder\CAIR-BGD-2025 Annotated Dataset\Bottle Gourd Disease Augmented Dataset\Anthracnose\Anthracnose00095_shifted_189.jpg || D:\AI_Agriculture_Dataset\RAW_DATASETS\Bottle_Gourd\BG05_CAIRrlder\CAIR-BGD-2025 Annotated Dataset\Bottle Gourd Disease Augmented Dataset\Anthracnose\Anthracnose00095_shifted_524.jpg
295,d71d0627ff33c0072bf390b3bf0abbf5371e510152c57682471441e61ff12069,3,WITHIN_DATASET,BG05_CAIR,D:\AI_Agriculture_Dataset\RAW_DATASETS\Bottle_Gourd\BG05_CAIRrlder\CAIR-BGD-2025 Annotated Dataset\Bottle Gourd Disease Augmented Dataset\Anthracnose\Anthracnose00099_flipped_250.jpg || D:\AI_Agriculture_Dataset\RAW_DATASETS\Bottle_Gourd\BG05_CAIRrlder\CAIR-BGD-2025 Annotated Dataset\Bottle Gourd Disease Augmented Dataset\Anthracnose\Anthracnose00099_flipped_739.jpg || D:\AI_Agriculture_Dataset\RAW_DATASETS\Bottle_Gourd\BG05_CAIRrlder\CAIR-BGD-2025 Annotated Dataset\Bottle Gourd Disease Augmented Dataset\Anthracnose\Anthracnose00099_flipped_783.jpg
296,0ded257a83fe603fecd4158f2c7a3b0b742b91769532688231d02efc52183827,3,WITHIN_DATASET,BG05_CAIR,D:\AI_Agriculture_Dataset\RAW_DATASETS\Bottle_Gourd\BG05_CAIRrlder\CAIR-BGD-2025 Annotated Dataset\Bottle Gourd Disease Augmented Dataset\Anthracnose\Anthracnose00100_shifted_1423.jpg || D:\AI_Agriculture_Dataset\RAW_DATASETS\Bottle_Gourd\BG05_CAIRrlder\CAIR-BGD-2025 Annotated Dataset\Bottle Gourd Disease Augmented Dataset\Anthracnose\Anthracnose00100_shifted_1471.jpg || D:\AI_Agriculture_Dataset\RAW_DATASETS\Bottle_Gourd\BG05_CAIRrlder\CAIR-BGD-2025 Annotated Dataset\Bottle Gourd Disease Augmented Dataset\Anthracnose\Anthracnose00100_shifted_281.jpg
297,7af3788a5c66da598f192a96e40646cd662a4ee8602dc79824a3b0c7d3a8b6a5,3,WITHIN_DATASET,BG05_CAIR,D:\AI_Agriculture_Dataset\RAW_DATASETS\Bottle_Gourd\BG05_CAIRrlder\CAIR-BGD-2025 Annotated Dataset\Bottle Gourd Disease Augmented Dataset\Anthracnose\Anthracnose00102_rotated_1438.jpg || D:\AI_Agriculture_Dataset\RAW_DATASETS\Bottle_Gourd\BG05_CAIRrlder\CAIR-BGD-2025 Annotated Dataset\Bottle Gourd Disease Augmented Dataset\Anthracnose\Anthracnose00102_rotated_332.jpg || D:\AI_Agriculture_Dataset\RAW_DATASETS\Bottle_Gourd\BG05_CAIRrlder\CAIR-BGD-2025 Annotated Dataset\Bottle Gourd Disease Augmented Dataset\Anthracnose\Anthracnose00102_rotated_435.jpg
298,b1b3b3bc0a6bfe01fce035d14d6fc24827e7221dae9829545e0a3e852829ae0b,2,WITHIN_DATASET,BG05_CAIR,D:\AI_Agriculture_Dataset\RAW_DATASETS\Bottle_Gourd\BG05_CAIRrlder\CAIR-BGD-2025 Annotated Dataset\Bottle Gourd Disease Augmented Dataset\Anthracnose\Anthracnose00104_flipped_1327.jpg || D:\AI_Agriculture_Dataset\RAW_DATASETS\Bottle_Gourd\BG05_CAIRrlder\CAIR-BGD-2025 Annotated Dataset\Bottle Gourd Disease Augmented Dataset\Anthracnose\Anthracnose00104_flipped_362.jpg
299,2e6e3e056d96b81ea46c0421bb893c320a7aaeb66b8cfdb8b179a9267ccdf4ce,2,WITHIN_DATASET,BG05_CAIR,D:\AI_Agriculture_Dataset\RAW_DATASETS\Bottle_Gourd\BG05_CAIRrlder\CAIR-BGD-2025 Annotated Dataset\Bottle Gourd Disease Augmented Dataset\Anthracnose\Anthracnose00104_rotated_179.jpg || D:\AI_Agriculture_Dataset\RAW_DATASETS\Bottle_Gourd\BG05_CAIRrlder\CAIR-BGD-2025 Annotated Dataset\Bottle Gourd Disease Augmented Dataset\Anthracnose\Anthracnose00104_rotated_375.jpg
300,939bd522f6e968bf1eee6d07b9a12417867460ddd3032a35a5025d95ade514f3,3,WITHIN_DATASET,BG05_CAIR,D:\AI_Agriculture_Dataset\RAW_DATASETS\Bottle_Gourd\BG05_CAIRrlder\CAIR-BGD-2025 Annotated Dataset\Bottle Gourd Disease Augmented Dataset\Anthracnose\Anthracnose00105_rotated_1267.jpg || D:\AI_Agriculture_Dataset\RAW_DATASETS\Bottle_Gourd\BG05_CAIRrlder\CAIR-BGD-2025 Annotated Dataset\Bottle Gourd Disease Augmented Dataset\Anthracnose\Anthracnose00105_rotated_1422.jpg || D:\AI_Agriculture_Dataset\RAW_DATASETS\Bottle_Gourd\BG05_CAIRrlder\CAIR-BGD-2025 Annotated Dataset\Bottle Gourd Disease Augmented Dataset\Anthracnose\Anthracnose00105_rotated_536.jpg
301,b4f05be823b3091a57bfa992b4d83c5ae655d5d3e629cb1a2ca5d9ab91bfeda3,2,WITHIN_DATASET,BG05_CAIR,D:\AI_Agriculture_Dataset\RAW_DATASETS\Bottle_Gourd\BG05_CAIRrlder\CAIR-BGD-2025 Annotated Dataset\Bottle Gourd Disease Augmented Dataset\Anthracnose\Anthracnose00106_shifted_1436.jpg || D:\AI_Agriculture_Dataset\RAW_DATASETS\Bottle_Gourd\BG05_CAIRrlder\CAIR-BGD-2025 Annotated Dataset\Bottle Gourd Disease Augmented Dataset\Anthracnose\Anthracnose00106_shifted_338.jpg
302,89cb946c394e7206c9f948ce6a0a8cbffbdd88abbb9ed05c2fe0c9445dbaeb06,2,WITHIN_DATASET,BG05_CAIR,D:\AI_Agriculture_Dataset\RAW_DATASETS\Bottle_Gourd\BG05_CAIRrlder\CAIR-BGD-2025 Annotated Dataset\Bottle Gourd Disease Augmented Dataset\Anthracnose\Anthracnose00110_rotated_1496.jpg || D:\AI_Agriculture_Dataset\RAW_DATASETS\Bottle_Gourd\BG05_CAIRrlder\CAIR-BGD-2025 Annotated Dataset\Bottle Gourd Disease Augmented Dataset\Anthracnose\Anthracnose00110_rotated_94.jpg
303,ffd036efcbb2cc7713591a113198fa5d4816c7a6e3e31ffc5ec7c2678974df5d,2,WITHIN_DATASET,BG05_CAIR,D:\AI_Agriculture_Dataset\RAW_DATASETS\Bottle_Gourd\BG05_CAIRrlder\CAIR-BGD-2025 Annotated Dataset\Bottle Gourd Disease Augmented Dataset\Anthracnose\Anthracnose00110_shifted_151.jpg || D:\AI_Agriculture_Dataset\RAW_DATASETS\Bottle_Gourd\BG05_CAIRrlder\CAIR-BGD-2025 Annotated Dataset\Bottle Gourd Disease Augmented Dataset\Anthracnose\Anthracnose00110_shifted_48.jpg
304,b4b916c35d234592ea38335ade3713b8771e9c8c4878e2a6554af157896e4d63,3,WITHIN_DATASET,BG05_CAIR,D:\AI_Agriculture_Dataset\RAW_DATASETS\Bottle_Gourd\BG05_CAIRrlder\CAIR-BGD-2025 Annotated Dataset\Bottle Gourd Disease Augmented Dataset\Anthracnose\Anthracnose00112_flipped_0.jpg || D:\AI_Agriculture_Dataset\RAW_DATASETS\Bottle_Gourd\BG05_CAIRrlder\CAIR-BGD-2025 Annotated Dataset\Bottle Gourd Disease Augmented Dataset\Anthracnose\Anthracnose00112_flipped_1023.jpg || D:\AI_Agriculture_Dataset\RAW_DATASETS\Bottle_Gourd\BG05_CAIRrlder\CAIR-BGD-2025 Annotated Dataset\Bottle Gourd Disease Augmented Dataset\Anthracnose\Anthracnose00112_flipped_736.jpg
305,5ab1375445c274d614b19fd5cb0e40bcbb07755d53a62a25c9fad6dac3c181c3,3,WITHIN_DATASET,BG05_CAIR,D:\AI_Agriculture_Dataset\RAW_DATASETS\Bottle_Gourd\BG05_CAIRrlder\CAIR-BGD-2025 Annotated Dataset\Bottle Gourd Disease Augmented Dataset\Anthracnose\Anthracnose00113_shifted_1208.jpg || D:\AI_Agriculture_Dataset\RAW_DATASETS\Bottle_Gourd\BG05_CAIRrlder\CAIR-BGD-2025 Annotated Dataset\Bottle Gourd Disease Augmented Dataset\Anthracnose\Anthracnose00113_shifted_572.jpg || D:\AI_Agriculture_Dataset\RAW_DATASETS\Bottle_Gourd\BG05_CAIRrlder\CAIR-BGD-2025 Annotated Dataset\Bottle Gourd Disease Augmented Dataset\Anthracnose\Anthracnose00113_shifted_60.jpg
306,b0c60fd61aea73cf61c0260e4484dc5af66375b8dc12fc59e3a9abe0384c55f9,3,WITHIN_DATASET,BG05_CAIR,D:\AI_Agriculture_Dataset\RAW_DATASETS\Bottle_Gourd\BG05_CAIRrlder\CAIR-BGD-2025 Annotated Dataset\Bottle Gourd Disease Augmented Dataset\Anthracnose\Anthracnose00114_flipped_1265.jpg || D:\AI_Agriculture_Dataset\RAW_DATASETS\Bottle_Gourd\BG05_CAIRrlder\CAIR-BGD-2025 Annotated Dataset\Bottle Gourd Disease Augmented Dataset\Anthracnose\Anthracnose00114_flipped_1413.jpg || D:\AI_Agriculture_Dataset\RAW_DATASETS\Bottle_Gourd\BG05_CAIRrlder\CAIR-BGD-2025 Annotated Dataset\Bottle Gourd Disease Augmented Dataset\Anthracnose\Anthracnose00114_flipped_486.jpg
307,52c748d4e7e5d1cdc43b99be90473b777a2b39e7066fc4e255f8f4c8c7c47c9f,2,WITHIN_DATASET,BG05_CAIR,D:\AI_Agriculture_Dataset\RAW_DATASETS\Bottle_Gourd\BG05_CAIRrlder\CAIR-BGD-2025 Annotated Dataset\Bottle Gourd Disease Augmented Dataset\Anthracnose\Anthracnose00114_rotated_217.jpg || D:\AI_Agriculture_Dataset\RAW_DATASETS\Bottle_Gourd\BG05_CAIRrlder\CAIR-BGD-2025 Annotated Dataset\Bottle Gourd Disease Augmented Dataset\Anthracnose\Anthracnose00114_rotated_40.jpg
308,60f8aa91dd8ae4ab695cfc9db5ab57fda94606f5a9b1985a04bf07d95780184c,2,WITHIN_DATASET,BG05_CAIR,D:\AI_Agriculture_Dataset\RAW_DATASETS\Bottle_Gourd\BG05_CAIRrlder\CAIR-BGD-2025 Annotated Dataset\Bottle Gourd Disease Augmented Dataset\Anthracnose\Anthracnose00114_shifted_413.jpg || D:\AI_Agriculture_Dataset\RAW_DATASETS\Bottle_Gourd\BG05_CAIRrlder\CAIR-BGD-2025 Annotated Dataset\Bottle Gourd Disease Augmented Dataset\Anthracnose\Anthracnose00114_shifted_480.jpg
309,621afcda40afc447729adae23f2a18fb19301700694a2f971a799c31ddd9ebfc,3,WITHIN_DATASET,BG05_CAIR,D:\AI_Agriculture_Dataset\RAW_DATASETS\Bottle_Gourd\BG05_CAIRrlder\CAIR-BGD-2025 Annotated Dataset\Bottle Gourd Disease Augmented Dataset\Anthracnose\Anthracnose00116_flipped_1098.jpg || D:\AI_Agriculture_Dataset\RAW_DATASETS\Bottle_Gourd\BG05_CAIRrlder\CAIR-BGD-2025 Annotated Dataset\Bottle Gourd Disease Augmented Dataset\Anthracnose\Anthracnose00116_flipped_308.jpg || D:\AI_Agriculture_Dataset\RAW_DATASETS\Bottle_Gourd\BG05_CAIRrlder\CAIR-BGD-2025 Annotated Dataset\Bottle Gourd Disease Augmented Dataset\Anthracnose\Anthracnose00116_flipped_51.jpg
310,1b7ce9eb3c962f25292a863cbf1ef84e7ffea8fb12f1379f87a88086d1f2fd7d,2,WITHIN_DATASET,BG05_CAIR,D:\AI_Agriculture_Dataset\RAW_DATASETS\Bottle_Gourd\BG05_CAIRrlder\CAIR-BGD-2025 Annotated Dataset\Bottle Gourd Disease Augmented Dataset\Anthracnose\Anthracnose00116_rotated_1121.jpg || D:\AI_Agriculture_Dataset\RAW_DATASETS\Bottle_Gourd\BG05_CAIRrlder\CAIR-BGD-2025 Annotated Dataset\Bottle Gourd Disease Augmented Dataset\Anthracnose\Anthracnose00116_rotated_188.jpg
311,034cbe6470a50f3d2078c11b481db92ce0fd9f3f619892465363d5ec87c72e6d,2,WITHIN_DATASET,BG05_CAIR,D:\AI_Agriculture_Dataset\RAW_DATASETS\Bottle_Gourd\BG05_CAIRrlder\CAIR-BGD-2025 Annotated Dataset\Bottle Gourd Disease Augmented Dataset\Anthracnose\Anthracnose00116_shifted_18.jpg || D:\AI_Agriculture_Dataset\RAW_DATASETS\Bottle_Gourd\BG05_CAIRrlder\CAIR-BGD-2025 Annotated Dataset\Bottle Gourd Disease Augmented Dataset\Anthracnose\Anthracnose00116_shifted_816.jpg
312,40dd09936eb14e63aa6937d1f2b938226cc0b03d94eaf9ee401118e38017ce5e,2,WITHIN_DATASET,BG05_CAIR,D:\AI_Agriculture_Dataset\RAW_DATASETS\Bottle_Gourd\BG05_CAIRrlder\CAIR-BGD-2025 Annotated Dataset\Bottle Gourd Disease Augmented Dataset\Anthracnose\Anthracnose00117_rotated_291.jpg || D:\AI_Agriculture_Dataset\RAW_DATASETS\Bottle_Gourd\BG05_CAIRrlder\CAIR-BGD-2025 Annotated Dataset\Bottle Gourd Disease Augmented Dataset\Anthracnose\Anthracnose00117_rotated_845.jpg
313,8d53ec4c274a0e338b359ec5625afbb04c65438763dc8f3226a89fda749e3e5d,2,WITHIN_DATASET,BG05_CAIR,D:\AI_Agriculture_Dataset\RAW_DATASETS\Bottle_Gourd\BG05_CAIRrlder\CAIR-BGD-2025 Annotated Dataset\Bottle Gourd Disease Augmented Dataset\Anthracnose\Anthracnose00118_shifted_541.jpg || D:\AI_Agriculture_Dataset\RAW_DATASETS\Bottle_Gourd\BG05_CAIRrlder\CAIR-BGD-2025 Annotated Dataset\Bottle Gourd Disease Augmented Dataset\Anthracnose\Anthracnose00118_shifted_574.jpg
314,7b0d9f44305bd4fad1e285a04bf397ce5227612720ab6950889ef8e4c9c3fb9d,3,WITHIN_DATASET,BG05_CAIR,D:\AI_Agriculture_Dataset\RAW_DATASETS\Bottle_Gourd\BG05_CAIRrlder\CAIR-BGD-2025 Annotated Dataset\Bottle Gourd Disease Augmented Dataset\Anthracnose\Anthracnose00119_shifted_1213.jpg || D:\AI_Agriculture_Dataset\RAW_DATASETS\Bottle_Gourd\BG05_CAIRrlder\CAIR-BGD-2025 Annotated Dataset\Bottle Gourd Disease Augmented Dataset\Anthracnose\Anthracnose00119_shifted_1494.jpg || D:\AI_Agriculture_Dataset\RAW_DATASETS\Bottle_Gourd\BG05_CAIRrlder\CAIR-BGD-2025 Annotated Dataset\Bottle Gourd Disease Augmented Dataset\Anthracnose\Anthracnose00119_shifted_549.jpg
315,12604e586f5c0c8ce391a1c0acd973549d21ce6aba639e5524b1a57582619fe9,2,WITHIN_DATASET,BG05_CAIR,D:\AI_Agriculture_Dataset\RAW_DATASETS\Bottle_Gourd\BG05_CAIRrlder\CAIR-BGD-2025 Annotated Dataset\Bottle Gourd Disease Augmented Dataset\Anthracnose\Anthracnose00122_flipped_1454.jpg || D:\AI_Agriculture_Dataset\RAW_DATASETS\Bottle_Gourd\BG05_CAIRrlder\CAIR-BGD-2025 Annotated Dataset\Bottle Gourd Disease Augmented Dataset\Anthracnose\Anthracnose00122_flipped_77.jpg
316,e19340b09e503b7d61fd4e904431f8f713aced471745c14527dca5a5d229bd70,2,WITHIN_DATASET,BG05_CAIR,D:\AI_Agriculture_Dataset\RAW_DATASETS\Bottle_Gourd\BG05_CAIRrlder\CAIR-BGD-2025 Annotated Dataset\Bottle Gourd Disease Augmented Dataset\Anthracnose\Anthracnose00124_rotated_344.jpg || D:\AI_Agriculture_Dataset\RAW_DATASETS\Bottle_Gourd\BG05_CAIRrlder\CAIR-BGD-2025 Annotated Dataset\Bottle Gourd Disease Augmented Dataset\Anthracnose\Anthracnose00124_rotated_796.jpg
317,246316d3e9a245ca95d2b90dfa96840cfa6cf680b3e3f7388efb23308371407d,2,WITHIN_DATASET,BG05_CAIR,D:\AI_Agriculture_Dataset\RAW_DATASETS\Bottle_Gourd\BG05_CAIRrlder\CAIR-BGD-2025 Annotated Dataset\Bottle Gourd Disease Augmented Dataset\Anthracnose\Anthracnose00125_flipped_1278.jpg || D:\AI_Agriculture_Dataset\RAW_DATASETS\Bottle_Gourd\BG05_CAIRrlder\CAIR-BGD-2025 Annotated Dataset\Bottle Gourd Disease Augmented Dataset\Anthracnose\Anthracnose00125_flipped_143.jpg
318,9fa15f953ba045280824429f70ef398908e158e3985a754378e28ef710e5e6c3,2,WITHIN_DATASET,BG05_CAIR,D:\AI_Agriculture_Dataset\RAW_DATASETS\Bottle_Gourd\BG05_CAIRrlder\CAIR-BGD-2025 Annotated Dataset\Bottle Gourd Disease Augmented Dataset\Anthracnose\Anthracnose00125_shifted_1291.jpg || D:\AI_Agriculture_Dataset\RAW_DATASETS\Bottle_Gourd\BG05_CAIRrlder\CAIR-BGD-2025 Annotated Dataset\Bottle Gourd Disease Augmented Dataset\Anthracnose\Anthracnose00125_shifted_813.jpg
319,a69c787025dd22fb6c8d1f9d958e8d4b55cffc0c71a81cc5ff7bfb163dfffa66,4,WITHIN_DATASET,BG05_CAIR,D:\AI_Agriculture_Dataset\RAW_DATASETS\Bottle_Gourd\BG05_CAIRrlder\CAIR-BGD-2025 Annotated Dataset\Bottle Gourd Disease Augmented Dataset\Anthracnose\Anthracnose00126_rotated_1117.jpg || D:\AI_Agriculture_Dataset\RAW_DATASETS\Bottle_Gourd\BG05_CAIRrlder\CAIR-BGD-2025 Annotated Dataset\Bottle Gourd Disease Augmented Dataset\Anthracnose\Anthracnose00126_rotated_1166.jpg || D:\AI_Agriculture_Dataset\RAW_DATASETS\Bottle_Gourd\BG05_CAIRrlder\CAIR-BGD-2025 Annotated Dataset\Bottle Gourd Disease Augmented Dataset\Anthracnose\Anthracnose00126_rotated_146.jpg || D:\AI_Agriculture_Dataset\RAW_DATASETS\Bottle_Gourd\BG05_CAIRrlder\CAIR-BGD-2025 Annotated Dataset\Bottle Gourd Disease Augmented Dataset\Anthracnose\Anthracnose00126_rotated_961.jpg
320,b07dc13be632aaa8cf0a5655a7980ebcc74505df836127a7b4212fa315d1545e,3,WITHIN_DATASET,BG05_CAIR,D:\AI_Agriculture_Dataset\RAW_DATASETS\Bottle_Gourd\BG05_CAIRrlder\CAIR-BGD-2025 Annotated Dataset\Bottle Gourd Disease Augmented Dataset\Anthracnose\Anthracnose00127_shifted_185.jpg || D:\AI_Agriculture_Dataset\RAW_DATASETS\Bottle_Gourd\BG05_CAIRrlder\CAIR-BGD-2025 Annotated Dataset\Bottle Gourd Disease Augmented Dataset\Anthracnose\Anthracnose00127_shifted_298.jpg || D:\AI_Agriculture_Dataset\RAW_DATASETS\Bottle_Gourd\BG05_CAIRrlder\CAIR-BGD-2025 Annotated Dataset\Bottle Gourd Disease Augmented Dataset\Anthracnose\Anthracnose00127_shifted_557.jpg
321,1568a8bc671824c5c15119f4a37449242dce40f73cc4c16d1a393f5fd0a70cbd,3,WITHIN_DATASET,BG05_CAIR,D:\AI_Agriculture_Dataset\RAW_DATASETS\Bottle_Gourd\BG05_CAIRrlder\CAIR-BGD-2025 Annotated Dataset\Bottle Gourd Disease Augmented Dataset\Anthracnose\Anthracnose00128_shifted_1040.jpg || D:\AI_Agriculture_Dataset\RAW_DATASETS\Bottle_Gourd\BG05_CAIRrlder\CAIR-BGD-2025 Annotated Dataset\Bottle Gourd Disease Augmented Dataset\Anthracnose\Anthracnose00128_shifted_176.jpg || D:\AI_Agriculture_Dataset\RAW_DATASETS\Bottle_Gourd\BG05_CAIRrlder\CAIR-BGD-2025 Annotated Dataset\Bottle Gourd Disease Augmented Dataset\Anthracnose\Anthracnose00128_shifted_68.jpg
322,592de3a650450992e8283d6f2ecd0c3cf640cd58ce19ad11535117f12de2b0be,2,WITHIN_DATASET,BG05_CAIR,D:\AI_Agriculture_Dataset\RAW_DATASETS\Bottle_Gourd\BG05_CAIRrlder\CAIR-BGD-2025 Annotated Dataset\Bottle Gourd Disease Augmented Dataset\Anthracnose\Anthracnose00129_flipped_1100.jpg || D:\AI_Agriculture_Dataset\RAW_DATASETS\Bottle_Gourd\BG05_CAIRrlder\CAIR-BGD-2025 Annotated Dataset\Bottle Gourd Disease Augmented Dataset\Anthracnose\Anthracnose00129_flipped_1426.jpg
323,398dbf32bd7d889097588abeae0df5a44d720dd349dacc5e03f6682215aafce7,2,WITHIN_DATASET,BG05_CAIR,D:\AI_Agriculture_Dataset\RAW_DATASETS\Bottle_Gourd\BG05_CAIRrlder\CAIR-BGD-2025 Annotated Dataset\Bottle Gourd Disease Augmented Dataset\Anthracnose\Anthracnose00129_rotated_597.jpg || D:\AI_Agriculture_Dataset\RAW_DATASETS\Bottle_Gourd\BG05_CAIRrlder\CAIR-BGD-2025 Annotated Dataset\Bottle Gourd Disease Augmented Dataset\Anthracnose\Anthracnose00129_rotated_753.jpg
324,8ec342862004547a0a081c31479e7ec0927acce27ba87009dbc2d414ef6bd0db,2,WITHIN_DATASET,BG05_CAIR,D:\AI_Agriculture_Dataset\RAW_DATASETS\Bottle_Gourd\BG05_CAIRrlder\CAIR-BGD-2025 Annotated Dataset\Bottle Gourd Disease Augmented Dataset\Anthracnose\Anthracnose00133_rotated_272.jpg || D:\AI_Agriculture_Dataset\RAW_DATASETS\Bottle_Gourd\BG05_CAIRrlder\CAIR-BGD-2025 Annotated Dataset\Bottle Gourd Disease Augmented Dataset\Anthracnose\Anthracnose00133_rotated_733.jpg
325,744561c9ccd90afd9e6ad32dcc564bef0f8715f75be3e1949a3f8eb476aa07ae,2,WITHIN_DATASET,BG05_CAIR,D:\AI_Agriculture_Dataset\RAW_DATASETS\Bottle_Gourd\BG05_CAIRrlder\CAIR-BGD-2025 Annotated Dataset\Bottle Gourd Disease Augmented Dataset\Anthracnose\Anthracnose00134_flipped_1437.jpg || D:\AI_Agriculture_Dataset\RAW_DATASETS\Bottle_Gourd\BG05_CAIRrlder\CAIR-BGD-2025 Annotated Dataset\Bottle Gourd Disease Augmented Dataset\Anthracnose\Anthracnose00134_flipped_323.jpg
326,26303bb3a60421e1a63829f39606f6fda5cf8cfd97079aadc741dbdd589d08c1,5,WITHIN_DATASET,BG05_CAIR,D:\AI_Agriculture_Dataset\RAW_DATASETS\Bottle_Gourd\BG05_CAIRrlder\CAIR-BGD-2025 Annotated Dataset\Bottle Gourd Disease Augmented Dataset\Anthracnose\Anthracnose00137_rotated_1094.jpg || D:\AI_Agriculture_Dataset\RAW_DATASETS\Bottle_Gourd\BG05_CAIRrlder\CAIR-BGD-2025 Annotated Dataset\Bottle Gourd Disease Augmented Dataset\Anthracnose\Anthracnose00137_rotated_118.jpg || D:\AI_Agriculture_Dataset\RAW_DATASETS\Bottle_Gourd\BG05_CAIRrlder\CAIR-BGD-2025 Annotated Dataset\Bottle Gourd Disease Augmented Dataset\Anthracnose\Anthracnose00137_rotated_1361.jpg || D:\AI_Agriculture_Dataset\RAW_DATASETS\Bottle_Gourd\BG05_CAIRrlder\CAIR-BGD-2025 Annotated Dataset\Bottle Gourd Disease Augmented Dataset\Anthracnose\Anthracnose00137_rotated_369.jpg || D:\AI_Agriculture_Dataset\RAW_DATASETS\Bottle_Gourd\BG05_CAIRrlder\CAIR-BGD-2025 Annotated Dataset\Bottle Gourd Disease Augmented Dataset\Anthracnose\Anthracnose00137_rotated_621.jpg
327,d85340eb40759d5a5f0144bc007a3c34b459ad7edf5c2305f6168f473ef5c5f5,2,WITHIN_DATASET,BG05_CAIR,D:\AI_Agriculture_Dataset\RAW_DATASETS\Bottle_Gourd\BG05_CAIRrlder\CAIR-BGD-2025 Annotated Dataset\Bottle Gourd Disease Augmented Dataset\Anthracnose\Anthracnose00137_shifted_1153.jpg || D:\AI_Agriculture_Dataset\RAW_DATASETS\Bottle_Gourd\BG05_CAIRrlder\CAIR-BGD-2025 Annotated Dataset\Bottle Gourd Disease Augmented Dataset\Anthracnose\Anthracnose00137_shifted_1417.jpg
328,c0bfb1075522f79526ae350ab339581e746a7631508331ff397da687b3e665b1,2,WITHIN_DATASET,BG05_CAIR,D:\AI_Agriculture_Dataset\RAW_DATASETS\Bottle_Gourd\BG05_CAIRrlder\CAIR-BGD-2025 Annotated Dataset\Bottle Gourd Disease Augmented Dataset\Anthracnose\Anthracnose00138_shifted_1013.jpg || D:\AI_Agriculture_Dataset\RAW_DATASETS\Bottle_Gourd\BG05_CAIRrlder\CAIR-BGD-2025 Annotated Dataset\Bottle Gourd Disease Augmented Dataset\Anthracnose\Anthracnose00138_shifted_888.jpg
329,61ebd70100bd65e50fe14a6d8a16d9628416fde56f35e92c06e41fcb3f591ab4,2,WITHIN_DATASET,BG05_CAIR,D:\AI_Agriculture_Dataset\RAW_DATASETS\Bottle_Gourd\BG05_CAIRrlder\CAIR-BGD-2025 Annotated Dataset\Bottle Gourd Disease Augmented Dataset\Anthracnose\Anthracnose00141_flipped_211.jpg || D:\AI_Agriculture_Dataset\RAW_DATASETS\Bottle_Gourd\BG05_CAIRrlder\CAIR-BGD-2025 Annotated Dataset\Bottle Gourd Disease Augmented Dataset\Anthracnose\Anthracnose00141_flipped_395.jpg
330,e06ac67cb976c4d5aad89a4057952b5239d04603557dbf55ac280ee8a04d1760,2,WITHIN_DATASET,BG05_CAIR,D:\AI_Agriculture_Dataset\RAW_DATASETS\Bottle_Gourd\BG05_CAIRrlder\CAIR-BGD-2025 Annotated Dataset\Bottle Gourd Disease Augmented Dataset\Anthracnose\Anthracnose00141_shifted_1184.jpg || D:\AI_Agriculture_Dataset\RAW_DATASETS\Bottle_Gourd\BG05_CAIRrlder\CAIR-BGD-2025 Annotated Dataset\Bottle Gourd Disease Augmented Dataset\Anthracnose\Anthracnose00141_shifted_909.jpg
331,4487d14379fc6350a560c654578919218fc4da695b9d1338d59d8b7e57b2aa8e,3,WITHIN_DATASET,BG05_CAIR,D:\AI_Agriculture_Dataset\RAW_DATASETS\Bottle_Gourd\BG05_CAIRrlder\CAIR-BGD-2025 Annotated Dataset\Bottle Gourd Disease Augmented Dataset\Anthracnose\Anthracnose00142_flipped_1337.jpg || D:\AI_Agriculture_Dataset\RAW_DATASETS\Bottle_Gourd\BG05_CAIRrlder\CAIR-BGD-2025 Annotated Dataset\Bottle Gourd Disease Augmented Dataset\Anthracnose\Anthracnose00142_flipped_251.jpg || D:\AI_Agriculture_Dataset\RAW_DATASETS\Bottle_Gourd\BG05_CAIRrlder\CAIR-BGD-2025 Annotated Dataset\Bottle Gourd Disease Augmented Dataset\Anthracnose\Anthracnose00142_flipped_530.jpg
332,c6486ddb0d811971857d55d91e99a7bbbc3a0447168af1d0e0814e0824e4ec7f,2,WITHIN_DATASET,BG05_CAIR,D:\AI_Agriculture_Dataset\RAW_DATASETS\Bottle_Gourd\BG05_CAIRrlder\CAIR-BGD-2025 Annotated Dataset\Bottle Gourd Disease Augmented Dataset\Anthracnose\Anthracnose00142_shifted_479.jpg || D:\AI_Agriculture_Dataset\RAW_DATASETS\Bottle_Gourd\BG05_CAIRrlder\CAIR-BGD-2025 Annotated Dataset\Bottle Gourd Disease Augmented Dataset\Anthracnose\Anthracnose00142_shifted_821.jpg
333,d38c106d99bf5334f7dd45276b8530635dded55ff496a902a7510823439a5c4c,3,WITHIN_DATASET,BG05_CAIR,D:\AI_Agriculture_Dataset\RAW_DATASETS\Bottle_Gourd\BG05_CAIRrlder\CAIR-BGD-2025 Annotated Dataset\Bottle Gourd Disease Augmented Dataset\Anthracnose\Anthracnose00143_flipped_378.jpg || D:\AI_Agriculture_Dataset\RAW_DATASETS\Bottle_Gourd\BG05_CAIRrlder\CAIR-BGD-2025 Annotated Dataset\Bottle Gourd Disease Augmented Dataset\Anthracnose\Anthracnose00143_flipped_59.jpg || D:\AI_Agriculture_Dataset\RAW_DATASETS\Bottle_Gourd\BG05_CAIRrlder\CAIR-BGD-2025 Annotated Dataset\Bottle Gourd Disease Augmented Dataset\Anthracnose\Anthracnose00143_flipped_658.jpg
334,5e384a8e57191094620033ecd67b2fe53795f3d9273ce8d599c7a89f5d86f382,2,WITHIN_DATASET,BG05_CAIR,D:\AI_Agriculture_Dataset\RAW_DATASETS\Bottle_Gourd\BG05_CAIRrlder\CAIR-BGD-2025 Annotated Dataset\Bottle Gourd Disease Augmented Dataset\Anthracnose\Anthracnose00146_flipped_751.jpg || D:\AI_Agriculture_Dataset\RAW_DATASETS\Bottle_Gourd\BG05_CAIRrlder\CAIR-BGD-2025 Annotated Dataset\Bottle Gourd Disease Augmented Dataset\Anthracnose\Anthracnose00146_flipped_922.jpg
335,8bef4590bfd746d045c9d50fe2ae2d1fa82eab7ed731f5d0069ff04e2a9b3be5,2,WITHIN_DATASET,BG05_CAIR,D:\AI_Agriculture_Dataset\RAW_DATASETS\Bottle_Gourd\BG05_CAIRrlder\CAIR-BGD-2025 Annotated Dataset\Bottle Gourd Disease Augmented Dataset\Anthracnose\Anthracnose00146_shifted_198.jpg || D:\AI_Agriculture_Dataset\RAW_DATASETS\Bottle_Gourd\BG05_CAIRrlder\CAIR-BGD-2025 Annotated Dataset\Bottle Gourd Disease Augmented Dataset\Anthracnose\Anthracnose00146_shifted_960.jpg
336,b2a8a7588171eed78cbaa0f08ca9548a52ae85fee07151856e0384f6282ad25c,2,WITHIN_DATASET,BG05_CAIR,D:\AI_Agriculture_Dataset\RAW_DATASETS\Bottle_Gourd\BG05_CAIRrlder\CAIR-BGD-2025 Annotated Dataset\Bottle Gourd Disease Augmented Dataset\Anthracnose\Anthracnose00148_shifted_1367.jpg || D:\AI_Agriculture_Dataset\RAW_DATASETS\Bottle_Gourd\BG05_CAIRrlder\CAIR-BGD-2025 Annotated Dataset\Bottle Gourd Disease Augmented Dataset\Anthracnose\Anthracnose00148_shifted_933.jpg
337,9e0240559a0e735e26ac969db88b782100ad06733b5f37831d75b7dd2d5e1a10,2,WITHIN_DATASET,BG05_CAIR,D:\AI_Agriculture_Dataset\RAW_DATASETS\Bottle_Gourd\BG05_CAIRrlder\CAIR-BGD-2025 Annotated Dataset\Bottle Gourd Disease Augmented Dataset\Anthracnose\Anthracnose00149_shifted_1171.jpg || D:\AI_Agriculture_Dataset\RAW_DATASETS\Bottle_Gourd\BG05_CAIRrlder\CAIR-BGD-2025 Annotated Dataset\Bottle Gourd Disease Augmented Dataset\Anthracnose\Anthracnose00149_shifted_851.jpg
338,617b7b9df52964186a37870c02e915d8019afc24b3fcb395efef059c92fa5d83,2,WITHIN_DATASET,BG05_CAIR,D:\AI_Agriculture_Dataset\RAW_DATASETS\Bottle_Gourd\BG05_CAIRrlder\CAIR-BGD-2025 Annotated Dataset\Bottle Gourd Disease Augmented Dataset\Anthracnose\Anthracnose00150_rotated_1032.jpg || D:\AI_Agriculture_Dataset\RAW_DATASETS\Bottle_Gourd\BG05_CAIRrlder\CAIR-BGD-2025 Annotated Dataset\Bottle Gourd Disease Augmented Dataset\Anthracnose\Anthracnose00150_rotated_1398.jpg
339,01d4447f465198e903faac6aca2dd8d298dcab4b3f20e607e96d11fd44b08708,2,WITHIN_DATASET,BG05_CAIR,D:\AI_Agriculture_Dataset\RAW_DATASETS\Bottle_Gourd\BG05_CAIRrlder\CAIR-BGD-2025 Annotated Dataset\Bottle Gourd Disease Augmented Dataset\Anthracnose\Anthracnose00152_flipped_1381.jpg || D:\AI_Agriculture_Dataset\RAW_DATASETS\Bottle_Gourd\BG05_CAIRrlder\CAIR-BGD-2025 Annotated Dataset\Bottle Gourd Disease Augmented Dataset\Anthracnose\Anthracnose00152_flipped_968.jpg
340,8d211bc7cb4763c68a8f2abf50f63566c84120f9a4cccedb69852d564f98435e,2,WITHIN_DATASET,BG05_CAIR,D:\AI_Agriculture_Dataset\RAW_DATASETS\Bottle_Gourd\BG05_CAIRrlder\CAIR-BGD-2025 Annotated Dataset\Bottle Gourd Disease Augmented Dataset\Anthracnose\Anthracnose00153_rotated_1364.jpg || D:\AI_Agriculture_Dataset\RAW_DATASETS\Bottle_Gourd\BG05_CAIRrlder\CAIR-BGD-2025 Annotated Dataset\Bottle Gourd Disease Augmented Dataset\Anthracnose\Anthracnose00153_rotated_545.jpg
341,f46e8fc12a52bcc2a308c6028ca07d4accba662ab3fc2ce6e7eecd6dc6c249aa,2,WITHIN_DATASET,BG05_CAIR,D:\AI_Agriculture_Dataset\RAW_DATASETS\Bottle_Gourd\BG05_CAIRrlder\CAIR-BGD-2025 Annotated Dataset\Bottle Gourd Disease Augmented Dataset\Anthracnose\Anthracnose00154_rotated_1256.jpg || D:\AI_Agriculture_Dataset\RAW_DATASETS\Bottle_Gourd\BG05_CAIRrlder\CAIR-BGD-2025 Annotated Dataset\Bottle Gourd Disease Augmented Dataset\Anthracnose\Anthracnose00154_rotated_402.jpg
342,1c9583f6436ad54f5254923b83bad252aadc9d364767c9c197010fd8af0a4cc6,2,WITHIN_DATASET,BG05_CAIR,D:\AI_Agriculture_Dataset\RAW_DATASETS\Bottle_Gourd\BG05_CAIRrlder\CAIR-BGD-2025 Annotated Dataset\Bottle Gourd Disease Augmented Dataset\Anthracnose\Anthracnose00158_shifted_1356.jpg || D:\AI_Agriculture_Dataset\RAW_DATASETS\Bottle_Gourd\BG05_CAIRrlder\CAIR-BGD-2025 Annotated Dataset\Bottle Gourd Disease Augmented Dataset\Anthracnose\Anthracnose00158_shifted_721.jpg
343,47ec5b33dd222004fb20ca698a28d1687c113f206b605f7b63693a31fa0bb440,2,WITHIN_DATASET,BG05_CAIR,D:\AI_Agriculture_Dataset\RAW_DATASETS\Bottle_Gourd\BG05_CAIRrlder\CAIR-BGD-2025 Annotated Dataset\Bottle Gourd Disease Augmented Dataset\Anthracnose\Anthracnose00159_rotated_1035.jpg || D:\AI_Agriculture_Dataset\RAW_DATASETS\Bottle_Gourd\BG05_CAIRrlder\CAIR-BGD-2025 Annotated Dataset\Bottle Gourd Disease Augmented Dataset\Anthracnose\Anthracnose00159_rotated_1060.jpg
344,decf2ba0a623d110820249fc4090e7a96c28e5ec6749ccf29bbfcaf33d23cac5,4,WITHIN_DATASET,BG05_CAIR,D:\AI_Agriculture_Dataset\RAW_DATASETS\Bottle_Gourd\BG05_CAIRrlder\CAIR-BGD-2025 Annotated Dataset\Bottle Gourd Disease Augmented Dataset\Anthracnose\Anthracnose00163_rotated_1376.jpg || D:\AI_Agriculture_Dataset\RAW_DATASETS\Bottle_Gourd\BG05_CAIRrlder\CAIR-BGD-2025 Annotated Dataset\Bottle Gourd Disease Augmented Dataset\Anthracnose\Anthracnose00163_rotated_212.jpg || D:\AI_Agriculture_Dataset\RAW_DATASETS\Bottle_Gourd\BG05_CAIRrlder\CAIR-BGD-2025 Annotated Dataset\Bottle Gourd Disease Augmented Dataset\Anthracnose\Anthracnose00163_rotated_42.jpg || D:\AI_Agriculture_Dataset\RAW_DATASETS\Bottle_Gourd\BG05_CAIRrlder\CAIR-BGD-2025 Annotated Dataset\Bottle Gourd Disease Augmented Dataset\Anthracnose\Anthracnose00163_rotated_884.jpg
345,d954d2904f2ee5cbfd29621f8029a607792375b7a65a81ea81ec43e2ae70b1c2,3,WITHIN_DATASET,BG05_CAIR,D:\AI_Agriculture_Dataset\RAW_DATASETS\Bottle_Gourd\BG05_CAIRrlder\CAIR-BGD-2025 Annotated Dataset\Bottle Gourd Disease Augmented Dataset\Anthracnose\Anthracnose00166_rotated_1473.jpg || D:\AI_Agriculture_Dataset\RAW_DATASETS\Bottle_Gourd\BG05_CAIRrlder\CAIR-BGD-2025 Annotated Dataset\Bottle Gourd Disease Augmented Dataset\Anthracnose\Anthracnose00166_rotated_394.jpg || D:\AI_Agriculture_Dataset\RAW_DATASETS\Bottle_Gourd\BG05_CAIRrlder\CAIR-BGD-2025 Annotated Dataset\Bottle Gourd Disease Augmented Dataset\Anthracnose\Anthracnose00166_rotated_64.jpg
346,d796e25a9ef23efdfd7266ebe67851d61f8402b3f292660758747b25c32abbe2,2,WITHIN_DATASET,BG05_CAIR,D:\AI_Agriculture_Dataset\RAW_DATASETS\Bottle_Gourd\BG05_CAIRrlder\CAIR-BGD-2025 Annotated Dataset\Bottle Gourd Disease Augmented Dataset\Anthracnose\Anthracnose00169_rotated_210.jpg || D:\AI_Agriculture_Dataset\RAW_DATASETS\Bottle_Gourd\BG05_CAIRrlder\CAIR-BGD-2025 Annotated Dataset\Bottle Gourd Disease Augmented Dataset\Anthracnose\Anthracnose00169_rotated_67.jpg
347,1b8122a44a834ae529191d94f3af85887886094108cf4cb0ba3d60bbf41527de,2,WITHIN_DATASET,BG05_CAIR,D:\AI_Agriculture_Dataset\RAW_DATASETS\Bottle_Gourd\BG05_CAIRrlder\CAIR-BGD-2025 Annotated Dataset\Bottle Gourd Disease Augmented Dataset\Anthracnose\Anthracnose00169_shifted_129.jpg || D:\AI_Agriculture_Dataset\RAW_DATASETS\Bottle_Gourd\BG05_CAIRrlder\CAIR-BGD-2025 Annotated Dataset\Bottle Gourd Disease Augmented Dataset\Anthracnose\Anthracnose00169_shifted_817.jpg
348,2d244897f768d77fa5711f731fea9fc2ba98827761b3b9c43182af8ea56e0619,2,WITHIN_DATASET,BG05_CAIR,D:\AI_Agriculture_Dataset\RAW_DATASETS\Bottle_Gourd\BG05_CAIRrlder\CAIR-BGD-2025 Annotated Dataset\Bottle Gourd Disease Augmented Dataset\Anthracnose\Anthracnose00170_rotated_1183.jpg || D:\AI_Agriculture_Dataset\RAW_DATASETS\Bottle_Gourd\BG05_CAIRrlder\CAIR-BGD-2025 Annotated Dataset\Bottle Gourd Disease Augmented Dataset\Anthracnose\Anthracnose00170_rotated_396.jpg
349,1f73804ce4d7bb2db654b6f537430c657ef8fc2e830b45c6b6c207e6d7983171,2,WITHIN_DATASET,BG05_CAIR,D:\AI_Agriculture_Dataset\RAW_DATASETS\Bottle_Gourd\BG05_CAIRrlder\CAIR-BGD-2025 Annotated Dataset\Bottle Gourd Disease Augmented Dataset\Anthracnose\Anthracnose00170_shifted_326.jpg || D:\AI_Agriculture_Dataset\RAW_DATASETS\Bottle_Gourd\BG05_CAIRrlder\CAIR-BGD-2025 Annotated Dataset\Bottle Gourd Disease Augmented Dataset\Anthracnose\Anthracnose00170_shifted_954.jpg
350,ce12f736d1c269d28d3612834194f8191b84ee4ab70e8c588c272c294416af4f,3,WITHIN_DATASET,BG05_CAIR,D:\AI_Agriculture_Dataset\RAW_DATASETS\Bottle_Gourd\BG05_CAIRrlder\CAIR-BGD-2025 Annotated Dataset\Bottle Gourd Disease Augmented Dataset\Anthracnose\Anthracnose00171_rotated_339.jpg || D:\AI_Agriculture_Dataset\RAW_DATASETS\Bottle_Gourd\BG05_CAIRrlder\CAIR-BGD-2025 Annotated Dataset\Bottle Gourd Disease Augmented Dataset\Anthracnose\Anthracnose00171_rotated_619.jpg || D:\AI_Agriculture_Dataset\RAW_DATASETS\Bottle_Gourd\BG05_CAIRrlder\CAIR-BGD-2025 Annotated Dataset\Bottle Gourd Disease Augmented Dataset\Anthracnose\Anthracnose00171_rotated_802.jpg
351,c18b5a4ab39ed2db477aed07207eaec65fd86c818c577329189afcba47af9e00,2,WITHIN_DATASET,BG05_CAIR,D:\AI_Agriculture_Dataset\RAW_DATASETS\Bottle_Gourd\BG05_CAIRrlder\CAIR-BGD-2025 Annotated Dataset\Bottle Gourd Disease Augmented Dataset\Anthracnose\Anthracnose00171_shifted_276.jpg || D:\AI_Agriculture_Dataset\RAW_DATASETS\Bottle_Gourd\BG05_CAIRrlder\CAIR-BGD-2025 Annotated Dataset\Bottle Gourd Disease Augmented Dataset\Anthracnose\Anthracnose00171_shifted_703.jpg
352,f8890d98171bb965d6dd9f49ac35d002001700d9f7210c4bae323f2fbab6a38f,2,WITHIN_DATASET,BG05_CAIR,D:\AI_Agriculture_Dataset\RAW_DATASETS\Bottle_Gourd\BG05_CAIRrlder\CAIR-BGD-2025 Annotated Dataset\Bottle Gourd Disease Augmented Dataset\Anthracnose\Anthracnose00172_flipped_407.jpg || D:\AI_Agriculture_Dataset\RAW_DATASETS\Bottle_Gourd\BG05_CAIRrlder\CAIR-BGD-2025 Annotated Dataset\Bottle Gourd Disease Augmented Dataset\Anthracnose\Anthracnose00172_flipped_83.jpg
353,a4085846ed192b318a670c92b94e56b0038353d799b2b1f33cfd5ec76b0f644b,2,WITHIN_DATASET,BG05_CAIR,D:\AI_Agriculture_Dataset\RAW_DATASETS\Bottle_Gourd\BG05_CAIRrlder\CAIR-BGD-2025 Annotated Dataset\Bottle Gourd Disease Augmented Dataset\Anthracnose\Anthracnose00174_shifted_1424.jpg || D:\AI_Agriculture_Dataset\RAW_DATASETS\Bottle_Gourd\BG05_CAIRrlder\CAIR-BGD-2025 Annotated Dataset\Bottle Gourd Disease Augmented Dataset\Anthracnose\Anthracnose00174_shifted_729.jpg
354,4742eca36b97e9a07a0f13f7810f64164f2eaee412d9b750bcb45bec735392b6,2,WITHIN_DATASET,BG05_CAIR,D:\AI_Agriculture_Dataset\RAW_DATASETS\Bottle_Gourd\BG05_CAIRrlder\CAIR-BGD-2025 Annotated Dataset\Bottle Gourd Disease Augmented Dataset\Anthracnose\Anthracnose00175_flipped_1210.jpg || D:\AI_Agriculture_Dataset\RAW_DATASETS\Bottle_Gourd\BG05_CAIRrlder\CAIR-BGD-2025 Annotated Dataset\Bottle Gourd Disease Augmented Dataset\Anthracnose\Anthracnose00175_flipped_1228.jpg
355,13ac636859cd518144a65a7e85968185b80d1d484f8838855cda81ab9bc72ae7,3,WITHIN_DATASET,BG05_CAIR,D:\AI_Agriculture_Dataset\RAW_DATASETS\Bottle_Gourd\BG05_CAIRrlder\CAIR-BGD-2025 Annotated Dataset\Bottle Gourd Disease Augmented Dataset\Anthracnose\Anthracnose00177_flipped_408.jpg || D:\AI_Agriculture_Dataset\RAW_DATASETS\Bottle_Gourd\BG05_CAIRrlder\CAIR-BGD-2025 Annotated Dataset\Bottle Gourd Disease Augmented Dataset\Anthracnose\Anthracnose00177_flipped_583.jpg || D:\AI_Agriculture_Dataset\RAW_DATASETS\Bottle_Gourd\BG05_CAIRrlder\CAIR-BGD-2025 Annotated Dataset\Bottle Gourd Disease Augmented Dataset\Anthracnose\Anthracnose00177_flipped_904.jpg
356,879c65e8dce96882e549baf63b1415e2d49dbe210d07030cccf4962102fb7b92,2,WITHIN_DATASET,BG05_CAIR,D:\AI_Agriculture_Dataset\RAW_DATASETS\Bottle_Gourd\BG05_CAIRrlder\CAIR-BGD-2025 Annotated Dataset\Bottle Gourd Disease Augmented Dataset\Anthracnose\Anthracnose00177_rotated_1269.jpg || D:\AI_Agriculture_Dataset\RAW_DATASETS\Bottle_Gourd\BG05_CAIRrlder\CAIR-BGD-2025 Annotated Dataset\Bottle Gourd Disease Augmented Dataset\Anthracnose\Anthracnose00177_rotated_193.jpg
357,4e352fd115952f86fcda467cdd6f6c12b6569ad1c81e676646f7b0ddc89f8f71,2,WITHIN_DATASET,BG05_CAIR,D:\AI_Agriculture_Dataset\RAW_DATASETS\Bottle_Gourd\BG05_CAIRrlder\CAIR-BGD-2025 Annotated Dataset\Bottle Gourd Disease Augmented Dataset\Anthracnose\Anthracnose00177_shifted_1325.jpg || D:\AI_Agriculture_Dataset\RAW_DATASETS\Bottle_Gourd\BG05_CAIRrlder\CAIR-BGD-2025 Annotated Dataset\Bottle Gourd Disease Augmented Dataset\Anthracnose\Anthracnose00177_shifted_673.jpg
358,7d199b744bab9e8efa650241015ef1dd388b3444cfc5c805b04626dabf8bb69b,3,WITHIN_DATASET,BG05_CAIR,D:\AI_Agriculture_Dataset\RAW_DATASETS\Bottle_Gourd\BG05_CAIRrlder\CAIR-BGD-2025 Annotated Dataset\Bottle Gourd Disease Augmented Dataset\Anthracnose\Anthracnose00178_shifted_1387.jpg || D:\AI_Agriculture_Dataset\RAW_DATASETS\Bottle_Gourd\BG05_CAIRrlder\CAIR-BGD-2025 Annotated Dataset\Bottle Gourd Disease Augmented Dataset\Anthracnose\Anthracnose00178_shifted_263.jpg || D:\AI_Agriculture_Dataset\RAW_DATASETS\Bottle_Gourd\BG05_CAIRrlder\CAIR-BGD-2025 Annotated Dataset\Bottle Gourd Disease Augmented Dataset\Anthracnose\Anthracnose00178_shifted_312.jpg
359,816e48530223396fa2111b300359e9025197dd1d8437dc27aa01a3a570296922,3,WITHIN_DATASET,BG05_CAIR,D:\AI_Agriculture_Dataset\RAW_DATASETS\Bottle_Gourd\BG05_CAIRrlder\CAIR-BGD-2025 Annotated Dataset\Bottle Gourd Disease Augmented Dataset\Anthracnose\Anthracnose00179_rotated_1019.jpg || D:\AI_Agriculture_Dataset\RAW_DATASETS\Bottle_Gourd\BG05_CAIRrlder\CAIR-BGD-2025 Annotated Dataset\Bottle Gourd Disease Augmented Dataset\Anthracnose\Anthracnose00179_rotated_1172.jpg || D:\AI_Agriculture_Dataset\RAW_DATASETS\Bottle_Gourd\BG05_CAIRrlder\CAIR-BGD-2025 Annotated Dataset\Bottle Gourd Disease Augmented Dataset\Anthracnose\Anthracnose00179_rotated_548.jpg
360,771e61009e216e2b40f42279e39c8e650878703355af2aa3a257c42d5908fbd7,3,WITHIN_DATASET,BG05_CAIR,D:\AI_Agriculture_Dataset\RAW_DATASETS\Bottle_Gourd\BG05_CAIRrlder\CAIR-BGD-2025 Annotated Dataset\Bottle Gourd Disease Augmented Dataset\Anthracnose\Anthracnose00181_shifted_319.jpg || D:\AI_Agriculture_Dataset\RAW_DATASETS\Bottle_Gourd\BG05_CAIRrlder\CAIR-BGD-2025 Annotated Dataset\Bottle Gourd Disease Augmented Dataset\Anthracnose\Anthracnose00181_shifted_453.jpg || D:\AI_Agriculture_Dataset\RAW_DATASETS\Bottle_Gourd\BG05_CAIRrlder\CAIR-BGD-2025 Annotated Dataset\Bottle Gourd Disease Augmented Dataset\Anthracnose\Anthracnose00181_shifted_928.jpg
361,52031d2c2e1677f148708e4705c2d6694009347fdd14e5b6113da2ceb1db4ac0,2,WITHIN_DATASET,BG05_CAIR,D:\AI_Agriculture_Dataset\RAW_DATASETS\Bottle_Gourd\BG05_CAIRrlder\CAIR-BGD-2025 Annotated Dataset\Bottle Gourd Disease Augmented Dataset\Anthracnose\Anthracnose00182_shifted_1403.jpg || D:\AI_Agriculture_Dataset\RAW_DATASETS\Bottle_Gourd\BG05_CAIRrlder\CAIR-BGD-2025 Annotated Dataset\Bottle Gourd Disease Augmented Dataset\Anthracnose\Anthracnose00182_shifted_463.jpg
362,0aa40cdc31ac033e9edf798f84e61fc79c902d9a422b56cf32955c6835afc968,2,WITHIN_DATASET,BG05_CAIR,D:\AI_Agriculture_Dataset\RAW_DATASETS\Bottle_Gourd\BG05_CAIRrlder\CAIR-BGD-2025 Annotated Dataset\Bottle Gourd Disease Augmented Dataset\Anthracnose\Anthracnose00186_shifted_206.jpg || D:\AI_Agriculture_Dataset\RAW_DATASETS\Bottle_Gourd\BG05_CAIRrlder\CAIR-BGD-2025 Annotated Dataset\Bottle Gourd Disease Augmented Dataset\Anthracnose\Anthracnose00186_shifted_886.jpg
363,199fe6bff228dd8466365277233306992b9edf1ab685e4817c65610c3b5bff92,2,WITHIN_DATASET,BG05_CAIR,D:\AI_Agriculture_Dataset\RAW_DATASETS\Bottle_Gourd\BG05_CAIRrlder\CAIR-BGD-2025 Annotated Dataset\Bottle Gourd Disease Augmented Dataset\Anthracnose\Anthracnose00198_rotated_1251.jpg || D:\AI_Agriculture_Dataset\RAW_DATASETS\Bottle_Gourd\BG05_CAIRrlder\CAIR-BGD-2025 Annotated Dataset\Bottle Gourd Disease Augmented Dataset\Anthracnose\Anthracnose00198_rotated_4.jpg
364,6245bfda4a9960c9b66d0375815c96a9d81474a10c7164cdf4b31f56f4ea93e9,2,WITHIN_DATASET,BG05_CAIR,D:\AI_Agriculture_Dataset\RAW_DATASETS\Bottle_Gourd\BG05_CAIRrlder\CAIR-BGD-2025 Annotated Dataset\Bottle Gourd Disease Augmented Dataset\Anthracnose\Anthracnose00198_shifted_1204.jpg || D:\AI_Agriculture_Dataset\RAW_DATASETS\Bottle_Gourd\BG05_CAIRrlder\CAIR-BGD-2025 Annotated Dataset\Bottle Gourd Disease Augmented Dataset\Anthracnose\Anthracnose00198_shifted_626.jpg
365,adc66adef02e47fccee66fdb52c755ddbd0ed3b447aa53bb45daa428d787138b,3,WITHIN_DATASET,BG05_CAIR,D:\AI_Agriculture_Dataset\RAW_DATASETS\Bottle_Gourd\BG05_CAIRrlder\CAIR-BGD-2025 Annotated Dataset\Bottle Gourd Disease Augmented Dataset\Anthracnose\Anthracnose00199_shifted_1073.jpg || D:\AI_Agriculture_Dataset\RAW_DATASETS\Bottle_Gourd\BG05_CAIRrlder\CAIR-BGD-2025 Annotated Dataset\Bottle Gourd Disease Augmented Dataset\Anthracnose\Anthracnose00199_shifted_1147.jpg || D:\AI_Agriculture_Dataset\RAW_DATASETS\Bottle_Gourd\BG05_CAIRrlder\CAIR-BGD-2025 Annotated Dataset\Bottle Gourd Disease Augmented Dataset\Anthracnose\Anthracnose00199_shifted_335.jpg
366,4f7b0f670366d7139ecd3a784d5405917e06a4733516140e12f4f9e5b321f79a,2,WITHIN_DATASET,BG05_CAIR,D:\AI_Agriculture_Dataset\RAW_DATASETS\Bottle_Gourd\BG05_CAIRrlder\CAIR-BGD-2025 Annotated Dataset\Bottle Gourd Disease Augmented Dataset\Anthracnose\Anthracnose00200_shifted_1342.jpg || D:\AI_Agriculture_Dataset\RAW_DATASETS\Bottle_Gourd\BG05_CAIRrlder\CAIR-BGD-2025 Annotated Dataset\Bottle Gourd Disease Augmented Dataset\Anthracnose\Anthracnose00200_shifted_761.jpg
367,18cfe1003d2d1e6a689e4ac511b9a73043f5c9d0ac8a167172303df73d546123,2,WITHIN_DATASET,BG05_CAIR,D:\AI_Agriculture_Dataset\RAW_DATASETS\Bottle_Gourd\BG05_CAIRrlder\CAIR-BGD-2025 Annotated Dataset\Bottle Gourd Disease Augmented Dataset\Anthracnose\Anthracnose00201_rotated_1401.jpg || D:\AI_Agriculture_Dataset\RAW_DATASETS\Bottle_Gourd\BG05_CAIRrlder\CAIR-BGD-2025 Annotated Dataset\Bottle Gourd Disease Augmented Dataset\Anthracnose\Anthracnose00201_rotated_803.jpg
368,c4a182adc0558c4ee7cf1ceba99be11f8a38a9c13545f3cf99dec3ba484412e0,3,WITHIN_DATASET,BG05_CAIR,D:\AI_Agriculture_Dataset\RAW_DATASETS\Bottle_Gourd\BG05_CAIRrlder\CAIR-BGD-2025 Annotated Dataset\Bottle Gourd Disease Augmented Dataset\Anthracnose\Anthracnose00201_shifted_1037.jpg || D:\AI_Agriculture_Dataset\RAW_DATASETS\Bottle_Gourd\BG05_CAIRrlder\CAIR-BGD-2025 Annotated Dataset\Bottle Gourd Disease Augmented Dataset\Anthracnose\Anthracnose00201_shifted_1335.jpg || D:\AI_Agriculture_Dataset\RAW_DATASETS\Bottle_Gourd\BG05_CAIRrlder\CAIR-BGD-2025 Annotated Dataset\Bottle Gourd Disease Augmented Dataset\Anthracnose\Anthracnose00201_shifted_392.jpg
369,ae88cf8d1e321a5af07517e6dfd7ad0c37fce5026287b52396f3bcf97286b8e9,2,WITHIN_DATASET,BG05_CAIR,D:\AI_Agriculture_Dataset\RAW_DATASETS\Bottle_Gourd\BG05_CAIRrlder\CAIR-BGD-2025 Annotated Dataset\Bottle Gourd Disease Augmented Dataset\Anthracnose\Anthracnose00202_shifted_204.jpg || D:\AI_Agriculture_Dataset\RAW_DATASETS\Bottle_Gourd\BG05_CAIRrlder\CAIR-BGD-2025 Annotated Dataset\Bottle Gourd Disease Augmented Dataset\Anthracnose\Anthracnose00202_shifted_26.jpg
370,7cbf60d7b67f5a923aa150fabea95cc3d396a28f829aeef98f9a85ae3e0d85e9,2,WITHIN_DATASET,BG05_CAIR,D:\AI_Agriculture_Dataset\RAW_DATASETS\Bottle_Gourd\BG05_CAIRrlder\CAIR-BGD-2025 Annotated Dataset\Bottle Gourd Disease Augmented Dataset\Anthracnose\Anthracnose00203_rotated_568.jpg || D:\AI_Agriculture_Dataset\RAW_DATASETS\Bottle_Gourd\BG05_CAIRrlder\CAIR-BGD-2025 Annotated Dataset\Bottle Gourd Disease Augmented Dataset\Anthracnose\Anthracnose00203_rotated_947.jpg
371,f1f33a97a6bcbee050c736164e41dbea3edb9a65749db308ca98dda564276726,2,WITHIN_DATASET,BG05_CAIR,D:\AI_Agriculture_Dataset\RAW_DATASETS\Bottle_Gourd\BG05_CAIRrlder\CAIR-BGD-2025 Annotated Dataset\Bottle Gourd Disease Augmented Dataset\Anthracnose\Anthracnose00205_flipped_8.jpg || D:\AI_Agriculture_Dataset\RAW_DATASETS\Bottle_Gourd\BG05_CAIRrlder\CAIR-BGD-2025 Annotated Dataset\Bottle Gourd Disease Augmented Dataset\Anthracnose\Anthracnose00205_flipped_93.jpg
372,ada1d11759b59ab08a8234ff28d4f17eda015c6baf9b87f468d0a7625308a43e,2,WITHIN_DATASET,BG05_CAIR,D:\AI_Agriculture_Dataset\RAW_DATASETS\Bottle_Gourd\BG05_CAIRrlder\CAIR-BGD-2025 Annotated Dataset\Bottle Gourd Disease Augmented Dataset\Anthracnose\Anthracnose00209_flipped_1273.jpg || D:\AI_Agriculture_Dataset\RAW_DATASETS\Bottle_Gourd\BG05_CAIRrlder\CAIR-BGD-2025 Annotated Dataset\Bottle Gourd Disease Augmented Dataset\Anthracnose\Anthracnose00209_flipped_668.jpg
373,28b38dca246bf1dda94fed8ec1eee87f5bb5254fadbb5d17fd69f3cacb4e64ca,3,WITHIN_DATASET,BG05_CAIR,D:\AI_Agriculture_Dataset\RAW_DATASETS\Bottle_Gourd\BG05_CAIRrlder\CAIR-BGD-2025 Annotated Dataset\Bottle Gourd Disease Augmented Dataset\Anthracnose\Anthracnose00209_shifted_1492.jpg || D:\AI_Agriculture_Dataset\RAW_DATASETS\Bottle_Gourd\BG05_CAIRrlder\CAIR-BGD-2025 Annotated Dataset\Bottle Gourd Disease Augmented Dataset\Anthracnose\Anthracnose00209_shifted_563.jpg || D:\AI_Agriculture_Dataset\RAW_DATASETS\Bottle_Gourd\BG05_CAIRrlder\CAIR-BGD-2025 Annotated Dataset\Bottle Gourd Disease Augmented Dataset\Anthracnose\Anthracnose00209_shifted_950.jpg
374,3efe4f83b706ae042128ec6b2d524a1c3f9e49bbb390b864ac9fbde6252418e7,2,WITHIN_DATASET,BG05_CAIR,D:\AI_Agriculture_Dataset\RAW_DATASETS\Bottle_Gourd\BG05_CAIRrlder\CAIR-BGD-2025 Annotated Dataset\Bottle Gourd Disease Augmented Dataset\Anthracnose\Anthracnose00211_shifted_1231.jpg || D:\AI_Agriculture_Dataset\RAW_DATASETS\Bottle_Gourd\BG05_CAIRrlder\CAIR-BGD-2025 Annotated Dataset\Bottle Gourd Disease Augmented Dataset\Anthracnose\Anthracnose00211_shifted_830.jpg
375,c0bc8393aeca5384c6cd8dc20470f200e389e96ce4f14fe11b1c99e840b93f6d,2,WITHIN_DATASET,BG05_CAIR,D:\AI_Agriculture_Dataset\RAW_DATASETS\Bottle_Gourd\BG05_CAIRrlder\CAIR-BGD-2025 Annotated Dataset\Bottle Gourd Disease Augmented Dataset\Anthracnose\Anthracnose00212_rotated_1292.jpg || D:\AI_Agriculture_Dataset\RAW_DATASETS\Bottle_Gourd\BG05_CAIRrlder\CAIR-BGD-2025 Annotated Dataset\Bottle Gourd Disease Augmented Dataset\Anthracnose\Anthracnose00212_rotated_155.jpg
376,6bddacbbca78a6335311dbd4af66dedf98366e01a604fac89f4eb6240d9cae32,2,WITHIN_DATASET,BG05_CAIR,D:\AI_Agriculture_Dataset\RAW_DATASETS\Bottle_Gourd\BG05_CAIRrlder\CAIR-BGD-2025 Annotated Dataset\Bottle Gourd Disease Augmented Dataset\Anthracnose\Anthracnose00212_shifted_154.jpg || D:\AI_Agriculture_Dataset\RAW_DATASETS\Bottle_Gourd\BG05_CAIRrlder\CAIR-BGD-2025 Annotated Dataset\Bottle Gourd Disease Augmented Dataset\Anthracnose\Anthracnose00212_shifted_778.jpg
377,883d102b659c687cecd35bd300ba57b79a7c9f483b8ab505f4b35c1452206105,2,WITHIN_DATASET,BG05_CAIR,D:\AI_Agriculture_Dataset\RAW_DATASETS\Bottle_Gourd\BG05_CAIRrlder\CAIR-BGD-2025 Annotated Dataset\Bottle Gourd Disease Augmented Dataset\Anthracnose\Anthracnose00213_shifted_439.jpg || D:\AI_Agriculture_Dataset\RAW_DATASETS\Bottle_Gourd\BG05_CAIRrlder\CAIR-BGD-2025 Annotated Dataset\Bottle Gourd Disease Augmented Dataset\Anthracnose\Anthracnose00213_shifted_458.jpg
378,f8d1f27e1c42f725133a5f139aeba30ee624c13c1f95875d04d536289d3ac446,3,WITHIN_DATASET,BG05_CAIR,D:\AI_Agriculture_Dataset\RAW_DATASETS\Bottle_Gourd\BG05_CAIRrlder\CAIR-BGD-2025 Annotated Dataset\Bottle Gourd Disease Augmented Dataset\Anthracnose\Anthracnose00215_rotated_1105.jpg || D:\AI_Agriculture_Dataset\RAW_DATASETS\Bottle_Gourd\BG05_CAIRrlder\CAIR-BGD-2025 Annotated Dataset\Bottle Gourd Disease Augmented Dataset\Anthracnose\Anthracnose00215_rotated_1385.jpg || D:\AI_Agriculture_Dataset\RAW_DATASETS\Bottle_Gourd\BG05_CAIRrlder\CAIR-BGD-2025 Annotated Dataset\Bottle Gourd Disease Augmented Dataset\Anthracnose\Anthracnose00215_rotated_353.jpg
379,708021305636cecd79dc4798388222b80890616ef39e84e77e1355471e9998e1,4,WITHIN_DATASET,BG05_CAIR,D:\AI_Agriculture_Dataset\RAW_DATASETS\Bottle_Gourd\BG05_CAIRrlder\CAIR-BGD-2025 Annotated Dataset\Bottle Gourd Disease Augmented Dataset\Anthracnose\Anthracnose00215_shifted_1199.jpg || D:\AI_Agriculture_Dataset\RAW_DATASETS\Bottle_Gourd\BG05_CAIRrlder\CAIR-BGD-2025 Annotated Dataset\Bottle Gourd Disease Augmented Dataset\Anthracnose\Anthracnose00215_shifted_120.jpg || D:\AI_Agriculture_Dataset\RAW_DATASETS\Bottle_Gourd\BG05_CAIRrlder\CAIR-BGD-2025 Annotated Dataset\Bottle Gourd Disease Augmented Dataset\Anthracnose\Anthracnose00215_shifted_596.jpg || D:\AI_Agriculture_Dataset\RAW_DATASETS\Bottle_Gourd\BG05_CAIRrlder\CAIR-BGD-2025 Annotated Dataset\Bottle Gourd Disease Augmented Dataset\Anthracnose\Anthracnose00215_shifted_812.jpg
380,924521b309223968acb42ffed55f704afc6eb9e4997d4e010722aa5fd41747be,2,WITHIN_DATASET,BG05_CAIR,D:\AI_Agriculture_Dataset\RAW_DATASETS\Bottle_Gourd\BG05_CAIRrlder\CAIR-BGD-2025 Annotated Dataset\Bottle Gourd Disease Augmented Dataset\Anthracnose\Anthracnose00218_flipped_1049.jpg || D:\AI_Agriculture_Dataset\RAW_DATASETS\Bottle_Gourd\BG05_CAIRrlder\CAIR-BGD-2025 Annotated Dataset\Bottle Gourd Disease Augmented Dataset\Anthracnose\Anthracnose00218_flipped_562.jpg
381,c1c67a80b6a03c0787f1134652ff9e62ed5ac5d600c4ade561ebf80b1b587b41,3,WITHIN_DATASET,BG05_CAIR,D:\AI_Agriculture_Dataset\RAW_DATASETS\Bottle_Gourd\BG05_CAIRrlder\CAIR-BGD-2025 Annotated Dataset\Bottle Gourd Disease Augmented Dataset\Anthracnose\Anthracnose00219_flipped_1280.jpg || D:\AI_Agriculture_Dataset\RAW_DATASETS\Bottle_Gourd\BG05_CAIRrlder\CAIR-BGD-2025 Annotated Dataset\Bottle Gourd Disease Augmented Dataset\Anthracnose\Anthracnose00219_flipped_734.jpg || D:\AI_Agriculture_Dataset\RAW_DATASETS\Bottle_Gourd\BG05_CAIRrlder\CAIR-BGD-2025 Annotated Dataset\Bottle Gourd Disease Augmented Dataset\Anthracnose\Anthracnose00219_flipped_941.jpg
382,1ab5a1daf545aaee94f506f3fd9f756c8ed50db4a4b3895966b0b85c9fa507ff,3,WITHIN_DATASET,BG05_CAIR,D:\AI_Agriculture_Dataset\RAW_DATASETS\Bottle_Gourd\BG05_CAIRrlder\CAIR-BGD-2025 Annotated Dataset\Bottle Gourd Disease Augmented Dataset\Anthracnose\Anthracnose00219_rotated_1079.jpg || D:\AI_Agriculture_Dataset\RAW_DATASETS\Bottle_Gourd\BG05_CAIRrlder\CAIR-BGD-2025 Annotated Dataset\Bottle Gourd Disease Augmented Dataset\Anthracnose\Anthracnose00219_rotated_1460.jpg || D:\AI_Agriculture_Dataset\RAW_DATASETS\Bottle_Gourd\BG05_CAIRrlder\CAIR-BGD-2025 Annotated Dataset\Bottle Gourd Disease Augmented Dataset\Anthracnose\Anthracnose00219_rotated_811.jpg
383,5263aba492b16bf4ef7809d0167347e2d4c14520e3da42728c2aa58180870fd3,3,WITHIN_DATASET,BG05_CAIR,D:\AI_Agriculture_Dataset\RAW_DATASETS\Bottle_Gourd\BG05_CAIRrlder\CAIR-BGD-2025 Annotated Dataset\Bottle Gourd Disease Augmented Dataset\Anthracnose\Anthracnose00219_shifted_1095.jpg || D:\AI_Agriculture_Dataset\RAW_DATASETS\Bottle_Gourd\BG05_CAIRrlder\CAIR-BGD-2025 Annotated Dataset\Bottle Gourd Disease Augmented Dataset\Anthracnose\Anthracnose00219_shifted_419.jpg || D:\AI_Agriculture_Dataset\RAW_DATASETS\Bottle_Gourd\BG05_CAIRrlder\CAIR-BGD-2025 Annotated Dataset\Bottle Gourd Disease Augmented Dataset\Anthracnose\Anthracnose00219_shifted_52.jpg
384,b1559e60a02f888d2f3a204d093de98650b85ceff38af4aab764051cffaae145,2,WITHIN_DATASET,BG05_CAIR,D:\AI_Agriculture_Dataset\RAW_DATASETS\Bottle_Gourd\BG05_CAIRrlder\CAIR-BGD-2025 Annotated Dataset\Bottle Gourd Disease Augmented Dataset\Anthracnose\Anthracnose00220_rotated_1114.jpg || D:\AI_Agriculture_Dataset\RAW_DATASETS\Bottle_Gourd\BG05_CAIRrlder\CAIR-BGD-2025 Annotated Dataset\Bottle Gourd Disease Augmented Dataset\Anthracnose\Anthracnose00220_rotated_149.jpg
385,a214c6edc907efdcbff1914cf69f6b2dc15cf23ee0e1de2a360f960a3389813a,4,WITHIN_DATASET,BG05_CAIR,D:\AI_Agriculture_Dataset\RAW_DATASETS\Bottle_Gourd\BG05_CAIRrlder\CAIR-BGD-2025 Annotated Dataset\Bottle Gourd Disease Augmented Dataset\Anthracnose\Anthracnose00221_rotated_1442.jpg || D:\AI_Agriculture_Dataset\RAW_DATASETS\Bottle_Gourd\BG05_CAIRrlder\CAIR-BGD-2025 Annotated Dataset\Bottle Gourd Disease Augmented Dataset\Anthracnose\Anthracnose00221_rotated_45.jpg || D:\AI_Agriculture_Dataset\RAW_DATASETS\Bottle_Gourd\BG05_CAIRrlder\CAIR-BGD-2025 Annotated Dataset\Bottle Gourd Disease Augmented Dataset\Anthracnose\Anthracnose00221_rotated_625.jpg || D:\AI_Agriculture_Dataset\RAW_DATASETS\Bottle_Gourd\BG05_CAIRrlder\CAIR-BGD-2025 Annotated Dataset\Bottle Gourd Disease Augmented Dataset\Anthracnose\Anthracnose00221_rotated_798.jpg
386,1312868407745f60f513d679028839f4e3d469da6d42d300e60d54c928bbdd5a,3,WITHIN_DATASET,BG05_CAIR,D:\AI_Agriculture_Dataset\RAW_DATASETS\Bottle_Gourd\BG05_CAIRrlder\CAIR-BGD-2025 Annotated Dataset\Bottle Gourd Disease Augmented Dataset\Anthracnose\Anthracnose00221_shifted_1140.jpg || D:\AI_Agriculture_Dataset\RAW_DATASETS\Bottle_Gourd\BG05_CAIRrlder\CAIR-BGD-2025 Annotated Dataset\Bottle Gourd Disease Augmented Dataset\Anthracnose\Anthracnose00221_shifted_1249.jpg || D:\AI_Agriculture_Dataset\RAW_DATASETS\Bottle_Gourd\BG05_CAIRrlder\CAIR-BGD-2025 Annotated Dataset\Bottle Gourd Disease Augmented Dataset\Anthracnose\Anthracnose00221_shifted_664.jpg
387,229b59a6d153319a3c63174140d1d68c4a790e921f8c282bf26c5f987977f29a,2,WITHIN_DATASET,BG05_CAIR,D:\AI_Agriculture_Dataset\RAW_DATASETS\Bottle_Gourd\BG05_CAIRrlder\CAIR-BGD-2025 Annotated Dataset\Bottle Gourd Disease Augmented Dataset\Anthracnose\Anthracnose00224_flipped_1431.jpg || D:\AI_Agriculture_Dataset\RAW_DATASETS\Bottle_Gourd\BG05_CAIRrlder\CAIR-BGD-2025 Annotated Dataset\Bottle Gourd Disease Augmented Dataset\Anthracnose\Anthracnose00224_flipped_481.jpg
388,f57ac587f186d45d12c013a491ad5c711ebab9d4406e7841e33cdb70dbb9f522,2,WITHIN_DATASET,BG05_CAIR,D:\AI_Agriculture_Dataset\RAW_DATASETS\Bottle_Gourd\BG05_CAIRrlder\CAIR-BGD-2025 Annotated Dataset\Bottle Gourd Disease Augmented Dataset\Anthracnose\Anthracnose00225_flipped_1211.jpg || D:\AI_Agriculture_Dataset\RAW_DATASETS\Bottle_Gourd\BG05_CAIRrlder\CAIR-BGD-2025 Annotated Dataset\Bottle Gourd Disease Augmented Dataset\Anthracnose\Anthracnose00225_flipped_348.jpg
389,361d9668dd45caab67cef03482681e0bb788c749501b11139fa2dbc41786ee73,3,WITHIN_DATASET,BG05_CAIR,D:\AI_Agriculture_Dataset\RAW_DATASETS\Bottle_Gourd\BG05_CAIRrlder\CAIR-BGD-2025 Annotated Dataset\Bottle Gourd Disease Augmented Dataset\Anthracnose\Anthracnose00226_flipped_1461.jpg || D:\AI_Agriculture_Dataset\RAW_DATASETS\Bottle_Gourd\BG05_CAIRrlder\CAIR-BGD-2025 Annotated Dataset\Bottle Gourd Disease Augmented Dataset\Anthracnose\Anthracnose00226_flipped_359.jpg || D:\AI_Agriculture_Dataset\RAW_DATASETS\Bottle_Gourd\BG05_CAIRrlder\CAIR-BGD-2025 Annotated Dataset\Bottle Gourd Disease Augmented Dataset\Anthracnose\Anthracnose00226_flipped_98.jpg
390,783610317e75cbbcb50e3c52fd0d2629421ff5b8806644c07e4afcc090d8a7bc,2,WITHIN_DATASET,BG05_CAIR,D:\AI_Agriculture_Dataset\RAW_DATASETS\Bottle_Gourd\BG05_CAIRrlder\CAIR-BGD-2025 Annotated Dataset\Bottle Gourd Disease Augmented Dataset\Anthracnose\Anthracnose00226_shifted_1439.jpg || D:\AI_Agriculture_Dataset\RAW_DATASETS\Bottle_Gourd\BG05_CAIRrlder\CAIR-BGD-2025 Annotated Dataset\Bottle Gourd Disease Augmented Dataset\Anthracnose\Anthracnose00226_shifted_840.jpg
391,cd0ecc3fb7c3259ae7951c1cd149b40cf0eb27146979d2df26d85ff19a73be5b,2,WITHIN_DATASET,BG05_CAIR,D:\AI_Agriculture_Dataset\RAW_DATASETS\Bottle_Gourd\BG05_CAIRrlder\CAIR-BGD-2025 Annotated Dataset\Bottle Gourd Disease Augmented Dataset\Anthracnose\Anthracnose00228_rotated_32.jpg || D:\AI_Agriculture_Dataset\RAW_DATASETS\Bottle_Gourd\BG05_CAIRrlder\CAIR-BGD-2025 Annotated Dataset\Bottle Gourd Disease Augmented Dataset\Anthracnose\Anthracnose00228_rotated_535.jpg
392,13378a0704793b5cd5b3dde60866b07c832c331958063836aced703cc3ebf9f9,2,WITHIN_DATASET,BG05_CAIR,D:\AI_Agriculture_Dataset\RAW_DATASETS\Bottle_Gourd\BG05_CAIRrlder\CAIR-BGD-2025 Annotated Dataset\Bottle Gourd Disease Augmented Dataset\Anthracnose\Anthracnose00229_rotated_1139.jpg || D:\AI_Agriculture_Dataset\RAW_DATASETS\Bottle_Gourd\BG05_CAIRrlder\CAIR-BGD-2025 Annotated Dataset\Bottle Gourd Disease Augmented Dataset\Anthracnose\Anthracnose00229_rotated_565.jpg
393,513972c828771eedf360a282164367a3af447f40a5e299ea045c27b6ebfdbb8d,3,WITHIN_DATASET,BG05_CAIR,D:\AI_Agriculture_Dataset\RAW_DATASETS\Bottle_Gourd\BG05_CAIRrlder\CAIR-BGD-2025 Annotated Dataset\Bottle Gourd Disease Augmented Dataset\Anthracnose\Anthracnose00230_flipped_431.jpg || D:\AI_Agriculture_Dataset\RAW_DATASETS\Bottle_Gourd\BG05_CAIRrlder\CAIR-BGD-2025 Annotated Dataset\Bottle Gourd Disease Augmented Dataset\Anthracnose\Anthracnose00230_flipped_687.jpg || D:\AI_Agriculture_Dataset\RAW_DATASETS\Bottle_Gourd\BG05_CAIRrlder\CAIR-BGD-2025 Annotated Dataset\Bottle Gourd Disease Augmented Dataset\Anthracnose\Anthracnose00230_flipped_871.jpg
394,10c2e9bbe363d8a4429b6fe9730046eabc98c6260b96fd6924339c8458a2bd58,2,WITHIN_DATASET,BG05_CAIR,D:\AI_Agriculture_Dataset\RAW_DATASETS\Bottle_Gourd\BG05_CAIRrlder\CAIR-BGD-2025 Annotated Dataset\Bottle Gourd Disease Augmented Dataset\Anthracnose\Anthracnose00232_shifted_1188.jpg || D:\AI_Agriculture_Dataset\RAW_DATASETS\Bottle_Gourd\BG05_CAIRrlder\CAIR-BGD-2025 Annotated Dataset\Bottle Gourd Disease Augmented Dataset\Anthracnose\Anthracnose00232_shifted_795.jpg
395,27b99538f08a1c4392db0ed31721870da7b820f44d0ee2f92b82a8a62e00997b,2,WITHIN_DATASET,BG05_CAIR,D:\AI_Agriculture_Dataset\RAW_DATASETS\Bottle_Gourd\BG05_CAIRrlder\CAIR-BGD-2025 Annotated Dataset\Bottle Gourd Disease Augmented Dataset\Anthracnose\Anthracnose00233_rotated_196.jpg || D:\AI_Agriculture_Dataset\RAW_DATASETS\Bottle_Gourd\BG05_CAIRrlder\CAIR-BGD-2025 Annotated Dataset\Bottle Gourd Disease Augmented Dataset\Anthracnose\Anthracnose00233_rotated_438.jpg
396,3c2c1ca982e9f9dd3ce3747964b62eaf67b09dcac98147457bcc61a34a6b09c9,2,WITHIN_DATASET,BG05_CAIR,D:\AI_Agriculture_Dataset\RAW_DATASETS\Bottle_Gourd\BG05_CAIRrlder\CAIR-BGD-2025 Annotated Dataset\Bottle Gourd Disease Augmented Dataset\Anthracnose\Anthracnose00234_rotated_1236.jpg || D:\AI_Agriculture_Dataset\RAW_DATASETS\Bottle_Gourd\BG05_CAIRrlder\CAIR-BGD-2025 Annotated Dataset\Bottle Gourd Disease Augmented Dataset\Anthracnose\Anthracnose00234_rotated_869.jpg
397,665bba68dcb610b9ed839129c1a5592da5292de554af99dad7a94e62bffe5026,3,WITHIN_DATASET,BG05_CAIR,D:\AI_Agriculture_Dataset\RAW_DATASETS\Bottle_Gourd\BG05_CAIRrlder\CAIR-BGD-2025 Annotated Dataset\Bottle Gourd Disease Augmented Dataset\Anthracnose\Anthracnose00234_shifted_1322.jpg || D:\AI_Agriculture_Dataset\RAW_DATASETS\Bottle_Gourd\BG05_CAIRrlder\CAIR-BGD-2025 Annotated Dataset\Bottle Gourd Disease Augmented Dataset\Anthracnose\Anthracnose00234_shifted_55.jpg || D:\AI_Agriculture_Dataset\RAW_DATASETS\Bottle_Gourd\BG05_CAIRrlder\CAIR-BGD-2025 Annotated Dataset\Bottle Gourd Disease Augmented Dataset\Anthracnose\Anthracnose00234_shifted_978.jpg
398,7d458bea9330f2c1ea8c3c78cc2cd65099a0f77685ab2b5013adf125adc27d5a,3,WITHIN_DATASET,BG05_CAIR,D:\AI_Agriculture_Dataset\RAW_DATASETS\Bottle_Gourd\BG05_CAIRrlder\CAIR-BGD-2025 Annotated Dataset\Bottle Gourd Disease Augmented Dataset\Anthracnose\Anthracnose00237_shifted_1393.jpg || D:\AI_Agriculture_Dataset\RAW_DATASETS\Bottle_Gourd\BG05_CAIRrlder\CAIR-BGD-2025 Annotated Dataset\Bottle Gourd Disease Augmented Dataset\Anthracnose\Anthracnose00237_shifted_434.jpg || D:\AI_Agriculture_Dataset\RAW_DATASETS\Bottle_Gourd\BG05_CAIRrlder\CAIR-BGD-2025 Annotated Dataset\Bottle Gourd Disease Augmented Dataset\Anthracnose\Anthracnose00237_shifted_505.jpg
399,ee60d0e0cddc8f32d073eeae8e106c5250d8da3f854e5da956df425431e3a474,2,WITHIN_DATASET,BG05_CAIR,D:\AI_Agriculture_Dataset\RAW_DATASETS\Bottle_Gourd\BG05_CAIRrlder\CAIR-BGD-2025 Annotated Dataset\Bottle Gourd Disease Augmented Dataset\Anthracnose\Anthracnose00238_flipped_1154.jpg || D:\AI_Agriculture_Dataset\RAW_DATASETS\Bottle_Gourd\BG05_CAIRrlder\CAIR-BGD-2025 Annotated Dataset\Bottle Gourd Disease Augmented Dataset\Anthracnose\Anthracnose00238_flipped_974.jpg
400,d697ecde2306461ba42f7d1153b84253b3e6e6bcf9eb43f0f6f952860b28f05c,2,WITHIN_DATASET,BG05_CAIR,D:\AI_Agriculture_Dataset\RAW_DATASETS\Bottle_Gourd\BG05_CAIRrlder\CAIR-BGD-2025 Annotated Dataset\Bottle Gourd Disease Augmented Dataset\Anthracnose\Anthracnose00238_shifted_117.jpg || D:\AI_Agriculture_Dataset\RAW_DATASETS\Bottle_Gourd\BG05_CAIRrlder\CAIR-BGD-2025 Annotated Dataset\Bottle Gourd Disease Augmented Dataset\Anthracnose\Anthracnose00238_shifted_805.jpg
401,2c56202e7667ddbd7aafc201dbe821fc2878fa16422fd652076194d18126ffa4,2,WITHIN_DATASET,BG05_CAIR,D:\AI_Agriculture_Dataset\RAW_DATASETS\Bottle_Gourd\BG05_CAIRrlder\CAIR-BGD-2025 Annotated Dataset\Bottle Gourd Disease Augmented Dataset\Anthracnose\Anthracnose00240_shifted_461.jpg || D:\AI_Agriculture_Dataset\RAW_DATASETS\Bottle_Gourd\BG05_CAIRrlder\CAIR-BGD-2025 Annotated Dataset\Bottle Gourd Disease Augmented Dataset\Anthracnose\Anthracnose00240_shifted_642.jpg
402,4d56b37aff8996647f9602c901301c308dc94f4f8e5ddcdf27c2ecd9d0f8dc8c,3,WITHIN_DATASET,BG05_CAIR,D:\AI_Agriculture_Dataset\RAW_DATASETS\Bottle_Gourd\BG05_CAIRrlder\CAIR-BGD-2025 Annotated Dataset\Bottle Gourd Disease Augmented Dataset\Anthracnose\Anthracnose00242_rotated_1382.jpg || D:\AI_Agriculture_Dataset\RAW_DATASETS\Bottle_Gourd\BG05_CAIRrlder\CAIR-BGD-2025 Annotated Dataset\Bottle Gourd Disease Augmented Dataset\Anthracnose\Anthracnose00242_rotated_28.jpg || D:\AI_Agriculture_Dataset\RAW_DATASETS\Bottle_Gourd\BG05_CAIRrlder\CAIR-BGD-2025 Annotated Dataset\Bottle Gourd Disease Augmented Dataset\Anthracnose\Anthracnose00242_rotated_422.jpg
403,5fc3cc471b3fc8a441c874539e3e71e7faef7b292b91aa4ac4abc4cd47b9ce26,2,WITHIN_DATASET,BG05_CAIR,D:\AI_Agriculture_Dataset\RAW_DATASETS\Bottle_Gourd\BG05_CAIRrlder\CAIR-BGD-2025 Annotated Dataset\Bottle Gourd Disease Augmented Dataset\Anthracnose\Anthracnose00243_flipped_205.jpg || D:\AI_Agriculture_Dataset\RAW_DATASETS\Bottle_Gourd\BG05_CAIRrlder\CAIR-BGD-2025 Annotated Dataset\Bottle Gourd Disease Augmented Dataset\Anthracnose\Anthracnose00243_flipped_651.jpg
404,a152432258d3cc310d01e4ec97cf0011b42d96a9590b987152b1d2420d49b7a5,3,WITHIN_DATASET,BG05_CAIR,D:\AI_Agriculture_Dataset\RAW_DATASETS\Bottle_Gourd\BG05_CAIRrlder\CAIR-BGD-2025 Annotated Dataset\Bottle Gourd Disease Augmented Dataset\Anthracnose\Anthracnose00246_flipped_123.jpg || D:\AI_Agriculture_Dataset\RAW_DATASETS\Bottle_Gourd\BG05_CAIRrlder\CAIR-BGD-2025 Annotated Dataset\Bottle Gourd Disease Augmented Dataset\Anthracnose\Anthracnose00246_flipped_442.jpg || D:\AI_Agriculture_Dataset\RAW_DATASETS\Bottle_Gourd\BG05_CAIRrlder\CAIR-BGD-2025 Annotated Dataset\Bottle Gourd Disease Augmented Dataset\Anthracnose\Anthracnose00246_flipped_550.jpg
405,f12c86eabe2cd4bdfc426ef51e61870170f733959d501ffaeb3d55a040f4e625,3,WITHIN_DATASET,BG05_CAIR,D:\AI_Agriculture_Dataset\RAW_DATASETS\Bottle_Gourd\BG05_CAIRrlder\CAIR-BGD-2025 Annotated Dataset\Bottle Gourd Disease Augmented Dataset\Anthracnose\Anthracnose00249_flipped_592.jpg || D:\AI_Agriculture_Dataset\RAW_DATASETS\Bottle_Gourd\BG05_CAIRrlder\CAIR-BGD-2025 Annotated Dataset\Bottle Gourd Disease Augmented Dataset\Anthracnose\Anthracnose00249_flipped_607.jpg || D:\AI_Agriculture_Dataset\RAW_DATASETS\Bottle_Gourd\BG05_CAIRrlder\CAIR-BGD-2025 Annotated Dataset\Bottle Gourd Disease Augmented Dataset\Anthracnose\Anthracnose00249_flipped_908.jpg
406,553e51a1761dac73a4306b7e359402656b013b86536fe86c9b5d36f756d84bec,2,WITHIN_DATASET,BG05_CAIR,D:\AI_Agriculture_Dataset\RAW_DATASETS\Bottle_Gourd\BG05_CAIRrlder\CAIR-BGD-2025 Annotated Dataset\Bottle Gourd Disease Augmented Dataset\Anthracnose\Anthracnose00250_flipped_1253.jpg || D:\AI_Agriculture_Dataset\RAW_DATASETS\Bottle_Gourd\BG05_CAIRrlder\CAIR-BGD-2025 Annotated Dataset\Bottle Gourd Disease Augmented Dataset\Anthracnose\Anthracnose00250_flipped_350.jpg
407,ebdd17decbb927a18ccca79f743bef4456ee5fe574d515c224130f218b6dffde,3,WITHIN_DATASET,BG05_CAIR,D:\AI_Agriculture_Dataset\RAW_DATASETS\Bottle_Gourd\BG05_CAIRrlder\CAIR-BGD-2025 Annotated Dataset\Bottle Gourd Disease Augmented Dataset\Anthracnose\Anthracnose00251_rotated_1029.jpg || D:\AI_Agriculture_Dataset\RAW_DATASETS\Bottle_Gourd\BG05_CAIRrlder\CAIR-BGD-2025 Annotated Dataset\Bottle Gourd Disease Augmented Dataset\Anthracnose\Anthracnose00251_rotated_1057.jpg || D:\AI_Agriculture_Dataset\RAW_DATASETS\Bottle_Gourd\BG05_CAIRrlder\CAIR-BGD-2025 Annotated Dataset\Bottle Gourd Disease Augmented Dataset\Anthracnose\Anthracnose00251_rotated_1433.jpg
408,3ef53b5fb43f76ecbe6602c6508c63afd6ead2a332572b2fd64ffe8577530b9d,3,WITHIN_DATASET,BG05_CAIR,D:\AI_Agriculture_Dataset\RAW_DATASETS\Bottle_Gourd\BG05_CAIRrlder\CAIR-BGD-2025 Annotated Dataset\Bottle Gourd Disease Augmented Dataset\Anthracnose\Anthracnose00252_flipped_1010.jpg || D:\AI_Agriculture_Dataset\RAW_DATASETS\Bottle_Gourd\BG05_CAIRrlder\CAIR-BGD-2025 Annotated Dataset\Bottle Gourd Disease Augmented Dataset\Anthracnose\Anthracnose00252_flipped_268.jpg || D:\AI_Agriculture_Dataset\RAW_DATASETS\Bottle_Gourd\BG05_CAIRrlder\CAIR-BGD-2025 Annotated Dataset\Bottle Gourd Disease Augmented Dataset\Anthracnose\Anthracnose00252_flipped_92.jpg
409,a52230cb2077e2e6ff97a7ee2156ae8cbabba9a035d760440205887514266bfd,2,WITHIN_DATASET,BG05_CAIR,D:\AI_Agriculture_Dataset\RAW_DATASETS\Bottle_Gourd\BG05_CAIRrlder\CAIR-BGD-2025 Annotated Dataset\Bottle Gourd Disease Augmented Dataset\Anthracnose\Anthracnose00254_shifted_923.jpg || D:\AI_Agriculture_Dataset\RAW_DATASETS\Bottle_Gourd\BG05_CAIRrlder\CAIR-BGD-2025 Annotated Dataset\Bottle Gourd Disease Augmented Dataset\Anthracnose\Anthracnose00254_shifted_981.jpg
410,b7c65d4c55152a7fe262bc79ce2c45aaad2f58e7c66bbed4bcd8b114e32050ff,2,WITHIN_DATASET,BG05_CAIR,D:\AI_Agriculture_Dataset\RAW_DATASETS\Bottle_Gourd\BG05_CAIRrlder\CAIR-BGD-2025 Annotated Dataset\Bottle Gourd Disease Augmented Dataset\Anthracnose\Anthracnose00258_rotated_1027.jpg || D:\AI_Agriculture_Dataset\RAW_DATASETS\Bottle_Gourd\BG05_CAIRrlder\CAIR-BGD-2025 Annotated Dataset\Bottle Gourd Disease Augmented Dataset\Anthracnose\Anthracnose00258_rotated_973.jpg
411,19f3c587addf354745b46af434d8ebc0807b4c2baf538ceb44dbdf3c0b1d601b,2,WITHIN_DATASET,BG05_CAIR,D:\AI_Agriculture_Dataset\RAW_DATASETS\Bottle_Gourd\BG05_CAIRrlder\CAIR-BGD-2025 Annotated Dataset\Bottle Gourd Disease Augmented Dataset\Anthracnose\Anthracnose00258_shifted_1018.jpg || D:\AI_Agriculture_Dataset\RAW_DATASETS\Bottle_Gourd\BG05_CAIRrlder\CAIR-BGD-2025 Annotated Dataset\Bottle Gourd Disease Augmented Dataset\Anthracnose\Anthracnose00258_shifted_33.jpg
412,2b92ecf284a62decf3bae04abb9e86a72a0640c0541cbe473912d4afa1f6c4df,3,WITHIN_DATASET,BG05_CAIR,D:\AI_Agriculture_Dataset\RAW_DATASETS\Bottle_Gourd\BG05_CAIRrlder\CAIR-BGD-2025 Annotated Dataset\Bottle Gourd Disease Augmented Dataset\Anthracnose\Anthracnose00259_rotated_1459.jpg || D:\AI_Agriculture_Dataset\RAW_DATASETS\Bottle_Gourd\BG05_CAIRrlder\CAIR-BGD-2025 Annotated Dataset\Bottle Gourd Disease Augmented Dataset\Anthracnose\Anthracnose00259_rotated_257.jpg || D:\AI_Agriculture_Dataset\RAW_DATASETS\Bottle_Gourd\BG05_CAIRrlder\CAIR-BGD-2025 Annotated Dataset\Bottle Gourd Disease Augmented Dataset\Anthracnose\Anthracnose00259_rotated_847.jpg
413,bc07aaba2105d3a001d30b614a0d74ef2a8bd18a74213498c8e9915d0d0a276a,2,WITHIN_DATASET,BG05_CAIR,D:\AI_Agriculture_Dataset\RAW_DATASETS\Bottle_Gourd\BG05_CAIRrlder\CAIR-BGD-2025 Annotated Dataset\Bottle Gourd Disease Augmented Dataset\Anthracnose\Anthracnose00261_shifted_1197.jpg || D:\AI_Agriculture_Dataset\RAW_DATASETS\Bottle_Gourd\BG05_CAIRrlder\CAIR-BGD-2025 Annotated Dataset\Bottle Gourd Disease Augmented Dataset\Anthracnose\Anthracnose00261_shifted_970.jpg
414,21a12ad5cdec3a0f7abb10fdb718bcd8a10cd61a8c10b4a20a8af8253f6c2e67,2,WITHIN_DATASET,BG05_CAIR,D:\AI_Agriculture_Dataset\RAW_DATASETS\Bottle_Gourd\BG05_CAIRrlder\CAIR-BGD-2025 Annotated Dataset\Bottle Gourd Disease Augmented Dataset\Anthracnose\Anthracnose00264_rotated_275.jpg || D:\AI_Agriculture_Dataset\RAW_DATASETS\Bottle_Gourd\BG05_CAIRrlder\CAIR-BGD-2025 Annotated Dataset\Bottle Gourd Disease Augmented Dataset\Anthracnose\Anthracnose00264_rotated_643.jpg
415,df8f6b7eca94bccb1a15748dc625d0b0b07132b25ba4e618ffeb32f4644f9b82,2,WITHIN_DATASET,BG05_CAIR,D:\AI_Agriculture_Dataset\RAW_DATASETS\Bottle_Gourd\BG05_CAIRrlder\CAIR-BGD-2025 Annotated Dataset\Bottle Gourd Disease Augmented Dataset\Anthracnose\Anthracnose00264_shifted_1380.jpg || D:\AI_Agriculture_Dataset\RAW_DATASETS\Bottle_Gourd\BG05_CAIRrlder\CAIR-BGD-2025 Annotated Dataset\Bottle Gourd Disease Augmented Dataset\Anthracnose\Anthracnose00264_shifted_644.jpg
416,476f57d1e184ffb483c519528829b4015cd70a41d853f191817a38d6de756121,2,WITHIN_DATASET,BG05_CAIR,D:\AI_Agriculture_Dataset\RAW_DATASETS\Bottle_Gourd\BG05_CAIRrlder\CAIR-BGD-2025 Annotated Dataset\Bottle Gourd Disease Augmented Dataset\Anthracnose\Anthracnose00266_flipped_1490.jpg || D:\AI_Agriculture_Dataset\RAW_DATASETS\Bottle_Gourd\BG05_CAIRrlder\CAIR-BGD-2025 Annotated Dataset\Bottle Gourd Disease Augmented Dataset\Anthracnose\Anthracnose00266_flipped_224.jpg
417,72fea01d1d9f0dc0661ccf5b72d122eac0efc0c5dd8f13e488553a7f279ee251,2,WITHIN_DATASET,BG05_CAIR,D:\AI_Agriculture_Dataset\RAW_DATASETS\Bottle_Gourd\BG05_CAIRrlder\CAIR-BGD-2025 Annotated Dataset\Bottle Gourd Disease Augmented Dataset\Anthracnose\Anthracnose00266_rotated_1358.jpg || D:\AI_Agriculture_Dataset\RAW_DATASETS\Bottle_Gourd\BG05_CAIRrlder\CAIR-BGD-2025 Annotated Dataset\Bottle Gourd Disease Augmented Dataset\Anthracnose\Anthracnose00266_rotated_53.jpg
418,6212af22ebfa01bb66f74927865300f8b4cd442b22e731efbb76d96618d8ab3a,3,WITHIN_DATASET,BG05_CAIR,D:\AI_Agriculture_Dataset\RAW_DATASETS\Bottle_Gourd\BG05_CAIRrlder\CAIR-BGD-2025 Annotated Dataset\Bottle Gourd Disease Augmented Dataset\Anthracnose\Anthracnose00268_flipped_1202.jpg || D:\AI_Agriculture_Dataset\RAW_DATASETS\Bottle_Gourd\BG05_CAIRrlder\CAIR-BGD-2025 Annotated Dataset\Bottle Gourd Disease Augmented Dataset\Anthracnose\Anthracnose00268_flipped_20.jpg || D:\AI_Agriculture_Dataset\RAW_DATASETS\Bottle_Gourd\BG05_CAIRrlder\CAIR-BGD-2025 Annotated Dataset\Bottle Gourd Disease Augmented Dataset\Anthracnose\Anthracnose00268_flipped_243.jpg
419,d83161f960c2918b5c2c116c57a5b790eb4f98648bde5cfa6393654e383f2f9f,4,WITHIN_DATASET,BG05_CAIR,D:\AI_Agriculture_Dataset\RAW_DATASETS\Bottle_Gourd\BG05_CAIRrlder\CAIR-BGD-2025 Annotated Dataset\Bottle Gourd Disease Augmented Dataset\Anthracnose\Anthracnose00269_flipped_1369.jpg || D:\AI_Agriculture_Dataset\RAW_DATASETS\Bottle_Gourd\BG05_CAIRrlder\CAIR-BGD-2025 Annotated Dataset\Bottle Gourd Disease Augmented Dataset\Anthracnose\Anthracnose00269_flipped_307.jpg || D:\AI_Agriculture_Dataset\RAW_DATASETS\Bottle_Gourd\BG05_CAIRrlder\CAIR-BGD-2025 Annotated Dataset\Bottle Gourd Disease Augmented Dataset\Anthracnose\Anthracnose00269_flipped_35.jpg || D:\AI_Agriculture_Dataset\RAW_DATASETS\Bottle_Gourd\BG05_CAIRrlder\CAIR-BGD-2025 Annotated Dataset\Bottle Gourd Disease Augmented Dataset\Anthracnose\Anthracnose00269_flipped_403.jpg
420,23fc86087441e879ba58dfb2aba64427f351dea77e5e5150099965019a107557,2,WITHIN_DATASET,BG05_CAIR,D:\AI_Agriculture_Dataset\RAW_DATASETS\Bottle_Gourd\BG05_CAIRrlder\CAIR-BGD-2025 Annotated Dataset\Bottle Gourd Disease Augmented Dataset\Anthracnose\Anthracnose00269_shifted_1357.jpg || D:\AI_Agriculture_Dataset\RAW_DATASETS\Bottle_Gourd\BG05_CAIRrlder\CAIR-BGD-2025 Annotated Dataset\Bottle Gourd Disease Augmented Dataset\Anthracnose\Anthracnose00269_shifted_829.jpg
421,170ca71920219108bddf1b0b45db5600f0e8b091bb82a20e6ede3a2ba762f3dd,2,WITHIN_DATASET,BG05_CAIR,D:\AI_Agriculture_Dataset\RAW_DATASETS\Bottle_Gourd\BG05_CAIRrlder\CAIR-BGD-2025 Annotated Dataset\Bottle Gourd Disease Augmented Dataset\Anthracnose\Anthracnose00270_flipped_496.jpg || D:\AI_Agriculture_Dataset\RAW_DATASETS\Bottle_Gourd\BG05_CAIRrlder\CAIR-BGD-2025 Annotated Dataset\Bottle Gourd Disease Augmented Dataset\Anthracnose\Anthracnose00270_flipped_914.jpg
422,441b51d4fefda0ce3484d53dd6d57d4bcf533b563947222938eefc277cbd869b,2,WITHIN_DATASET,BG05_CAIR,D:\AI_Agriculture_Dataset\RAW_DATASETS\Bottle_Gourd\BG05_CAIRrlder\CAIR-BGD-2025 Annotated Dataset\Bottle Gourd Disease Augmented Dataset\Anthracnose\Anthracnose00271_rotated_538.jpg || D:\AI_Agriculture_Dataset\RAW_DATASETS\Bottle_Gourd\BG05_CAIRrlder\CAIR-BGD-2025 Annotated Dataset\Bottle Gourd Disease Augmented Dataset\Anthracnose\Anthracnose00271_rotated_569.jpg
423,91e32752b666a25be075fda57c734013a7932456b0388600ca1e448482d25e4b,3,WITHIN_DATASET,BG05_CAIR,D:\AI_Agriculture_Dataset\RAW_DATASETS\Bottle_Gourd\BG05_CAIRrlder\CAIR-BGD-2025 Annotated Dataset\Bottle Gourd Disease Augmented Dataset\Anthracnose\Anthracnose00271_shifted_57.jpg || D:\AI_Agriculture_Dataset\RAW_DATASETS\Bottle_Gourd\BG05_CAIRrlder\CAIR-BGD-2025 Annotated Dataset\Bottle Gourd Disease Augmented Dataset\Anthracnose\Anthracnose00271_shifted_809.jpg || D:\AI_Agriculture_Dataset\RAW_DATASETS\Bottle_Gourd\BG05_CAIRrlder\CAIR-BGD-2025 Annotated Dataset\Bottle Gourd Disease Augmented Dataset\Anthracnose\Anthracnose00271_shifted_975.jpg
424,7c5cfa823e4323eb2fab139a55b7243aa6cec533c9c6cc80714ff6c180405f13,2,WITHIN_DATASET,BG05_CAIR,D:\AI_Agriculture_Dataset\RAW_DATASETS\Bottle_Gourd\BG05_CAIRrlder\CAIR-BGD-2025 Annotated Dataset\Bottle Gourd Disease Augmented Dataset\Anthracnose\Anthracnose00273_shifted_1194.jpg || D:\AI_Agriculture_Dataset\RAW_DATASETS\Bottle_Gourd\BG05_CAIRrlder\CAIR-BGD-2025 Annotated Dataset\Bottle Gourd Disease Augmented Dataset\Anthracnose\Anthracnose00273_shifted_1224.jpg
425,a54ab1a2c25c85d6b5bb47f1e771d2eefb0d9311af0bd80942ff7e962d576b0f,2,WITHIN_DATASET,BG05_CAIR,D:\AI_Agriculture_Dataset\RAW_DATASETS\Bottle_Gourd\BG05_CAIRrlder\CAIR-BGD-2025 Annotated Dataset\Bottle Gourd Disease Augmented Dataset\Anthracnose\Anthracnose00275_flipped_22.jpg || D:\AI_Agriculture_Dataset\RAW_DATASETS\Bottle_Gourd\BG05_CAIRrlder\CAIR-BGD-2025 Annotated Dataset\Bottle Gourd Disease Augmented Dataset\Anthracnose\Anthracnose00275_flipped_611.jpg
426,6540542139468eb2949d7be357e9c2c86813a29334a342d03e798df829cfa447,2,WITHIN_DATASET,BG05_CAIR,D:\AI_Agriculture_Dataset\RAW_DATASETS\Bottle_Gourd\BG05_CAIRrlder\CAIR-BGD-2025 Annotated Dataset\Bottle Gourd Disease Augmented Dataset\Anthracnose\Anthracnose00276_shifted_1007.jpg || D:\AI_Agriculture_Dataset\RAW_DATASETS\Bottle_Gourd\BG05_CAIRrlder\CAIR-BGD-2025 Annotated Dataset\Bottle Gourd Disease Augmented Dataset\Anthracnose\Anthracnose00276_shifted_781.jpg
427,c50c47f59873ade686ed743d863d911c67a91608f87de541a0a47453bfb15c28,2,WITHIN_DATASET,BG05_CAIR,D:\AI_Agriculture_Dataset\RAW_DATASETS\Bottle_Gourd\BG05_CAIRrlder\CAIR-BGD-2025 Annotated Dataset\Bottle Gourd Disease Augmented Dataset\Anthracnose\Anthracnose00277_flipped_310.jpg || D:\AI_Agriculture_Dataset\RAW_DATASETS\Bottle_Gourd\BG05_CAIRrlder\CAIR-BGD-2025 Annotated Dataset\Bottle Gourd Disease Augmented Dataset\Anthracnose\Anthracnose00277_flipped_82.jpg
428,513081cf6c5f635f462d795fb9fda4a4d7ae71cbf706b7df99110503afe99f29,2,WITHIN_DATASET,BG05_CAIR,D:\AI_Agriculture_Dataset\RAW_DATASETS\Bottle_Gourd\BG05_CAIRrlder\CAIR-BGD-2025 Annotated Dataset\Bottle Gourd Disease Augmented Dataset\Anthracnose\Anthracnose00278_shifted_648.jpg || D:\AI_Agriculture_Dataset\RAW_DATASETS\Bottle_Gourd\BG05_CAIRrlder\CAIR-BGD-2025 Annotated Dataset\Bottle Gourd Disease Augmented Dataset\Anthracnose\Anthracnose00278_shifted_660.jpg
429,91b41725f454ed4f9c10ab3ff6071020ecfd710c7c8907f951855960a9e73691,2,WITHIN_DATASET,BG05_CAIR,D:\AI_Agriculture_Dataset\RAW_DATASETS\Bottle_Gourd\BG05_CAIRrlder\CAIR-BGD-2025 Annotated Dataset\Bottle Gourd Disease Augmented Dataset\Anthracnose\Anthracnose00279_shifted_1378.jpg || D:\AI_Agriculture_Dataset\RAW_DATASETS\Bottle_Gourd\BG05_CAIRrlder\CAIR-BGD-2025 Annotated Dataset\Bottle Gourd Disease Augmented Dataset\Anthracnose\Anthracnose00279_shifted_252.jpg
430,ddc39810f3bf7f20792996d7a20d30322cedc40b563d3772360a01a2cc91f477,2,WITHIN_DATASET,BG05_CAIR,D:\AI_Agriculture_Dataset\RAW_DATASETS\Bottle_Gourd\BG05_CAIRrlder\CAIR-BGD-2025 Annotated Dataset\Bottle Gourd Disease Augmented Dataset\Anthracnose\Anthracnose00282_shifted_1390.jpg || D:\AI_Agriculture_Dataset\RAW_DATASETS\Bottle_Gourd\BG05_CAIRrlder\CAIR-BGD-2025 Annotated Dataset\Bottle Gourd Disease Augmented Dataset\Anthracnose\Anthracnose00282_shifted_986.jpg
431,9bd9f8521368604d3d287f1659b3a0f9ebce6660ff2d2e07af04f8dc4cdfdb90,3,WITHIN_DATASET,BG05_CAIR,D:\AI_Agriculture_Dataset\RAW_DATASETS\Bottle_Gourd\BG05_CAIRrlder\CAIR-BGD-2025 Annotated Dataset\Bottle Gourd Disease Augmented Dataset\Anthracnose\Anthracnose00283_rotated_1149.jpg || D:\AI_Agriculture_Dataset\RAW_DATASETS\Bottle_Gourd\BG05_CAIRrlder\CAIR-BGD-2025 Annotated Dataset\Bottle Gourd Disease Augmented Dataset\Anthracnose\Anthracnose00283_rotated_640.jpg || D:\AI_Agriculture_Dataset\RAW_DATASETS\Bottle_Gourd\BG05_CAIRrlder\CAIR-BGD-2025 Annotated Dataset\Bottle Gourd Disease Augmented Dataset\Anthracnose\Anthracnose00283_rotated_697.jpg
432,e2dab07f4e64fcc07b8abbb4e82d602599b85c877e97163459da70e5914a8cf6,3,WITHIN_DATASET,BG05_CAIR,D:\AI_Agriculture_Dataset\RAW_DATASETS\Bottle_Gourd\BG05_CAIRrlder\CAIR-BGD-2025 Annotated Dataset\Bottle Gourd Disease Augmented Dataset\Downy Mildew\Downy Mildew00002_rotated_1153.jpg || D:\AI_Agriculture_Dataset\RAW_DATASETS\Bottle_Gourd\BG05_CAIRrlder\CAIR-BGD-2025 Annotated Dataset\Bottle Gourd Disease Augmented Dataset\Downy Mildew\Downy Mildew00002_rotated_6.jpg || D:\AI_Agriculture_Dataset\RAW_DATASETS\Bottle_Gourd\BG05_CAIRrlder\CAIR-BGD-2025 Annotated Dataset\Bottle Gourd Disease Augmented Dataset\Downy Mildew\Downy Mildew00002_rotated_944.jpg
433,840e4bb4e8a58451229cc06399aa14bd7928f12c5c1f2c5b332d8b429bcdc309,2,WITHIN_DATASET,BG05_CAIR,D:\AI_Agriculture_Dataset\RAW_DATASETS\Bottle_Gourd\BG05_CAIRrlder\CAIR-BGD-2025 Annotated Dataset\Bottle Gourd Disease Augmented Dataset\Downy Mildew\Downy Mildew00003_shifted_1137.jpg || D:\AI_Agriculture_Dataset\RAW_DATASETS\Bottle_Gourd\BG05_CAIRrlder\CAIR-BGD-2025 Annotated Dataset\Bottle Gourd Disease Augmented Dataset\Downy Mildew\Downy Mildew00003_shifted_1402.jpg
434,a1c7905b8a4a83d6a841b04b0f80e43d2bda168dbcffd23f120296050c113c7c,2,WITHIN_DATASET,BG05_CAIR,D:\AI_Agriculture_Dataset\RAW_DATASETS\Bottle_Gourd\BG05_CAIRrlder\CAIR-BGD-2025 Annotated Dataset\Bottle Gourd Disease Augmented Dataset\Downy Mildew\Downy Mildew00005_flipped_126.jpg || D:\AI_Agriculture_Dataset\RAW_DATASETS\Bottle_Gourd\BG05_CAIRrlder\CAIR-BGD-2025 Annotated Dataset\Bottle Gourd Disease Augmented Dataset\Downy Mildew\Downy Mildew00005_flipped_1415.jpg
435,af0f8d176028fbb37b2baf41f03521b89ddd298562e59d70f2d0eb5f6ce9423b,2,WITHIN_DATASET,BG05_CAIR,D:\AI_Agriculture_Dataset\RAW_DATASETS\Bottle_Gourd\BG05_CAIRrlder\CAIR-BGD-2025 Annotated Dataset\Bottle Gourd Disease Augmented Dataset\Downy Mildew\Downy Mildew00005_shifted_155.jpg || D:\AI_Agriculture_Dataset\RAW_DATASETS\Bottle_Gourd\BG05_CAIRrlder\CAIR-BGD-2025 Annotated Dataset\Bottle Gourd Disease Augmented Dataset\Downy Mildew\Downy Mildew00005_shifted_743.jpg
436,8986cfbbd957988a725e1d0d070a1e07ba6f00ddbade0215a723c59e7c2b6d94,2,WITHIN_DATASET,BG05_CAIR,D:\AI_Agriculture_Dataset\RAW_DATASETS\Bottle_Gourd\BG05_CAIRrlder\CAIR-BGD-2025 Annotated Dataset\Bottle Gourd Disease Augmented Dataset\Downy Mildew\Downy Mildew00006_flipped_444.jpg || D:\AI_Agriculture_Dataset\RAW_DATASETS\Bottle_Gourd\BG05_CAIRrlder\CAIR-BGD-2025 Annotated Dataset\Bottle Gourd Disease Augmented Dataset\Downy Mildew\Downy Mildew00006_flipped_942.jpg
437,63f10571f4f0b0b0bbba26878b5dc569bc071a767f85a0f0b916c5c1c20bd05d,3,WITHIN_DATASET,BG05_CAIR,D:\AI_Agriculture_Dataset\RAW_DATASETS\Bottle_Gourd\BG05_CAIRrlder\CAIR-BGD-2025 Annotated Dataset\Bottle Gourd Disease Augmented Dataset\Downy Mildew\Downy Mildew00009_flipped_1123.jpg || D:\AI_Agriculture_Dataset\RAW_DATASETS\Bottle_Gourd\BG05_CAIRrlder\CAIR-BGD-2025 Annotated Dataset\Bottle Gourd Disease Augmented Dataset\Downy Mildew\Downy Mildew00009_flipped_1154.jpg || D:\AI_Agriculture_Dataset\RAW_DATASETS\Bottle_Gourd\BG05_CAIRrlder\CAIR-BGD-2025 Annotated Dataset\Bottle Gourd Disease Augmented Dataset\Downy Mildew\Downy Mildew00009_flipped_564.jpg
438,948dbb018fdf2c30c5e8f1a8c7b02c9bcb0a1377fb87c44ef7095f95d7f554b7,3,WITHIN_DATASET,BG05_CAIR,D:\AI_Agriculture_Dataset\RAW_DATASETS\Bottle_Gourd\BG05_CAIRrlder\CAIR-BGD-2025 Annotated Dataset\Bottle Gourd Disease Augmented Dataset\Downy Mildew\Downy Mildew00009_shifted_290.jpg || D:\AI_Agriculture_Dataset\RAW_DATASETS\Bottle_Gourd\BG05_CAIRrlder\CAIR-BGD-2025 Annotated Dataset\Bottle Gourd Disease Augmented Dataset\Downy Mildew\Downy Mildew00009_shifted_842.jpg || D:\AI_Agriculture_Dataset\RAW_DATASETS\Bottle_Gourd\BG05_CAIRrlder\CAIR-BGD-2025 Annotated Dataset\Bottle Gourd Disease Augmented Dataset\Downy Mildew\Downy Mildew00009_shifted_921.jpg
439,b7be4d39d732bf916f82b56b7ab63f767fb39eb13649556a36c883d80efc3576,2,WITHIN_DATASET,BG05_CAIR,D:\AI_Agriculture_Dataset\RAW_DATASETS\Bottle_Gourd\BG05_CAIRrlder\CAIR-BGD-2025 Annotated Dataset\Bottle Gourd Disease Augmented Dataset\Downy Mildew\Downy Mildew00010_rotated_417.jpg || D:\AI_Agriculture_Dataset\RAW_DATASETS\Bottle_Gourd\BG05_CAIRrlder\CAIR-BGD-2025 Annotated Dataset\Bottle Gourd Disease Augmented Dataset\Downy Mildew\Downy Mildew00010_rotated_746.jpg
440,faa9444268e208878c9ea6ed1d05677300973407ff6bf3362e50b6fef37bea7c,2,WITHIN_DATASET,BG05_CAIR,D:\AI_Agriculture_Dataset\RAW_DATASETS\Bottle_Gourd\BG05_CAIRrlder\CAIR-BGD-2025 Annotated Dataset\Bottle Gourd Disease Augmented Dataset\Downy Mildew\Downy Mildew00011_shifted_1253.jpg || D:\AI_Agriculture_Dataset\RAW_DATASETS\Bottle_Gourd\BG05_CAIRrlder\CAIR-BGD-2025 Annotated Dataset\Bottle Gourd Disease Augmented Dataset\Downy Mildew\Downy Mildew00011_shifted_128.jpg
441,3a321a490a605a26a35d5f587a40403bcab55dee788c5138d73e28c59407553d,3,WITHIN_DATASET,BG05_CAIR,D:\AI_Agriculture_Dataset\RAW_DATASETS\Bottle_Gourd\BG05_CAIRrlder\CAIR-BGD-2025 Annotated Dataset\Bottle Gourd Disease Augmented Dataset\Downy Mildew\Downy Mildew00012_rotated_346.jpg || D:\AI_Agriculture_Dataset\RAW_DATASETS\Bottle_Gourd\BG05_CAIRrlder\CAIR-BGD-2025 Annotated Dataset\Bottle Gourd Disease Augmented Dataset\Downy Mildew\Downy Mildew00012_rotated_641.jpg || D:\AI_Agriculture_Dataset\RAW_DATASETS\Bottle_Gourd\BG05_CAIRrlder\CAIR-BGD-2025 Annotated Dataset\Bottle Gourd Disease Augmented Dataset\Downy Mildew\Downy Mildew00012_rotated_907.jpg
442,f9f2dd3910b558c7cf9bb7747c60e09289bf2cccdc760dadc0b2a1065532c3c0,2,WITHIN_DATASET,BG05_CAIR,D:\AI_Agriculture_Dataset\RAW_DATASETS\Bottle_Gourd\BG05_CAIRrlder\CAIR-BGD-2025 Annotated Dataset\Bottle Gourd Disease Augmented Dataset\Downy Mildew\Downy Mildew00014_rotated_386.jpg || D:\AI_Agriculture_Dataset\RAW_DATASETS\Bottle_Gourd\BG05_CAIRrlder\CAIR-BGD-2025 Annotated Dataset\Bottle Gourd Disease Augmented Dataset\Downy Mildew\Downy Mildew00014_rotated_396.jpg
443,cb2560279c8cb8f6671f06d69df12655641fbbf062ccd7105283094d368cc8a1,2,WITHIN_DATASET,BG05_CAIR,D:\AI_Agriculture_Dataset\RAW_DATASETS\Bottle_Gourd\BG05_CAIRrlder\CAIR-BGD-2025 Annotated Dataset\Bottle Gourd Disease Augmented Dataset\Downy Mildew\Downy Mildew00015_rotated_1226.jpg || D:\AI_Agriculture_Dataset\RAW_DATASETS\Bottle_Gourd\BG05_CAIRrlder\CAIR-BGD-2025 Annotated Dataset\Bottle Gourd Disease Augmented Dataset\Downy Mildew\Downy Mildew00015_rotated_598.jpg
444,00506c5ab6c3720540e921c02c74e4f3cd2f8c0a3f114bb50ab73656192de747,3,WITHIN_DATASET,BG05_CAIR,D:\AI_Agriculture_Dataset\RAW_DATASETS\Bottle_Gourd\BG05_CAIRrlder\CAIR-BGD-2025 Annotated Dataset\Bottle Gourd Disease Augmented Dataset\Downy Mildew\Downy Mildew00015_shifted_1008.jpg || D:\AI_Agriculture_Dataset\RAW_DATASETS\Bottle_Gourd\BG05_CAIRrlder\CAIR-BGD-2025 Annotated Dataset\Bottle Gourd Disease Augmented Dataset\Downy Mildew\Downy Mildew00015_shifted_1108.jpg || D:\AI_Agriculture_Dataset\RAW_DATASETS\Bottle_Gourd\BG05_CAIRrlder\CAIR-BGD-2025 Annotated Dataset\Bottle Gourd Disease Augmented Dataset\Downy Mildew\Downy Mildew00015_shifted_931.jpg
445,265a67d0f491b183ea21f4d177ebb277c48d8afd27680f5bbedb3b028b1eca1a,2,WITHIN_DATASET,BG05_CAIR,D:\AI_Agriculture_Dataset\RAW_DATASETS\Bottle_Gourd\BG05_CAIRrlder\CAIR-BGD-2025 Annotated Dataset\Bottle Gourd Disease Augmented Dataset\Downy Mildew\Downy Mildew00016_flipped_1117.jpg || D:\AI_Agriculture_Dataset\RAW_DATASETS\Bottle_Gourd\BG05_CAIRrlder\CAIR-BGD-2025 Annotated Dataset\Bottle Gourd Disease Augmented Dataset\Downy Mildew\Downy Mildew00016_flipped_1458.jpg
446,f74897466e38f2c8dd021e6d227bdafc99ee0512b87a30e2ba44e7a87909e7b9,2,WITHIN_DATASET,BG05_CAIR,D:\AI_Agriculture_Dataset\RAW_DATASETS\Bottle_Gourd\BG05_CAIRrlder\CAIR-BGD-2025 Annotated Dataset\Bottle Gourd Disease Augmented Dataset\Downy Mildew\Downy Mildew00016_rotated_1155.jpg || D:\AI_Agriculture_Dataset\RAW_DATASETS\Bottle_Gourd\BG05_CAIRrlder\CAIR-BGD-2025 Annotated Dataset\Bottle Gourd Disease Augmented Dataset\Downy Mildew\Downy Mildew00016_rotated_647.jpg
447,716289749b6015f561199ac144ed9d40905478c1acf9b7d698601031d22381af,2,WITHIN_DATASET,BG05_CAIR,D:\AI_Agriculture_Dataset\RAW_DATASETS\Bottle_Gourd\BG05_CAIRrlder\CAIR-BGD-2025 Annotated Dataset\Bottle Gourd Disease Augmented Dataset\Downy Mildew\Downy Mildew00017_rotated_755.jpg || D:\AI_Agriculture_Dataset\RAW_DATASETS\Bottle_Gourd\BG05_CAIRrlder\CAIR-BGD-2025 Annotated Dataset\Bottle Gourd Disease Augmented Dataset\Downy Mildew\Downy Mildew00017_rotated_763.jpg
448,a61111282ca4f59e25ba696561829b55f45cce9868d984f9aa42c854d1e01ffa,2,WITHIN_DATASET,BG05_CAIR,D:\AI_Agriculture_Dataset\RAW_DATASETS\Bottle_Gourd\BG05_CAIRrlder\CAIR-BGD-2025 Annotated Dataset\Bottle Gourd Disease Augmented Dataset\Downy Mildew\Downy Mildew00018_flipped_680.jpg || D:\AI_Agriculture_Dataset\RAW_DATASETS\Bottle_Gourd\BG05_CAIRrlder\CAIR-BGD-2025 Annotated Dataset\Bottle Gourd Disease Augmented Dataset\Downy Mildew\Downy Mildew00018_flipped_97.jpg
449,2cb19dc36196e890e4c882306e125707ca33d7678ea45c9d1099d1caed4a1b33,2,WITHIN_DATASET,BG05_CAIR,D:\AI_Agriculture_Dataset\RAW_DATASETS\Bottle_Gourd\BG05_CAIRrlder\CAIR-BGD-2025 Annotated Dataset\Bottle Gourd Disease Augmented Dataset\Downy Mildew\Downy Mildew00018_rotated_108.jpg || D:\AI_Agriculture_Dataset\RAW_DATASETS\Bottle_Gourd\BG05_CAIRrlder\CAIR-BGD-2025 Annotated Dataset\Bottle Gourd Disease Augmented Dataset\Downy Mildew\Downy Mildew00018_rotated_113.jpg
450,67cd0110e5519b4cf07ddf8f78c2992943efa4d4a387cd8f54f4dde89e4bb935,2,WITHIN_DATASET,BG05_CAIR,D:\AI_Agriculture_Dataset\RAW_DATASETS\Bottle_Gourd\BG05_CAIRrlder\CAIR-BGD-2025 Annotated Dataset\Bottle Gourd Disease Augmented Dataset\Downy Mildew\Downy Mildew00019_flipped_1211.jpg || D:\AI_Agriculture_Dataset\RAW_DATASETS\Bottle_Gourd\BG05_CAIRrlder\CAIR-BGD-2025 Annotated Dataset\Bottle Gourd Disease Augmented Dataset\Downy Mildew\Downy Mildew00019_flipped_309.jpg
451,ed474cb77715a7d49aa9133a0433c965c252cc647341509a22069fc0e656892e,3,WITHIN_DATASET,BG05_CAIR,D:\AI_Agriculture_Dataset\RAW_DATASETS\Bottle_Gourd\BG05_CAIRrlder\CAIR-BGD-2025 Annotated Dataset\Bottle Gourd Disease Augmented Dataset\Downy Mildew\Downy Mildew00019_rotated_1334.jpg || D:\AI_Agriculture_Dataset\RAW_DATASETS\Bottle_Gourd\BG05_CAIRrlder\CAIR-BGD-2025 Annotated Dataset\Bottle Gourd Disease Augmented Dataset\Downy Mildew\Downy Mildew00019_rotated_1480.jpg || D:\AI_Agriculture_Dataset\RAW_DATASETS\Bottle_Gourd\BG05_CAIRrlder\CAIR-BGD-2025 Annotated Dataset\Bottle Gourd Disease Augmented Dataset\Downy Mildew\Downy Mildew00019_rotated_1489.jpg
452,4b486136072e05427c79a53af18a2188f56ad0ad55cc9412dbcb97e39f11d228,2,WITHIN_DATASET,BG05_CAIR,D:\AI_Agriculture_Dataset\RAW_DATASETS\Bottle_Gourd\BG05_CAIRrlder\CAIR-BGD-2025 Annotated Dataset\Bottle Gourd Disease Augmented Dataset\Downy Mildew\Downy Mildew00022_flipped_183.jpg || D:\AI_Agriculture_Dataset\RAW_DATASETS\Bottle_Gourd\BG05_CAIRrlder\CAIR-BGD-2025 Annotated Dataset\Bottle Gourd Disease Augmented Dataset\Downy Mildew\Downy Mildew00022_flipped_454.jpg
453,39e116bca7ae69e0b3e54fc38ecf76f60cc02ed6b36456a73c581e682b5fa8cd,2,WITHIN_DATASET,BG05_CAIR,D:\AI_Agriculture_Dataset\RAW_DATASETS\Bottle_Gourd\BG05_CAIRrlder\CAIR-BGD-2025 Annotated Dataset\Bottle Gourd Disease Augmented Dataset\Downy Mildew\Downy Mildew00022_rotated_1285.jpg || D:\AI_Agriculture_Dataset\RAW_DATASETS\Bottle_Gourd\BG05_CAIRrlder\CAIR-BGD-2025 Annotated Dataset\Bottle Gourd Disease Augmented Dataset\Downy Mildew\Downy Mildew00022_rotated_477.jpg
454,fd79ffc7a2c3b1652552b81023595a87d2650e52ffcdd9eae474e727c2292d72,2,WITHIN_DATASET,BG05_CAIR,D:\AI_Agriculture_Dataset\RAW_DATASETS\Bottle_Gourd\BG05_CAIRrlder\CAIR-BGD-2025 Annotated Dataset\Bottle Gourd Disease Augmented Dataset\Downy Mildew\Downy Mildew00023_shifted_58.jpg || D:\AI_Agriculture_Dataset\RAW_DATASETS\Bottle_Gourd\BG05_CAIRrlder\CAIR-BGD-2025 Annotated Dataset\Bottle Gourd Disease Augmented Dataset\Downy Mildew\Downy Mildew00023_shifted_874.jpg
455,d9431db23ba9029b0d11f4bcb5d9502083526cfb7d843acdac06188212ffd0be,2,WITHIN_DATASET,BG05_CAIR,D:\AI_Agriculture_Dataset\RAW_DATASETS\Bottle_Gourd\BG05_CAIRrlder\CAIR-BGD-2025 Annotated Dataset\Bottle Gourd Disease Augmented Dataset\Downy Mildew\Downy Mildew00024_shifted_100.jpg || D:\AI_Agriculture_Dataset\RAW_DATASETS\Bottle_Gourd\BG05_CAIRrlder\CAIR-BGD-2025 Annotated Dataset\Bottle Gourd Disease Augmented Dataset\Downy Mildew\Downy Mildew00024_shifted_1346.jpg
456,0a35955891134e01641dea4b6ae68e393f62cdfdff76b445e41a065e358217ad,2,WITHIN_DATASET,BG05_CAIR,D:\AI_Agriculture_Dataset\RAW_DATASETS\Bottle_Gourd\BG05_CAIRrlder\CAIR-BGD-2025 Annotated Dataset\Bottle Gourd Disease Augmented Dataset\Downy Mildew\Downy Mildew00025_rotated_1335.jpg || D:\AI_Agriculture_Dataset\RAW_DATASETS\Bottle_Gourd\BG05_CAIRrlder\CAIR-BGD-2025 Annotated Dataset\Bottle Gourd Disease Augmented Dataset\Downy Mildew\Downy Mildew00025_rotated_1410.jpg
457,245ecbf66f99acc3c18c71a6ab221cc97941e520c9f568d77cb34277a62634f4,3,WITHIN_DATASET,BG05_CAIR,D:\AI_Agriculture_Dataset\RAW_DATASETS\Bottle_Gourd\BG05_CAIRrlder\CAIR-BGD-2025 Annotated Dataset\Bottle Gourd Disease Augmented Dataset\Downy Mildew\Downy Mildew00029_flipped_196.jpg || D:\AI_Agriculture_Dataset\RAW_DATASETS\Bottle_Gourd\BG05_CAIRrlder\CAIR-BGD-2025 Annotated Dataset\Bottle Gourd Disease Augmented Dataset\Downy Mildew\Downy Mildew00029_flipped_851.jpg || D:\AI_Agriculture_Dataset\RAW_DATASETS\Bottle_Gourd\BG05_CAIRrlder\CAIR-BGD-2025 Annotated Dataset\Bottle Gourd Disease Augmented Dataset\Downy Mildew\Downy Mildew00029_flipped_862.jpg
458,f9e1ba0aea87023210cad00dbe4075002d31aa766f5ebe948183cf0380778bd8,2,WITHIN_DATASET,BG05_CAIR,D:\AI_Agriculture_Dataset\RAW_DATASETS\Bottle_Gourd\BG05_CAIRrlder\CAIR-BGD-2025 Annotated Dataset\Bottle Gourd Disease Augmented Dataset\Downy Mildew\Downy Mildew00030_rotated_1309.jpg || D:\AI_Agriculture_Dataset\RAW_DATASETS\Bottle_Gourd\BG05_CAIRrlder\CAIR-BGD-2025 Annotated Dataset\Bottle Gourd Disease Augmented Dataset\Downy Mildew\Downy Mildew00030_rotated_866.jpg
459,bc1f8c3c2470bb44b5bafb97bd8fc72df8d7ab5c11bc0d82196352d71a47bd65,2,WITHIN_DATASET,BG05_CAIR,D:\AI_Agriculture_Dataset\RAW_DATASETS\Bottle_Gourd\BG05_CAIRrlder\CAIR-BGD-2025 Annotated Dataset\Bottle Gourd Disease Augmented Dataset\Downy Mildew\Downy Mildew00031_flipped_585.jpg || D:\AI_Agriculture_Dataset\RAW_DATASETS\Bottle_Gourd\BG05_CAIRrlder\CAIR-BGD-2025 Annotated Dataset\Bottle Gourd Disease Augmented Dataset\Downy Mildew\Downy Mildew00031_flipped_980.jpg
460,e9318137da606d9875bba90373bd80ec7c7c4d3de09be0b21d9415cc0b1905ad,2,WITHIN_DATASET,BG05_CAIR,D:\AI_Agriculture_Dataset\RAW_DATASETS\Bottle_Gourd\BG05_CAIRrlder\CAIR-BGD-2025 Annotated Dataset\Bottle Gourd Disease Augmented Dataset\Downy Mildew\Downy Mildew00032_rotated_1240.jpg || D:\AI_Agriculture_Dataset\RAW_DATASETS\Bottle_Gourd\BG05_CAIRrlder\CAIR-BGD-2025 Annotated Dataset\Bottle Gourd Disease Augmented Dataset\Downy Mildew\Downy Mildew00032_rotated_957.jpg
461,0dda28cea3d9edff73e07abed871f045e228de810989dc191b4838605405a14b,2,WITHIN_DATASET,BG05_CAIR,D:\AI_Agriculture_Dataset\RAW_DATASETS\Bottle_Gourd\BG05_CAIRrlder\CAIR-BGD-2025 Annotated Dataset\Bottle Gourd Disease Augmented Dataset\Downy Mildew\Downy Mildew00033_flipped_249.jpg || D:\AI_Agriculture_Dataset\RAW_DATASETS\Bottle_Gourd\BG05_CAIRrlder\CAIR-BGD-2025 Annotated Dataset\Bottle Gourd Disease Augmented Dataset\Downy Mildew\Downy Mildew00033_flipped_692.jpg
462,c794d38b6da06b977a5f050d108c985e1036d4d5d941042b00c1a1be4c009396,2,WITHIN_DATASET,BG05_CAIR,D:\AI_Agriculture_Dataset\RAW_DATASETS\Bottle_Gourd\BG05_CAIRrlder\CAIR-BGD-2025 Annotated Dataset\Bottle Gourd Disease Augmented Dataset\Downy Mildew\Downy Mildew00033_shifted_1344.jpg || D:\AI_Agriculture_Dataset\RAW_DATASETS\Bottle_Gourd\BG05_CAIRrlder\CAIR-BGD-2025 Annotated Dataset\Bottle Gourd Disease Augmented Dataset\Downy Mildew\Downy Mildew00033_shifted_49.jpg
463,d5fc0861af681f4482742ddb7d14d95bba903bdb04d1c6619a6135b5f67256a5,2,WITHIN_DATASET,BG05_CAIR,D:\AI_Agriculture_Dataset\RAW_DATASETS\Bottle_Gourd\BG05_CAIRrlder\CAIR-BGD-2025 Annotated Dataset\Bottle Gourd Disease Augmented Dataset\Downy Mildew\Downy Mildew00035_rotated_1020.jpg || D:\AI_Agriculture_Dataset\RAW_DATASETS\Bottle_Gourd\BG05_CAIRrlder\CAIR-BGD-2025 Annotated Dataset\Bottle Gourd Disease Augmented Dataset\Downy Mildew\Downy Mildew00035_rotated_349.jpg
464,16fe1dd05eac0dc7bc6696d67126cec6dca8f354c2a6ca8e680f704612a8a06b,2,WITHIN_DATASET,BG05_CAIR,D:\AI_Agriculture_Dataset\RAW_DATASETS\Bottle_Gourd\BG05_CAIRrlder\CAIR-BGD-2025 Annotated Dataset\Bottle Gourd Disease Augmented Dataset\Downy Mildew\Downy Mildew00037_flipped_178.jpg || D:\AI_Agriculture_Dataset\RAW_DATASETS\Bottle_Gourd\BG05_CAIRrlder\CAIR-BGD-2025 Annotated Dataset\Bottle Gourd Disease Augmented Dataset\Downy Mildew\Downy Mildew00037_flipped_466.jpg
465,4b345c5db0533cff0ee0606dfa50ae744b939b48b7c9daf8cb4ba63963e22aa1,2,WITHIN_DATASET,BG05_CAIR,D:\AI_Agriculture_Dataset\RAW_DATASETS\Bottle_Gourd\BG05_CAIRrlder\CAIR-BGD-2025 Annotated Dataset\Bottle Gourd Disease Augmented Dataset\Downy Mildew\Downy Mildew00037_shifted_1426.jpg || D:\AI_Agriculture_Dataset\RAW_DATASETS\Bottle_Gourd\BG05_CAIRrlder\CAIR-BGD-2025 Annotated Dataset\Bottle Gourd Disease Augmented Dataset\Downy Mildew\Downy Mildew00037_shifted_429.jpg
466,7e2ffb9632e612e67da1c56e3826fef18cc992dbafca96a811d208d3f9222011,2,WITHIN_DATASET,BG05_CAIR,D:\AI_Agriculture_Dataset\RAW_DATASETS\Bottle_Gourd\BG05_CAIRrlder\CAIR-BGD-2025 Annotated Dataset\Bottle Gourd Disease Augmented Dataset\Downy Mildew\Downy Mildew00038_shifted_1310.jpg || D:\AI_Agriculture_Dataset\RAW_DATASETS\Bottle_Gourd\BG05_CAIRrlder\CAIR-BGD-2025 Annotated Dataset\Bottle Gourd Disease Augmented Dataset\Downy Mildew\Downy Mildew00038_shifted_937.jpg
467,6c2b2616dbebaecef258fd9cdae03a0da5e9fa99d686e499631ea24556826711,2,WITHIN_DATASET,BG05_CAIR,D:\AI_Agriculture_Dataset\RAW_DATASETS\Bottle_Gourd\BG05_CAIRrlder\CAIR-BGD-2025 Annotated Dataset\Bottle Gourd Disease Augmented Dataset\Downy Mildew\Downy Mildew00039_flipped_324.jpg || D:\AI_Agriculture_Dataset\RAW_DATASETS\Bottle_Gourd\BG05_CAIRrlder\CAIR-BGD-2025 Annotated Dataset\Bottle Gourd Disease Augmented Dataset\Downy Mildew\Downy Mildew00039_flipped_500.jpg
468,55511d5bd1572e87354ab66b847173157222571c3fea8a5db887a3a3a2c22c90,2,WITHIN_DATASET,BG05_CAIR,D:\AI_Agriculture_Dataset\RAW_DATASETS\Bottle_Gourd\BG05_CAIRrlder\CAIR-BGD-2025 Annotated Dataset\Bottle Gourd Disease Augmented Dataset\Downy Mildew\Downy Mildew00040_rotated_106.jpg || D:\AI_Agriculture_Dataset\RAW_DATASETS\Bottle_Gourd\BG05_CAIRrlder\CAIR-BGD-2025 Annotated Dataset\Bottle Gourd Disease Augmented Dataset\Downy Mildew\Downy Mildew00040_rotated_748.jpg
469,3d6fde62c2308c561f221b07c51b0bfa39e582cbc9f3d848fe8ad9d3872168e4,2,WITHIN_DATASET,BG05_CAIR,D:\AI_Agriculture_Dataset\RAW_DATASETS\Bottle_Gourd\BG05_CAIRrlder\CAIR-BGD-2025 Annotated Dataset\Bottle Gourd Disease Augmented Dataset\Downy Mildew\Downy Mildew00041_flipped_1298.jpg || D:\AI_Agriculture_Dataset\RAW_DATASETS\Bottle_Gourd\BG05_CAIRrlder\CAIR-BGD-2025 Annotated Dataset\Bottle Gourd Disease Augmented Dataset\Downy Mildew\Downy Mildew00041_flipped_281.jpg
470,4eae9238864eccb2d4bd196cbd7d8ff1850b3574fb2416c8467803402332b776,3,WITHIN_DATASET,BG05_CAIR,D:\AI_Agriculture_Dataset\RAW_DATASETS\Bottle_Gourd\BG05_CAIRrlder\CAIR-BGD-2025 Annotated Dataset\Bottle Gourd Disease Augmented Dataset\Downy Mildew\Downy Mildew00041_rotated_484.jpg || D:\AI_Agriculture_Dataset\RAW_DATASETS\Bottle_Gourd\BG05_CAIRrlder\CAIR-BGD-2025 Annotated Dataset\Bottle Gourd Disease Augmented Dataset\Downy Mildew\Downy Mildew00041_rotated_506.jpg || D:\AI_Agriculture_Dataset\RAW_DATASETS\Bottle_Gourd\BG05_CAIRrlder\CAIR-BGD-2025 Annotated Dataset\Bottle Gourd Disease Augmented Dataset\Downy Mildew\Downy Mildew00041_rotated_509.jpg
471,e0336567cc58f7c86bb47139e6fff6937c5a41d9501e4cfd746155c6f49cbf86,2,WITHIN_DATASET,BG05_CAIR,D:\AI_Agriculture_Dataset\RAW_DATASETS\Bottle_Gourd\BG05_CAIRrlder\CAIR-BGD-2025 Annotated Dataset\Bottle Gourd Disease Augmented Dataset\Downy Mildew\Downy Mildew00042_flipped_546.jpg || D:\AI_Agriculture_Dataset\RAW_DATASETS\Bottle_Gourd\BG05_CAIRrlder\CAIR-BGD-2025 Annotated Dataset\Bottle Gourd Disease Augmented Dataset\Downy Mildew\Downy Mildew00042_flipped_852.jpg
472,53328c2d908862922d639b269f9a942945976bf68b8bcce943087e7383f3f811,2,WITHIN_DATASET,BG05_CAIR,D:\AI_Agriculture_Dataset\RAW_DATASETS\Bottle_Gourd\BG05_CAIRrlder\CAIR-BGD-2025 Annotated Dataset\Bottle Gourd Disease Augmented Dataset\Downy Mildew\Downy Mildew00043_flipped_1476.jpg || D:\AI_Agriculture_Dataset\RAW_DATASETS\Bottle_Gourd\BG05_CAIRrlder\CAIR-BGD-2025 Annotated Dataset\Bottle Gourd Disease Augmented Dataset\Downy Mildew\Downy Mildew00043_flipped_493.jpg
473,a175a0d6bc37f439e207981deb6c800d197a5668e4805c69ead99c4394a5805a,4,WITHIN_DATASET,BG05_CAIR,D:\AI_Agriculture_Dataset\RAW_DATASETS\Bottle_Gourd\BG05_CAIRrlder\CAIR-BGD-2025 Annotated Dataset\Bottle Gourd Disease Augmented Dataset\Downy Mildew\Downy Mildew00048_flipped_1350.jpg || D:\AI_Agriculture_Dataset\RAW_DATASETS\Bottle_Gourd\BG05_CAIRrlder\CAIR-BGD-2025 Annotated Dataset\Bottle Gourd Disease Augmented Dataset\Downy Mildew\Downy Mildew00048_flipped_1491.jpg || D:\AI_Agriculture_Dataset\RAW_DATASETS\Bottle_Gourd\BG05_CAIRrlder\CAIR-BGD-2025 Annotated Dataset\Bottle Gourd Disease Augmented Dataset\Downy Mildew\Downy Mildew00048_flipped_236.jpg || D:\AI_Agriculture_Dataset\RAW_DATASETS\Bottle_Gourd\BG05_CAIRrlder\CAIR-BGD-2025 Annotated Dataset\Bottle Gourd Disease Augmented Dataset\Downy Mildew\Downy Mildew00048_flipped_710.jpg
474,05596557266e6fd27fd159f3c979fe9b0ca7b5ef75ec5cb0d8e15dae430c972b,2,WITHIN_DATASET,BG05_CAIR,D:\AI_Agriculture_Dataset\RAW_DATASETS\Bottle_Gourd\BG05_CAIRrlder\CAIR-BGD-2025 Annotated Dataset\Bottle Gourd Disease Augmented Dataset\Downy Mildew\Downy Mildew00051_flipped_1322.jpg || D:\AI_Agriculture_Dataset\RAW_DATASETS\Bottle_Gourd\BG05_CAIRrlder\CAIR-BGD-2025 Annotated Dataset\Bottle Gourd Disease Augmented Dataset\Downy Mildew\Downy Mildew00051_flipped_898.jpg
475,f3d5893c89554885cf5467ee6f0ce3d7cbe87760796d46650b667427ab86a556,2,WITHIN_DATASET,BG05_CAIR,D:\AI_Agriculture_Dataset\RAW_DATASETS\Bottle_Gourd\BG05_CAIRrlder\CAIR-BGD-2025 Annotated Dataset\Bottle Gourd Disease Augmented Dataset\Downy Mildew\Downy Mildew00052_shifted_449.jpg || D:\AI_Agriculture_Dataset\RAW_DATASETS\Bottle_Gourd\BG05_CAIRrlder\CAIR-BGD-2025 Annotated Dataset\Bottle Gourd Disease Augmented Dataset\Downy Mildew\Downy Mildew00052_shifted_48.jpg
476,64525a09ac021aec688e9bc707dd1582c63baa9c8666d9dedc2ec947f009aad0,3,WITHIN_DATASET,BG05_CAIR,D:\AI_Agriculture_Dataset\RAW_DATASETS\Bottle_Gourd\BG05_CAIRrlder\CAIR-BGD-2025 Annotated Dataset\Bottle Gourd Disease Augmented Dataset\Downy Mildew\Downy Mildew00056_flipped_1206.jpg || D:\AI_Agriculture_Dataset\RAW_DATASETS\Bottle_Gourd\BG05_CAIRrlder\CAIR-BGD-2025 Annotated Dataset\Bottle Gourd Disease Augmented Dataset\Downy Mildew\Downy Mildew00056_flipped_521.jpg || D:\AI_Agriculture_Dataset\RAW_DATASETS\Bottle_Gourd\BG05_CAIRrlder\CAIR-BGD-2025 Annotated Dataset\Bottle Gourd Disease Augmented Dataset\Downy Mildew\Downy Mildew00056_flipped_817.jpg
477,d8b3d91c244678ddc05c2db290305a83d400cd3a17920d4aff05c3bd9c4baa54,2,WITHIN_DATASET,BG05_CAIR,D:\AI_Agriculture_Dataset\RAW_DATASETS\Bottle_Gourd\BG05_CAIRrlder\CAIR-BGD-2025 Annotated Dataset\Bottle Gourd Disease Augmented Dataset\Downy Mildew\Downy Mildew00059_rotated_1299.jpg || D:\AI_Agriculture_Dataset\RAW_DATASETS\Bottle_Gourd\BG05_CAIRrlder\CAIR-BGD-2025 Annotated Dataset\Bottle Gourd Disease Augmented Dataset\Downy Mildew\Downy Mildew00059_rotated_601.jpg
478,6fdd8af6c860de24dbe4fecbc26cc00ee89917e1bfdb004021371e6baa14b4c4,2,WITHIN_DATASET,BG05_CAIR,D:\AI_Agriculture_Dataset\RAW_DATASETS\Bottle_Gourd\BG05_CAIRrlder\CAIR-BGD-2025 Annotated Dataset\Bottle Gourd Disease Augmented Dataset\Downy Mildew\Downy Mildew00060_flipped_1067.jpg || D:\AI_Agriculture_Dataset\RAW_DATASETS\Bottle_Gourd\BG05_CAIRrlder\CAIR-BGD-2025 Annotated Dataset\Bottle Gourd Disease Augmented Dataset\Downy Mildew\Downy Mildew00060_flipped_256.jpg
479,746e26989474046def2df4007a23d2123f194edd8ddd5c9fa2c71d5e606fe240,2,WITHIN_DATASET,BG05_CAIR,D:\AI_Agriculture_Dataset\RAW_DATASETS\Bottle_Gourd\BG05_CAIRrlder\CAIR-BGD-2025 Annotated Dataset\Bottle Gourd Disease Augmented Dataset\Downy Mildew\Downy Mildew00060_shifted_102.jpg || D:\AI_Agriculture_Dataset\RAW_DATASETS\Bottle_Gourd\BG05_CAIRrlder\CAIR-BGD-2025 Annotated Dataset\Bottle Gourd Disease Augmented Dataset\Downy Mildew\Downy Mildew00060_shifted_87.jpg
480,66302d1e75eea671ec88a1263b347a389491ae7a607ee54cad1a2054f213a640,2,WITHIN_DATASET,BG05_CAIR,D:\AI_Agriculture_Dataset\RAW_DATASETS\Bottle_Gourd\BG05_CAIRrlder\CAIR-BGD-2025 Annotated Dataset\Bottle Gourd Disease Augmented Dataset\Downy Mildew\Downy Mildew00062_flipped_489.jpg || D:\AI_Agriculture_Dataset\RAW_DATASETS\Bottle_Gourd\BG05_CAIRrlder\CAIR-BGD-2025 Annotated Dataset\Bottle Gourd Disease Augmented Dataset\Downy Mildew\Downy Mildew00062_flipped_990.jpg
481,f5d09d2fa0eb1d1bafd9a239a7a7890cf6f649936f83b3cf0721902b5df8bd5e,5,WITHIN_DATASET,BG05_CAIR,D:\AI_Agriculture_Dataset\RAW_DATASETS\Bottle_Gourd\BG05_CAIRrlder\CAIR-BGD-2025 Annotated Dataset\Bottle Gourd Disease Augmented Dataset\Downy Mildew\Downy Mildew00064_flipped_331.jpg || D:\AI_Agriculture_Dataset\RAW_DATASETS\Bottle_Gourd\BG05_CAIRrlder\CAIR-BGD-2025 Annotated Dataset\Bottle Gourd Disease Augmented Dataset\Downy Mildew\Downy Mildew00064_flipped_70.jpg || D:\AI_Agriculture_Dataset\RAW_DATASETS\Bottle_Gourd\BG05_CAIRrlder\CAIR-BGD-2025 Annotated Dataset\Bottle Gourd Disease Augmented Dataset\Downy Mildew\Downy Mildew00064_flipped_759.jpg || D:\AI_Agriculture_Dataset\RAW_DATASETS\Bottle_Gourd\BG05_CAIRrlder\CAIR-BGD-2025 Annotated Dataset\Bottle Gourd Disease Augmented Dataset\Downy Mildew\Downy Mildew00064_flipped_85.jpg || D:\AI_Agriculture_Dataset\RAW_DATASETS\Bottle_Gourd\BG05_CAIRrlder\CAIR-BGD-2025 Annotated Dataset\Bottle Gourd Disease Augmented Dataset\Downy Mildew\Downy Mildew00064_flipped_857.jpg
482,b8efda96b4102cf7ae13e66dc4f84e488363c60fc77fb22ac2eee96e66da9edf,2,WITHIN_DATASET,BG05_CAIR,D:\AI_Agriculture_Dataset\RAW_DATASETS\Bottle_Gourd\BG05_CAIRrlder\CAIR-BGD-2025 Annotated Dataset\Bottle Gourd Disease Augmented Dataset\Downy Mildew\Downy Mildew00065_flipped_549.jpg || D:\AI_Agriculture_Dataset\RAW_DATASETS\Bottle_Gourd\BG05_CAIRrlder\CAIR-BGD-2025 Annotated Dataset\Bottle Gourd Disease Augmented Dataset\Downy Mildew\Downy Mildew00065_flipped_964.jpg
483,fa1a50d8ad84a474f4c0a1684fb22e06c67153114506ee8846de0fc6665a6f20,2,WITHIN_DATASET,BG05_CAIR,D:\AI_Agriculture_Dataset\RAW_DATASETS\Bottle_Gourd\BG05_CAIRrlder\CAIR-BGD-2025 Annotated Dataset\Bottle Gourd Disease Augmented Dataset\Downy Mildew\Downy Mildew00066_shifted_507.jpg || D:\AI_Agriculture_Dataset\RAW_DATASETS\Bottle_Gourd\BG05_CAIRrlder\CAIR-BGD-2025 Annotated Dataset\Bottle Gourd Disease Augmented Dataset\Downy Mildew\Downy Mildew00066_shifted_802.jpg
484,fe370c75f019e3e562d4d2a17f7d6509f30dfac3c289942b0bf06f7692651722,2,WITHIN_DATASET,BG05_CAIR,D:\AI_Agriculture_Dataset\RAW_DATASETS\Bottle_Gourd\BG05_CAIRrlder\CAIR-BGD-2025 Annotated Dataset\Bottle Gourd Disease Augmented Dataset\Downy Mildew\Downy Mildew00067_flipped_1315.jpg || D:\AI_Agriculture_Dataset\RAW_DATASETS\Bottle_Gourd\BG05_CAIRrlder\CAIR-BGD-2025 Annotated Dataset\Bottle Gourd Disease Augmented Dataset\Downy Mildew\Downy Mildew00067_flipped_505.jpg
485,16bbaa6f6770e72983991fd1a9a3cdc96b6ea3448fe5cf3583350cf5dc150164,3,WITHIN_DATASET,BG05_CAIR,D:\AI_Agriculture_Dataset\RAW_DATASETS\Bottle_Gourd\BG05_CAIRrlder\CAIR-BGD-2025 Annotated Dataset\Bottle Gourd Disease Augmented Dataset\Downy Mildew\Downy Mildew00068_flipped_1164.jpg || D:\AI_Agriculture_Dataset\RAW_DATASETS\Bottle_Gourd\BG05_CAIRrlder\CAIR-BGD-2025 Annotated Dataset\Bottle Gourd Disease Augmented Dataset\Downy Mildew\Downy Mildew00068_flipped_239.jpg || D:\AI_Agriculture_Dataset\RAW_DATASETS\Bottle_Gourd\BG05_CAIRrlder\CAIR-BGD-2025 Annotated Dataset\Bottle Gourd Disease Augmented Dataset\Downy Mildew\Downy Mildew00068_flipped_334.jpg
486,53fa2168c8a88a6ccee04ea5ca2aaf56028393cbe86e7317b57b2b6f847bd129,2,WITHIN_DATASET,BG05_CAIR,D:\AI_Agriculture_Dataset\RAW_DATASETS\Bottle_Gourd\BG05_CAIRrlder\CAIR-BGD-2025 Annotated Dataset\Bottle Gourd Disease Augmented Dataset\Downy Mildew\Downy Mildew00070_flipped_172.jpg || D:\AI_Agriculture_Dataset\RAW_DATASETS\Bottle_Gourd\BG05_CAIRrlder\CAIR-BGD-2025 Annotated Dataset\Bottle Gourd Disease Augmented Dataset\Downy Mildew\Downy Mildew00070_flipped_588.jpg
487,bde826a1809ebee55d4f9b72d8fbda27f9421b72c1acdda8291aacb08570cb0c,2,WITHIN_DATASET,BG05_CAIR,D:\AI_Agriculture_Dataset\RAW_DATASETS\Bottle_Gourd\BG05_CAIRrlder\CAIR-BGD-2025 Annotated Dataset\Bottle Gourd Disease Augmented Dataset\Downy Mildew\Downy Mildew00072_rotated_270.jpg || D:\AI_Agriculture_Dataset\RAW_DATASETS\Bottle_Gourd\BG05_CAIRrlder\CAIR-BGD-2025 Annotated Dataset\Bottle Gourd Disease Augmented Dataset\Downy Mildew\Downy Mildew00072_rotated_305.jpg
488,5713784685f55ea1fa4dbcd52738fc9f260e2ac977501d433a4adf046a3ead91,2,WITHIN_DATASET,BG05_CAIR,D:\AI_Agriculture_Dataset\RAW_DATASETS\Bottle_Gourd\BG05_CAIRrlder\CAIR-BGD-2025 Annotated Dataset\Bottle Gourd Disease Augmented Dataset\Downy Mildew\Downy Mildew00073_rotated_1066.jpg || D:\AI_Agriculture_Dataset\RAW_DATASETS\Bottle_Gourd\BG05_CAIRrlder\CAIR-BGD-2025 Annotated Dataset\Bottle Gourd Disease Augmented Dataset\Downy Mildew\Downy Mildew00073_rotated_1139.jpg
489,b73f7041b59c516f1879d468d752edb24912adf2072bf541677f9e025e1951a2,2,WITHIN_DATASET,BG05_CAIR,D:\AI_Agriculture_Dataset\RAW_DATASETS\Bottle_Gourd\BG05_CAIRrlder\CAIR-BGD-2025 Annotated Dataset\Bottle Gourd Disease Augmented Dataset\Downy Mildew\Downy Mildew00074_rotated_1242.jpg || D:\AI_Agriculture_Dataset\RAW_DATASETS\Bottle_Gourd\BG05_CAIRrlder\CAIR-BGD-2025 Annotated Dataset\Bottle Gourd Disease Augmented Dataset\Downy Mildew\Downy Mildew00074_rotated_370.jpg
490,6fbb08579873afa8f08b4107ea4db012ee39e06c0ee04922a6ada67f3e8cb15f,2,WITHIN_DATASET,BG05_CAIR,D:\AI_Agriculture_Dataset\RAW_DATASETS\Bottle_Gourd\BG05_CAIRrlder\CAIR-BGD-2025 Annotated Dataset\Bottle Gourd Disease Augmented Dataset\Downy Mildew\Downy Mildew00076_flipped_134.jpg || D:\AI_Agriculture_Dataset\RAW_DATASETS\Bottle_Gourd\BG05_CAIRrlder\CAIR-BGD-2025 Annotated Dataset\Bottle Gourd Disease Augmented Dataset\Downy Mildew\Downy Mildew00076_flipped_881.jpg
491,5d5c5db1c6f1237541daaf78f16f2bebe97124f5e13e63cefdd464b58f3bb1e8,2,WITHIN_DATASET,BG05_CAIR,D:\AI_Agriculture_Dataset\RAW_DATASETS\Bottle_Gourd\BG05_CAIRrlder\CAIR-BGD-2025 Annotated Dataset\Bottle Gourd Disease Augmented Dataset\Downy Mildew\Downy Mildew00077_flipped_1333.jpg || D:\AI_Agriculture_Dataset\RAW_DATASETS\Bottle_Gourd\BG05_CAIRrlder\CAIR-BGD-2025 Annotated Dataset\Bottle Gourd Disease Augmented Dataset\Downy Mildew\Downy Mildew00077_flipped_238.jpg
492,fe00889e1c28b799ea0aca5468579ca871433c605d7157f5a9203cbb11c4734e,3,WITHIN_DATASET,BG05_CAIR,D:\AI_Agriculture_Dataset\RAW_DATASETS\Bottle_Gourd\BG05_CAIRrlder\CAIR-BGD-2025 Annotated Dataset\Bottle Gourd Disease Augmented Dataset\Downy Mildew\Downy Mildew00077_shifted_1077.jpg || D:\AI_Agriculture_Dataset\RAW_DATASETS\Bottle_Gourd\BG05_CAIRrlder\CAIR-BGD-2025 Annotated Dataset\Bottle Gourd Disease Augmented Dataset\Downy Mildew\Downy Mildew00077_shifted_1478.jpg || D:\AI_Agriculture_Dataset\RAW_DATASETS\Bottle_Gourd\BG05_CAIRrlder\CAIR-BGD-2025 Annotated Dataset\Bottle Gourd Disease Augmented Dataset\Downy Mildew\Downy Mildew00077_shifted_43.jpg
493,78583695f612385aea97463e12a484ad3fdc416034244f2c3f9a949d97f0aada,3,WITHIN_DATASET,BG05_CAIR,D:\AI_Agriculture_Dataset\RAW_DATASETS\Bottle_Gourd\BG05_CAIRrlder\CAIR-BGD-2025 Annotated Dataset\Bottle Gourd Disease Augmented Dataset\Downy Mildew\Downy Mildew00079_shifted_1057.jpg || D:\AI_Agriculture_Dataset\RAW_DATASETS\Bottle_Gourd\BG05_CAIRrlder\CAIR-BGD-2025 Annotated Dataset\Bottle Gourd Disease Augmented Dataset\Downy Mildew\Downy Mildew00079_shifted_1302.jpg || D:\AI_Agriculture_Dataset\RAW_DATASETS\Bottle_Gourd\BG05_CAIRrlder\CAIR-BGD-2025 Annotated Dataset\Bottle Gourd Disease Augmented Dataset\Downy Mildew\Downy Mildew00079_shifted_501.jpg
494,b9a6b07178a460dc9d095cfad11a68b404e0ecae4e1c74f96d370ef3f92c77e2,3,WITHIN_DATASET,BG05_CAIR,D:\AI_Agriculture_Dataset\RAW_DATASETS\Bottle_Gourd\BG05_CAIRrlder\CAIR-BGD-2025 Annotated Dataset\Bottle Gourd Disease Augmented Dataset\Downy Mildew\Downy Mildew00080_flipped_1082.jpg || D:\AI_Agriculture_Dataset\RAW_DATASETS\Bottle_Gourd\BG05_CAIRrlder\CAIR-BGD-2025 Annotated Dataset\Bottle Gourd Disease Augmented Dataset\Downy Mildew\Downy Mildew00080_flipped_304.jpg || D:\AI_Agriculture_Dataset\RAW_DATASETS\Bottle_Gourd\BG05_CAIRrlder\CAIR-BGD-2025 Annotated Dataset\Bottle Gourd Disease Augmented Dataset\Downy Mildew\Downy Mildew00080_flipped_775.jpg
495,9eab2b6600f5f298f9f520b7a5813728dc2253bff20be1059b40948252bf9766,2,WITHIN_DATASET,BG05_CAIR,D:\AI_Agriculture_Dataset\RAW_DATASETS\Bottle_Gourd\BG05_CAIRrlder\CAIR-BGD-2025 Annotated Dataset\Bottle Gourd Disease Augmented Dataset\Downy Mildew\Downy Mildew00081_flipped_333.jpg || D:\AI_Agriculture_Dataset\RAW_DATASETS\Bottle_Gourd\BG05_CAIRrlder\CAIR-BGD-2025 Annotated Dataset\Bottle Gourd Disease Augmented Dataset\Downy Mildew\Downy Mildew00081_flipped_976.jpg
496,760a7ab23eb297ad4377230f6bb1b8497a78534272bf0cea8806e7443599e1f4,3,WITHIN_DATASET,BG05_CAIR,D:\AI_Agriculture_Dataset\RAW_DATASETS\Bottle_Gourd\BG05_CAIRrlder\CAIR-BGD-2025 Annotated Dataset\Bottle Gourd Disease Augmented Dataset\Downy Mildew\Downy Mildew00082_rotated_1032.jpg || D:\AI_Agriculture_Dataset\RAW_DATASETS\Bottle_Gourd\BG05_CAIRrlder\CAIR-BGD-2025 Annotated Dataset\Bottle Gourd Disease Augmented Dataset\Downy Mildew\Downy Mildew00082_rotated_1156.jpg || D:\AI_Agriculture_Dataset\RAW_DATASETS\Bottle_Gourd\BG05_CAIRrlder\CAIR-BGD-2025 Annotated Dataset\Bottle Gourd Disease Augmented Dataset\Downy Mildew\Downy Mildew00082_rotated_625.jpg
497,2524b9afd61992da053e296e80bc1b4af648f29881f7a5b93889e4026ca96291,2,WITHIN_DATASET,BG05_CAIR,D:\AI_Agriculture_Dataset\RAW_DATASETS\Bottle_Gourd\BG05_CAIRrlder\CAIR-BGD-2025 Annotated Dataset\Bottle Gourd Disease Augmented Dataset\Downy Mildew\Downy Mildew00082_shifted_760.jpg || D:\AI_Agriculture_Dataset\RAW_DATASETS\Bottle_Gourd\BG05_CAIRrlder\CAIR-BGD-2025 Annotated Dataset\Bottle Gourd Disease Augmented Dataset\Downy Mildew\Downy Mildew00082_shifted_804.jpg
498,2b1b25366e7e94e34c878006c0b8197cc8b2c9099847e55942386f9cefa04f32,5,WITHIN_DATASET,BG05_CAIR,D:\AI_Agriculture_Dataset\RAW_DATASETS\Bottle_Gourd\BG05_CAIRrlder\CAIR-BGD-2025 Annotated Dataset\Bottle Gourd Disease Augmented Dataset\Downy Mildew\Downy Mildew00083_rotated_147.jpg || D:\AI_Agriculture_Dataset\RAW_DATASETS\Bottle_Gourd\BG05_CAIRrlder\CAIR-BGD-2025 Annotated Dataset\Bottle Gourd Disease Augmented Dataset\Downy Mildew\Downy Mildew00083_rotated_259.jpg || D:\AI_Agriculture_Dataset\RAW_DATASETS\Bottle_Gourd\BG05_CAIRrlder\CAIR-BGD-2025 Annotated Dataset\Bottle Gourd Disease Augmented Dataset\Downy Mildew\Downy Mildew00083_rotated_634.jpg || D:\AI_Agriculture_Dataset\RAW_DATASETS\Bottle_Gourd\BG05_CAIRrlder\CAIR-BGD-2025 Annotated Dataset\Bottle Gourd Disease Augmented Dataset\Downy Mildew\Downy Mildew00083_rotated_653.jpg || D:\AI_Agriculture_Dataset\RAW_DATASETS\Bottle_Gourd\BG05_CAIRrlder\CAIR-BGD-2025 Annotated Dataset\Bottle Gourd Disease Augmented Dataset\Downy Mildew\Downy Mildew00083_rotated_677.jpg
499,2fd9aa73770421a698542f1e8df0bd8bdffe6481914329ac8a7336d1d646361b,4,WITHIN_DATASET,BG05_CAIR,D:\AI_Agriculture_Dataset\RAW_DATASETS\Bottle_Gourd\BG05_CAIRrlder\CAIR-BGD-2025 Annotated Dataset\Bottle Gourd Disease Augmented Dataset\Downy Mildew\Downy Mildew00084_flipped_1246.jpg || D:\AI_Agriculture_Dataset\RAW_DATASETS\Bottle_Gourd\BG05_CAIRrlder\CAIR-BGD-2025 Annotated Dataset\Bottle Gourd Disease Augmented Dataset\Downy Mildew\Downy Mildew00084_flipped_1499.jpg || D:\AI_Agriculture_Dataset\RAW_DATASETS\Bottle_Gourd\BG05_CAIRrlder\CAIR-BGD-2025 Annotated Dataset\Bottle Gourd Disease Augmented Dataset\Downy Mildew\Downy Mildew00084_flipped_233.jpg || D:\AI_Agriculture_Dataset\RAW_DATASETS\Bottle_Gourd\BG05_CAIRrlder\CAIR-BGD-2025 Annotated Dataset\Bottle Gourd Disease Augmented Dataset\Downy Mildew\Downy Mildew00084_flipped_614.jpg
500,76d412eb0eadfe513751c46d3815d0c11eba7741ad838364eea2d4e2d023f519,2,WITHIN_DATASET,BG05_CAIR,D:\AI_Agriculture_Dataset\RAW_DATASETS\Bottle_Gourd\BG05_CAIRrlder\CAIR-BGD-2025 Annotated Dataset\Bottle Gourd Disease Augmented Dataset\Downy Mildew\Downy Mildew00084_shifted_1341.jpg || D:\AI_Agriculture_Dataset\RAW_DATASETS\Bottle_Gourd\BG05_CAIRrlder\CAIR-BGD-2025 Annotated Dataset\Bottle Gourd Disease Augmented Dataset\Downy Mildew\Downy Mildew00084_shifted_1396.jpg
501,d4e9ac82cd53f87495aa4f15e87f6d4633c605b17b66a4c2286fdab7a163aa3f,2,WITHIN_DATASET,BG05_CAIR,D:\AI_Agriculture_Dataset\RAW_DATASETS\Bottle_Gourd\BG05_CAIRrlder\CAIR-BGD-2025 Annotated Dataset\Bottle Gourd Disease Augmented Dataset\Downy Mildew\Downy Mildew00085_flipped_1482.jpg || D:\AI_Agriculture_Dataset\RAW_DATASETS\Bottle_Gourd\BG05_CAIRrlder\CAIR-BGD-2025 Annotated Dataset\Bottle Gourd Disease Augmented Dataset\Downy Mildew\Downy Mildew00085_flipped_326.jpg
502,2ed52dedb4e4e6adcb11236aa20054c4fc30b0949bd14a2b28ac26c98ba69552,2,WITHIN_DATASET,BG05_CAIR,D:\AI_Agriculture_Dataset\RAW_DATASETS\Bottle_Gourd\BG05_CAIRrlder\CAIR-BGD-2025 Annotated Dataset\Bottle Gourd Disease Augmented Dataset\Downy Mildew\Downy Mildew00085_shifted_1307.jpg || D:\AI_Agriculture_Dataset\RAW_DATASETS\Bottle_Gourd\BG05_CAIRrlder\CAIR-BGD-2025 Annotated Dataset\Bottle Gourd Disease Augmented Dataset\Downy Mildew\Downy Mildew00085_shifted_166.jpg
503,358f333defd25cdc0ab9cd28eb1012a79f96e1059fb95250dd066ef23bd5c027,2,WITHIN_DATASET,BG05_CAIR,D:\AI_Agriculture_Dataset\RAW_DATASETS\Bottle_Gourd\BG05_CAIRrlder\CAIR-BGD-2025 Annotated Dataset\Bottle Gourd Disease Augmented Dataset\Downy Mildew\Downy Mildew00088_flipped_605.jpg || D:\AI_Agriculture_Dataset\RAW_DATASETS\Bottle_Gourd\BG05_CAIRrlder\CAIR-BGD-2025 Annotated Dataset\Bottle Gourd Disease Augmented Dataset\Downy Mildew\Downy Mildew00088_flipped_868.jpg
504,015284e794409995481ebd52b9ccf0d3cba0bb2b1a6b56eb45f6495f65cc121e,2,WITHIN_DATASET,BG05_CAIR,D:\AI_Agriculture_Dataset\RAW_DATASETS\Bottle_Gourd\BG05_CAIRrlder\CAIR-BGD-2025 Annotated Dataset\Bottle Gourd Disease Augmented Dataset\Downy Mildew\Downy Mildew00088_rotated_1380.jpg || D:\AI_Agriculture_Dataset\RAW_DATASETS\Bottle_Gourd\BG05_CAIRrlder\CAIR-BGD-2025 Annotated Dataset\Bottle Gourd Disease Augmented Dataset\Downy Mildew\Downy Mildew00088_rotated_52.jpg
505,7591bfd0523c0e9d76cb2dc491bac39be9c80a6913e4f7e594ac49b154f76c45,3,WITHIN_DATASET,BG05_CAIR,D:\AI_Agriculture_Dataset\RAW_DATASETS\Bottle_Gourd\BG05_CAIRrlder\CAIR-BGD-2025 Annotated Dataset\Bottle Gourd Disease Augmented Dataset\Downy Mildew\Downy Mildew00090_shifted_191.jpg || D:\AI_Agriculture_Dataset\RAW_DATASETS\Bottle_Gourd\BG05_CAIRrlder\CAIR-BGD-2025 Annotated Dataset\Bottle Gourd Disease Augmented Dataset\Downy Mildew\Downy Mildew00090_shifted_589.jpg || D:\AI_Agriculture_Dataset\RAW_DATASETS\Bottle_Gourd\BG05_CAIRrlder\CAIR-BGD-2025 Annotated Dataset\Bottle Gourd Disease Augmented Dataset\Downy Mildew\Downy Mildew00090_shifted_664.jpg
506,5df751705897e3f87bbb3aa90f764de84cdf157b5f6368aa74ed61915b328db6,2,WITHIN_DATASET,BG05_CAIR,D:\AI_Agriculture_Dataset\RAW_DATASETS\Bottle_Gourd\BG05_CAIRrlder\CAIR-BGD-2025 Annotated Dataset\Bottle Gourd Disease Augmented Dataset\Downy Mildew\Downy Mildew00091_flipped_266.jpg || D:\AI_Agriculture_Dataset\RAW_DATASETS\Bottle_Gourd\BG05_CAIRrlder\CAIR-BGD-2025 Annotated Dataset\Bottle Gourd Disease Augmented Dataset\Downy Mildew\Downy Mildew00091_flipped_640.jpg
507,cf21cf2a635e518124d5b7bb2e6f84e0313a7249fb90c442a9787981f302a8a6,2,WITHIN_DATASET,BG05_CAIR,D:\AI_Agriculture_Dataset\RAW_DATASETS\Bottle_Gourd\BG05_CAIRrlder\CAIR-BGD-2025 Annotated Dataset\Bottle Gourd Disease Augmented Dataset\Downy Mildew\Downy Mildew00091_rotated_1271.jpg || D:\AI_Agriculture_Dataset\RAW_DATASETS\Bottle_Gourd\BG05_CAIRrlder\CAIR-BGD-2025 Annotated Dataset\Bottle Gourd Disease Augmented Dataset\Downy Mildew\Downy Mildew00091_rotated_1306.jpg
508,ff70184b41842d446b5a5170ac8b5bc89d42d9e14098f08a3b1a1b6d4a81a854,5,WITHIN_DATASET,BG05_CAIR,D:\AI_Agriculture_Dataset\RAW_DATASETS\Bottle_Gourd\BG05_CAIRrlder\CAIR-BGD-2025 Annotated Dataset\Bottle Gourd Disease Augmented Dataset\Downy Mildew\Downy Mildew00093_shifted_1052.jpg || D:\AI_Agriculture_Dataset\RAW_DATASETS\Bottle_Gourd\BG05_CAIRrlder\CAIR-BGD-2025 Annotated Dataset\Bottle Gourd Disease Augmented Dataset\Downy Mildew\Downy Mildew00093_shifted_1061.jpg || D:\AI_Agriculture_Dataset\RAW_DATASETS\Bottle_Gourd\BG05_CAIRrlder\CAIR-BGD-2025 Annotated Dataset\Bottle Gourd Disease Augmented Dataset\Downy Mildew\Downy Mildew00093_shifted_1209.jpg || D:\AI_Agriculture_Dataset\RAW_DATASETS\Bottle_Gourd\BG05_CAIRrlder\CAIR-BGD-2025 Annotated Dataset\Bottle Gourd Disease Augmented Dataset\Downy Mildew\Downy Mildew00093_shifted_1483.jpg || D:\AI_Agriculture_Dataset\RAW_DATASETS\Bottle_Gourd\BG05_CAIRrlder\CAIR-BGD-2025 Annotated Dataset\Bottle Gourd Disease Augmented Dataset\Downy Mildew\Downy Mildew00093_shifted_192.jpg
509,6459eaf73f8642e7f5f77ef2fca4f16f890a29d38c33dfaeaa67a137d8059342,2,WITHIN_DATASET,BG05_CAIR,D:\AI_Agriculture_Dataset\RAW_DATASETS\Bottle_Gourd\BG05_CAIRrlder\CAIR-BGD-2025 Annotated Dataset\Bottle Gourd Disease Augmented Dataset\Downy Mildew\Downy Mildew00094_flipped_1112.jpg || D:\AI_Agriculture_Dataset\RAW_DATASETS\Bottle_Gourd\BG05_CAIRrlder\CAIR-BGD-2025 Annotated Dataset\Bottle Gourd Disease Augmented Dataset\Downy Mildew\Downy Mildew00094_flipped_189.jpg
510,e46ab822393eefac9075e6e3b19e735cbe9f8beb4ac642b1469a0bf80a3bcf76,2,WITHIN_DATASET,BG05_CAIR,D:\AI_Agriculture_Dataset\RAW_DATASETS\Bottle_Gourd\BG05_CAIRrlder\CAIR-BGD-2025 Annotated Dataset\Bottle Gourd Disease Augmented Dataset\Downy Mildew\Downy Mildew00097_flipped_322.jpg || D:\AI_Agriculture_Dataset\RAW_DATASETS\Bottle_Gourd\BG05_CAIRrlder\CAIR-BGD-2025 Annotated Dataset\Bottle Gourd Disease Augmented Dataset\Downy Mildew\Downy Mildew00097_flipped_498.jpg
511,d6b181b5559c18af2ac87ec9916a43c5a606aecea9ce8e4e99012238ca0e4344,2,WITHIN_DATASET,BG05_CAIR,D:\AI_Agriculture_Dataset\RAW_DATASETS\Bottle_Gourd\BG05_CAIRrlder\CAIR-BGD-2025 Annotated Dataset\Bottle Gourd Disease Augmented Dataset\Downy Mildew\Downy Mildew00098_flipped_1351.jpg || D:\AI_Agriculture_Dataset\RAW_DATASETS\Bottle_Gourd\BG05_CAIRrlder\CAIR-BGD-2025 Annotated Dataset\Bottle Gourd Disease Augmented Dataset\Downy Mildew\Downy Mildew00098_flipped_38.jpg
512,beebe34ff78fd953d2cc613d3f3d708df54d53fbdb91c3c7525c717aec4c69b9,2,WITHIN_DATASET,BG05_CAIR,D:\AI_Agriculture_Dataset\RAW_DATASETS\Bottle_Gourd\BG05_CAIRrlder\CAIR-BGD-2025 Annotated Dataset\Bottle Gourd Disease Augmented Dataset\Downy Mildew\Downy Mildew00100_shifted_1010.jpg || D:\AI_Agriculture_Dataset\RAW_DATASETS\Bottle_Gourd\BG05_CAIRrlder\CAIR-BGD-2025 Annotated Dataset\Bottle Gourd Disease Augmented Dataset\Downy Mildew\Downy Mildew00100_shifted_395.jpg
513,55ae4b283430e063f45d06ae6808f1214a10a7eada8a8e6965922acda6ab8e78,2,WITHIN_DATASET,BG05_CAIR,D:\AI_Agriculture_Dataset\RAW_DATASETS\Bottle_Gourd\BG05_CAIRrlder\CAIR-BGD-2025 Annotated Dataset\Bottle Gourd Disease Augmented Dataset\Downy Mildew\Downy Mildew00101_shifted_1041.jpg || D:\AI_Agriculture_Dataset\RAW_DATASETS\Bottle_Gourd\BG05_CAIRrlder\CAIR-BGD-2025 Annotated Dataset\Bottle Gourd Disease Augmented Dataset\Downy Mildew\Downy Mildew00101_shifted_1440.jpg
514,f78dcaba3cab98b7b94d6b1ef6fb6711d9b7b9d9430fa28ed733cc473376941a,2,WITHIN_DATASET,BG05_CAIR,D:\AI_Agriculture_Dataset\RAW_DATASETS\Bottle_Gourd\BG05_CAIRrlder\CAIR-BGD-2025 Annotated Dataset\Bottle Gourd Disease Augmented Dataset\Downy Mildew\Downy Mildew00104_rotated_203.jpg || D:\AI_Agriculture_Dataset\RAW_DATASETS\Bottle_Gourd\BG05_CAIRrlder\CAIR-BGD-2025 Annotated Dataset\Bottle Gourd Disease Augmented Dataset\Downy Mildew\Downy Mildew00104_rotated_62.jpg
515,6171df9431d73f35d3c798216730c8b798f44657157e77cb3c7d3900edf1d8e6,2,WITHIN_DATASET,BG05_CAIR,D:\AI_Agriculture_Dataset\RAW_DATASETS\Bottle_Gourd\BG05_CAIRrlder\CAIR-BGD-2025 Annotated Dataset\Bottle Gourd Disease Augmented Dataset\Downy Mildew\Downy Mildew00105_flipped_1433.jpg || D:\AI_Agriculture_Dataset\RAW_DATASETS\Bottle_Gourd\BG05_CAIRrlder\CAIR-BGD-2025 Annotated Dataset\Bottle Gourd Disease Augmented Dataset\Downy Mildew\Downy Mildew00105_flipped_282.jpg
516,b5ad576377888e9db58b3cfc51de17adb6bd7aca41cc899ffc9a9956c99dbe26,3,WITHIN_DATASET,BG05_CAIR,D:\AI_Agriculture_Dataset\RAW_DATASETS\Bottle_Gourd\BG05_CAIRrlder\CAIR-BGD-2025 Annotated Dataset\Bottle Gourd Disease Augmented Dataset\Downy Mildew\Downy Mildew00108_flipped_138.jpg || D:\AI_Agriculture_Dataset\RAW_DATASETS\Bottle_Gourd\BG05_CAIRrlder\CAIR-BGD-2025 Annotated Dataset\Bottle Gourd Disease Augmented Dataset\Downy Mildew\Downy Mildew00108_flipped_284.jpg || D:\AI_Agriculture_Dataset\RAW_DATASETS\Bottle_Gourd\BG05_CAIRrlder\CAIR-BGD-2025 Annotated Dataset\Bottle Gourd Disease Augmented Dataset\Downy Mildew\Downy Mildew00108_flipped_699.jpg
517,021b30b8c8d1f0742be803844cf886c887e6bd993b421480bfb10e762deee667,2,WITHIN_DATASET,BG05_CAIR,D:\AI_Agriculture_Dataset\RAW_DATASETS\Bottle_Gourd\BG05_CAIRrlder\CAIR-BGD-2025 Annotated Dataset\Bottle Gourd Disease Augmented Dataset\Downy Mildew\Downy Mildew00108_shifted_716.jpg || D:\AI_Agriculture_Dataset\RAW_DATASETS\Bottle_Gourd\BG05_CAIRrlder\CAIR-BGD-2025 Annotated Dataset\Bottle Gourd Disease Augmented Dataset\Downy Mildew\Downy Mildew00108_shifted_836.jpg
518,e0149ba285b9e1da1b428c5fac3a943378635e798dffecbbf6ac667886967b47,2,WITHIN_DATASET,BG05_CAIR,D:\AI_Agriculture_Dataset\RAW_DATASETS\Bottle_Gourd\BG05_CAIRrlder\CAIR-BGD-2025 Annotated Dataset\Bottle Gourd Disease Augmented Dataset\Downy Mildew\Downy Mildew00110_rotated_137.jpg || D:\AI_Agriculture_Dataset\RAW_DATASETS\Bottle_Gourd\BG05_CAIRrlder\CAIR-BGD-2025 Annotated Dataset\Bottle Gourd Disease Augmented Dataset\Downy Mildew\Downy Mildew00110_rotated_418.jpg
519,d6506606f8159ef303210039eafffd061277c333af25ad1b24f27f618032832e,2,WITHIN_DATASET,BG05_CAIR,D:\AI_Agriculture_Dataset\RAW_DATASETS\Bottle_Gourd\BG05_CAIRrlder\CAIR-BGD-2025 Annotated Dataset\Bottle Gourd Disease Augmented Dataset\Downy Mildew\Downy Mildew00111_shifted_576.jpg || D:\AI_Agriculture_Dataset\RAW_DATASETS\Bottle_Gourd\BG05_CAIRrlder\CAIR-BGD-2025 Annotated Dataset\Bottle Gourd Disease Augmented Dataset\Downy Mildew\Downy Mildew00111_shifted_882.jpg
520,3d1b67902b02499b5c28212634b3b5ebccf590be0867ac9145d8667cd190c578,2,WITHIN_DATASET,BG05_CAIR,D:\AI_Agriculture_Dataset\RAW_DATASETS\Bottle_Gourd\BG05_CAIRrlder\CAIR-BGD-2025 Annotated Dataset\Bottle Gourd Disease Augmented Dataset\Downy Mildew\Downy Mildew00112_shifted_1063.jpg || D:\AI_Agriculture_Dataset\RAW_DATASETS\Bottle_Gourd\BG05_CAIRrlder\CAIR-BGD-2025 Annotated Dataset\Bottle Gourd Disease Augmented Dataset\Downy Mildew\Downy Mildew00112_shifted_935.jpg
521,8a1e8154262bec459dde6d131469bd1699e68043cefc0ff904681e285575ccfa,3,WITHIN_DATASET,BG05_CAIR,D:\AI_Agriculture_Dataset\RAW_DATASETS\Bottle_Gourd\BG05_CAIRrlder\CAIR-BGD-2025 Annotated Dataset\Bottle Gourd Disease Augmented Dataset\Downy Mildew\Downy Mildew00113_flipped_1075.jpg || D:\AI_Agriculture_Dataset\RAW_DATASETS\Bottle_Gourd\BG05_CAIRrlder\CAIR-BGD-2025 Annotated Dataset\Bottle Gourd Disease Augmented Dataset\Downy Mildew\Downy Mildew00113_flipped_1169.jpg || D:\AI_Agriculture_Dataset\RAW_DATASETS\Bottle_Gourd\BG05_CAIRrlder\CAIR-BGD-2025 Annotated Dataset\Bottle Gourd Disease Augmented Dataset\Downy Mildew\Downy Mildew00113_flipped_1218.jpg
522,6dbdbd0add89a58c44fbdd83433be70835590d9c5dd6cb4f9f60ead18daac171,2,WITHIN_DATASET,BG05_CAIR,D:\AI_Agriculture_Dataset\RAW_DATASETS\Bottle_Gourd\BG05_CAIRrlder\CAIR-BGD-2025 Annotated Dataset\Bottle Gourd Disease Augmented Dataset\Downy Mildew\Downy Mildew00113_rotated_159.jpg || D:\AI_Agriculture_Dataset\RAW_DATASETS\Bottle_Gourd\BG05_CAIRrlder\CAIR-BGD-2025 Annotated Dataset\Bottle Gourd Disease Augmented Dataset\Downy Mildew\Downy Mildew00113_rotated_595.jpg
523,848c1e1a1f6566dfa07c8a27c94ffe48c0a8a8673b60dcdbb0b999ff67c61909,2,WITHIN_DATASET,BG05_CAIR,D:\AI_Agriculture_Dataset\RAW_DATASETS\Bottle_Gourd\BG05_CAIRrlder\CAIR-BGD-2025 Annotated Dataset\Bottle Gourd Disease Augmented Dataset\Downy Mildew\Downy Mildew00114_flipped_1036.jpg || D:\AI_Agriculture_Dataset\RAW_DATASETS\Bottle_Gourd\BG05_CAIRrlder\CAIR-BGD-2025 Annotated Dataset\Bottle Gourd Disease Augmented Dataset\Downy Mildew\Downy Mildew00114_flipped_1325.jpg
524,e3267fae181bdbdff553003eed230c6b742884a8daf8f87868d6d212279231de,2,WITHIN_DATASET,BG05_CAIR,D:\AI_Agriculture_Dataset\RAW_DATASETS\Bottle_Gourd\BG05_CAIRrlder\CAIR-BGD-2025 Annotated Dataset\Bottle Gourd Disease Augmented Dataset\Downy Mildew\Downy Mildew00115_flipped_1308.jpg || D:\AI_Agriculture_Dataset\RAW_DATASETS\Bottle_Gourd\BG05_CAIRrlder\CAIR-BGD-2025 Annotated Dataset\Bottle Gourd Disease Augmented Dataset\Downy Mildew\Downy Mildew00115_flipped_724.jpg
525,e07227b9768a7d32d00052a2df85d9dd1ffab5ffd19c137598aaf4b0e517968c,2,WITHIN_DATASET,BG05_CAIR,D:\AI_Agriculture_Dataset\RAW_DATASETS\Bottle_Gourd\BG05_CAIRrlder\CAIR-BGD-2025 Annotated Dataset\Bottle Gourd Disease Augmented Dataset\Downy Mildew\Downy Mildew00117_rotated_1269.jpg || D:\AI_Agriculture_Dataset\RAW_DATASETS\Bottle_Gourd\BG05_CAIRrlder\CAIR-BGD-2025 Annotated Dataset\Bottle Gourd Disease Augmented Dataset\Downy Mildew\Downy Mildew00117_rotated_622.jpg
526,afe758a249de55d2eac9338417971fbf4f5785ab2594b988e257f4ac2be2609a,2,WITHIN_DATASET,BG05_CAIR,D:\AI_Agriculture_Dataset\RAW_DATASETS\Bottle_Gourd\BG05_CAIRrlder\CAIR-BGD-2025 Annotated Dataset\Bottle Gourd Disease Augmented Dataset\Downy Mildew\Downy Mildew00118_shifted_1227.jpg || D:\AI_Agriculture_Dataset\RAW_DATASETS\Bottle_Gourd\BG05_CAIRrlder\CAIR-BGD-2025 Annotated Dataset\Bottle Gourd Disease Augmented Dataset\Downy Mildew\Downy Mildew00118_shifted_628.jpg
527,1c7767ec5a273c26defe5938e1e0105d256f6cc91ab6a469841adb5706e50cf6,2,WITHIN_DATASET,BG05_CAIR,D:\AI_Agriculture_Dataset\RAW_DATASETS\Bottle_Gourd\BG05_CAIRrlder\CAIR-BGD-2025 Annotated Dataset\Bottle Gourd Disease Augmented Dataset\Downy Mildew\Downy Mildew00119_rotated_421.jpg || D:\AI_Agriculture_Dataset\RAW_DATASETS\Bottle_Gourd\BG05_CAIRrlder\CAIR-BGD-2025 Annotated Dataset\Bottle Gourd Disease Augmented Dataset\Downy Mildew\Downy Mildew00119_rotated_460.jpg
528,3944b931d6783800a295b061c07e2fea0276e74bc9984e31c37629f417149267,3,WITHIN_DATASET,BG05_CAIR,D:\AI_Agriculture_Dataset\RAW_DATASETS\Bottle_Gourd\BG05_CAIRrlder\CAIR-BGD-2025 Annotated Dataset\Bottle Gourd Disease Augmented Dataset\Downy Mildew\Downy Mildew00120_rotated_1029.jpg || D:\AI_Agriculture_Dataset\RAW_DATASETS\Bottle_Gourd\BG05_CAIRrlder\CAIR-BGD-2025 Annotated Dataset\Bottle Gourd Disease Augmented Dataset\Downy Mildew\Downy Mildew00120_rotated_612.jpg || D:\AI_Agriculture_Dataset\RAW_DATASETS\Bottle_Gourd\BG05_CAIRrlder\CAIR-BGD-2025 Annotated Dataset\Bottle Gourd Disease Augmented Dataset\Downy Mildew\Downy Mildew00120_rotated_902.jpg
529,f371249e0fab8d1e43c639a7378311dd173d0e3137aef8c2e23ec50d20d56796,4,WITHIN_DATASET,BG05_CAIR,D:\AI_Agriculture_Dataset\RAW_DATASETS\Bottle_Gourd\BG05_CAIRrlder\CAIR-BGD-2025 Annotated Dataset\Bottle Gourd Disease Augmented Dataset\Downy Mildew\Downy Mildew00121_shifted_1129.jpg || D:\AI_Agriculture_Dataset\RAW_DATASETS\Bottle_Gourd\BG05_CAIRrlder\CAIR-BGD-2025 Annotated Dataset\Bottle Gourd Disease Augmented Dataset\Downy Mildew\Downy Mildew00121_shifted_644.jpg || D:\AI_Agriculture_Dataset\RAW_DATASETS\Bottle_Gourd\BG05_CAIRrlder\CAIR-BGD-2025 Annotated Dataset\Bottle Gourd Disease Augmented Dataset\Downy Mildew\Downy Mildew00121_shifted_721.jpg || D:\AI_Agriculture_Dataset\RAW_DATASETS\Bottle_Gourd\BG05_CAIRrlder\CAIR-BGD-2025 Annotated Dataset\Bottle Gourd Disease Augmented Dataset\Downy Mildew\Downy Mildew00121_shifted_730.jpg
530,163068a7519f654359b6de0365a57a9042e19158e6c9cf49bfb18c9b55a830e9,3,WITHIN_DATASET,BG05_CAIR,D:\AI_Agriculture_Dataset\RAW_DATASETS\Bottle_Gourd\BG05_CAIRrlder\CAIR-BGD-2025 Annotated Dataset\Bottle Gourd Disease Augmented Dataset\Downy Mildew\Downy Mildew00127_shifted_152.jpg || D:\AI_Agriculture_Dataset\RAW_DATASETS\Bottle_Gourd\BG05_CAIRrlder\CAIR-BGD-2025 Annotated Dataset\Bottle Gourd Disease Augmented Dataset\Downy Mildew\Downy Mildew00127_shifted_352.jpg || D:\AI_Agriculture_Dataset\RAW_DATASETS\Bottle_Gourd\BG05_CAIRrlder\CAIR-BGD-2025 Annotated Dataset\Bottle Gourd Disease Augmented Dataset\Downy Mildew\Downy Mildew00127_shifted_523.jpg
531,e0244eb9de58c62f323ab7f65d6e041f0536db222a177695aa6d6d4e368dbbb2,3,WITHIN_DATASET,BG05_CAIR,D:\AI_Agriculture_Dataset\RAW_DATASETS\Bottle_Gourd\BG05_CAIRrlder\CAIR-BGD-2025 Annotated Dataset\Bottle Gourd Disease Augmented Dataset\Downy Mildew\Downy Mildew00128_flipped_1301.jpg || D:\AI_Agriculture_Dataset\RAW_DATASETS\Bottle_Gourd\BG05_CAIRrlder\CAIR-BGD-2025 Annotated Dataset\Bottle Gourd Disease Augmented Dataset\Downy Mildew\Downy Mildew00128_flipped_408.jpg || D:\AI_Agriculture_Dataset\RAW_DATASETS\Bottle_Gourd\BG05_CAIRrlder\CAIR-BGD-2025 Annotated Dataset\Bottle Gourd Disease Augmented Dataset\Downy Mildew\Downy Mildew00128_flipped_930.jpg
532,ca57cee85f076297e6dbefaea3ac75d359c01adab77a2d3449dcd91645143303,2,WITHIN_DATASET,BG05_CAIR,D:\AI_Agriculture_Dataset\RAW_DATASETS\Bottle_Gourd\BG05_CAIRrlder\CAIR-BGD-2025 Annotated Dataset\Bottle Gourd Disease Augmented Dataset\Downy Mildew\Downy Mildew00128_shifted_548.jpg || D:\AI_Agriculture_Dataset\RAW_DATASETS\Bottle_Gourd\BG05_CAIRrlder\CAIR-BGD-2025 Annotated Dataset\Bottle Gourd Disease Augmented Dataset\Downy Mildew\Downy Mildew00128_shifted_828.jpg
533,59d736e478167b6c92ffcb839314a4b967f4c440be8ea2115a1e32f671d59ac1,2,WITHIN_DATASET,BG05_CAIR,D:\AI_Agriculture_Dataset\RAW_DATASETS\Bottle_Gourd\BG05_CAIRrlder\CAIR-BGD-2025 Annotated Dataset\Bottle Gourd Disease Augmented Dataset\Downy Mildew\Downy Mildew00129_flipped_1457.jpg || D:\AI_Agriculture_Dataset\RAW_DATASETS\Bottle_Gourd\BG05_CAIRrlder\CAIR-BGD-2025 Annotated Dataset\Bottle Gourd Disease Augmented Dataset\Downy Mildew\Downy Mildew00129_flipped_206.jpg
534,2fcd8434e74f8839ed87d8e556b056ec514ed353eecae0fd2879112fcf5cc9af,2,WITHIN_DATASET,BG05_CAIR,D:\AI_Agriculture_Dataset\RAW_DATASETS\Bottle_Gourd\BG05_CAIRrlder\CAIR-BGD-2025 Annotated Dataset\Bottle Gourd Disease Augmented Dataset\Downy Mildew\Downy Mildew00129_shifted_740.jpg || D:\AI_Agriculture_Dataset\RAW_DATASETS\Bottle_Gourd\BG05_CAIRrlder\CAIR-BGD-2025 Annotated Dataset\Bottle Gourd Disease Augmented Dataset\Downy Mildew\Downy Mildew00129_shifted_970.jpg
535,56cf3f491294662a86ba7e6ac53c7d88ec88649f329ef8b0e5df7f63fb425e3f,3,WITHIN_DATASET,BG05_CAIR,D:\AI_Agriculture_Dataset\RAW_DATASETS\Bottle_Gourd\BG05_CAIRrlder\CAIR-BGD-2025 Annotated Dataset\Bottle Gourd Disease Augmented Dataset\Downy Mildew\Downy Mildew00132_shifted_1213.jpg || D:\AI_Agriculture_Dataset\RAW_DATASETS\Bottle_Gourd\BG05_CAIRrlder\CAIR-BGD-2025 Annotated Dataset\Bottle Gourd Disease Augmented Dataset\Downy Mildew\Downy Mildew00132_shifted_383.jpg || D:\AI_Agriculture_Dataset\RAW_DATASETS\Bottle_Gourd\BG05_CAIRrlder\CAIR-BGD-2025 Annotated Dataset\Bottle Gourd Disease Augmented Dataset\Downy Mildew\Downy Mildew00132_shifted_904.jpg
536,94b1b511a716110126e48684cb8f4489e78195e56fb1dbe24c60046c6b64c6c2,3,WITHIN_DATASET,BG05_CAIR,D:\AI_Agriculture_Dataset\RAW_DATASETS\Bottle_Gourd\BG05_CAIRrlder\CAIR-BGD-2025 Annotated Dataset\Bottle Gourd Disease Augmented Dataset\Downy Mildew\Downy Mildew00133_shifted_1092.jpg || D:\AI_Agriculture_Dataset\RAW_DATASETS\Bottle_Gourd\BG05_CAIRrlder\CAIR-BGD-2025 Annotated Dataset\Bottle Gourd Disease Augmented Dataset\Downy Mildew\Downy Mildew00133_shifted_132.jpg || D:\AI_Agriculture_Dataset\RAW_DATASETS\Bottle_Gourd\BG05_CAIRrlder\CAIR-BGD-2025 Annotated Dataset\Bottle Gourd Disease Augmented Dataset\Downy Mildew\Downy Mildew00133_shifted_136.jpg
537,0ca2e79282be16dbc00dcc983034c94449dd6da4e88c4d6eb7c5d69cd025a2eb,2,WITHIN_DATASET,BG05_CAIR,D:\AI_Agriculture_Dataset\RAW_DATASETS\Bottle_Gourd\BG05_CAIRrlder\CAIR-BGD-2025 Annotated Dataset\Bottle Gourd Disease Augmented Dataset\Downy Mildew\Downy Mildew00136_flipped_1419.jpg || D:\AI_Agriculture_Dataset\RAW_DATASETS\Bottle_Gourd\BG05_CAIRrlder\CAIR-BGD-2025 Annotated Dataset\Bottle Gourd Disease Augmented Dataset\Downy Mildew\Downy Mildew00136_flipped_463.jpg
538,a14f031d622b1aeb51e1c379fd0943b67d7ad419c67fefed8fce1c7066ea146a,2,WITHIN_DATASET,BG05_CAIR,D:\AI_Agriculture_Dataset\RAW_DATASETS\Bottle_Gourd\BG05_CAIRrlder\CAIR-BGD-2025 Annotated Dataset\Bottle Gourd Disease Augmented Dataset\Downy Mildew\Downy Mildew00137_flipped_1018.jpg || D:\AI_Agriculture_Dataset\RAW_DATASETS\Bottle_Gourd\BG05_CAIRrlder\CAIR-BGD-2025 Annotated Dataset\Bottle Gourd Disease Augmented Dataset\Downy Mildew\Downy Mildew00137_flipped_1124.jpg
539,afc521b72e5dfaa5b32f73e64af62264c3535b7bdd7ad4e862f5146939644ff4,3,WITHIN_DATASET,BG05_CAIR,D:\AI_Agriculture_Dataset\RAW_DATASETS\Bottle_Gourd\BG05_CAIRrlder\CAIR-BGD-2025 Annotated Dataset\Bottle Gourd Disease Augmented Dataset\Downy Mildew\Downy Mildew00139_shifted_745.jpg || D:\AI_Agriculture_Dataset\RAW_DATASETS\Bottle_Gourd\BG05_CAIRrlder\CAIR-BGD-2025 Annotated Dataset\Bottle Gourd Disease Augmented Dataset\Downy Mildew\Downy Mildew00139_shifted_789.jpg || D:\AI_Agriculture_Dataset\RAW_DATASETS\Bottle_Gourd\BG05_CAIRrlder\CAIR-BGD-2025 Annotated Dataset\Bottle Gourd Disease Augmented Dataset\Downy Mildew\Downy Mildew00139_shifted_844.jpg
540,d29d6d39ffb165775a83336266aa5d91ea75fb1af58c491f955b2816c6199fce,3,WITHIN_DATASET,BG05_CAIR,D:\AI_Agriculture_Dataset\RAW_DATASETS\Bottle_Gourd\BG05_CAIRrlder\CAIR-BGD-2025 Annotated Dataset\Bottle Gourd Disease Augmented Dataset\Downy Mildew\Downy Mildew00140_flipped_593.jpg || D:\AI_Agriculture_Dataset\RAW_DATASETS\Bottle_Gourd\BG05_CAIRrlder\CAIR-BGD-2025 Annotated Dataset\Bottle Gourd Disease Augmented Dataset\Downy Mildew\Downy Mildew00140_flipped_826.jpg || D:\AI_Agriculture_Dataset\RAW_DATASETS\Bottle_Gourd\BG05_CAIRrlder\CAIR-BGD-2025 Annotated Dataset\Bottle Gourd Disease Augmented Dataset\Downy Mildew\Downy Mildew00140_flipped_982.jpg
541,28416b7b326f6050a22c24b7c550e5651a4f8ce049e23fc937847eb2389a6c1d,2,WITHIN_DATASET,BG05_CAIR,D:\AI_Agriculture_Dataset\RAW_DATASETS\Bottle_Gourd\BG05_CAIRrlder\CAIR-BGD-2025 Annotated Dataset\Bottle Gourd Disease Augmented Dataset\Downy Mildew\Downy Mildew00141_rotated_845.jpg || D:\AI_Agriculture_Dataset\RAW_DATASETS\Bottle_Gourd\BG05_CAIRrlder\CAIR-BGD-2025 Annotated Dataset\Bottle Gourd Disease Augmented Dataset\Downy Mildew\Downy Mildew00141_rotated_878.jpg
542,d1058df82c141d54ff37ce01f331f18f8d15f7a727153fd8595e8d2ef32385ea,2,WITHIN_DATASET,BG05_CAIR,D:\AI_Agriculture_Dataset\RAW_DATASETS\Bottle_Gourd\BG05_CAIRrlder\CAIR-BGD-2025 Annotated Dataset\Bottle Gourd Disease Augmented Dataset\Downy Mildew\Downy Mildew00142_flipped_1340.jpg || D:\AI_Agriculture_Dataset\RAW_DATASETS\Bottle_Gourd\BG05_CAIRrlder\CAIR-BGD-2025 Annotated Dataset\Bottle Gourd Disease Augmented Dataset\Downy Mildew\Downy Mildew00142_flipped_356.jpg
543,b9091d890a308a9f78647e5d4f8825e553cea5e60b24b5037ae5d110ba25db60,4,WITHIN_DATASET,BG05_CAIR,D:\AI_Agriculture_Dataset\RAW_DATASETS\Bottle_Gourd\BG05_CAIRrlder\CAIR-BGD-2025 Annotated Dataset\Bottle Gourd Disease Augmented Dataset\Downy Mildew\Downy Mildew00142_shifted_1085.jpg || D:\AI_Agriculture_Dataset\RAW_DATASETS\Bottle_Gourd\BG05_CAIRrlder\CAIR-BGD-2025 Annotated Dataset\Bottle Gourd Disease Augmented Dataset\Downy Mildew\Downy Mildew00142_shifted_27.jpg || D:\AI_Agriculture_Dataset\RAW_DATASETS\Bottle_Gourd\BG05_CAIRrlder\CAIR-BGD-2025 Annotated Dataset\Bottle Gourd Disease Augmented Dataset\Downy Mildew\Downy Mildew00142_shifted_884.jpg || D:\AI_Agriculture_Dataset\RAW_DATASETS\Bottle_Gourd\BG05_CAIRrlder\CAIR-BGD-2025 Annotated Dataset\Bottle Gourd Disease Augmented Dataset\Downy Mildew\Downy Mildew00142_shifted_946.jpg
544,9ca91fda3366d74a234db23f3f8fc5082fc5df46aac2f5c2a5c6a0c693b54033,2,WITHIN_DATASET,BG05_CAIR,D:\AI_Agriculture_Dataset\RAW_DATASETS\Bottle_Gourd\BG05_CAIRrlder\CAIR-BGD-2025 Annotated Dataset\Bottle Gourd Disease Augmented Dataset\Downy Mildew\Downy Mildew00144_rotated_1468.jpg || D:\AI_Agriculture_Dataset\RAW_DATASETS\Bottle_Gourd\BG05_CAIRrlder\CAIR-BGD-2025 Annotated Dataset\Bottle Gourd Disease Augmented Dataset\Downy Mildew\Downy Mildew00144_rotated_896.jpg
545,fb3ec0a126b87ecd414ad9080d9d7951cfe56097ea6adb926677439bb29acbf7,3,WITHIN_DATASET,BG05_CAIR,D:\AI_Agriculture_Dataset\RAW_DATASETS\Bottle_Gourd\BG05_CAIRrlder\CAIR-BGD-2025 Annotated Dataset\Bottle Gourd Disease Augmented Dataset\Downy Mildew\Downy Mildew00145_rotated_317.jpg || D:\AI_Agriculture_Dataset\RAW_DATASETS\Bottle_Gourd\BG05_CAIRrlder\CAIR-BGD-2025 Annotated Dataset\Bottle Gourd Disease Augmented Dataset\Downy Mildew\Downy Mildew00145_rotated_354.jpg || D:\AI_Agriculture_Dataset\RAW_DATASETS\Bottle_Gourd\BG05_CAIRrlder\CAIR-BGD-2025 Annotated Dataset\Bottle Gourd Disease Augmented Dataset\Downy Mildew\Downy Mildew00145_rotated_480.jpg
546,a5612f94b89d7a1389e08c604259e17eb3dd8d6e44d1ac0a3de8d5603463a556,3,WITHIN_DATASET,BG05_CAIR,D:\AI_Agriculture_Dataset\RAW_DATASETS\Bottle_Gourd\BG05_CAIRrlder\CAIR-BGD-2025 Annotated Dataset\Bottle Gourd Disease Augmented Dataset\Downy Mildew\Downy Mildew00146_flipped_1152.jpg || D:\AI_Agriculture_Dataset\RAW_DATASETS\Bottle_Gourd\BG05_CAIRrlder\CAIR-BGD-2025 Annotated Dataset\Bottle Gourd Disease Augmented Dataset\Downy Mildew\Downy Mildew00146_flipped_753.jpg || D:\AI_Agriculture_Dataset\RAW_DATASETS\Bottle_Gourd\BG05_CAIRrlder\CAIR-BGD-2025 Annotated Dataset\Bottle Gourd Disease Augmented Dataset\Downy Mildew\Downy Mildew00146_flipped_98.jpg
547,c1a7dfe4896044cfc80095c1091937ee3bc684146a9803eca518a35edc788d5b,3,WITHIN_DATASET,BG05_CAIR,D:\AI_Agriculture_Dataset\RAW_DATASETS\Bottle_Gourd\BG05_CAIRrlder\CAIR-BGD-2025 Annotated Dataset\Bottle Gourd Disease Augmented Dataset\Downy Mildew\Downy Mildew00147_flipped_1009.jpg || D:\AI_Agriculture_Dataset\RAW_DATASETS\Bottle_Gourd\BG05_CAIRrlder\CAIR-BGD-2025 Annotated Dataset\Bottle Gourd Disease Augmented Dataset\Downy Mildew\Downy Mildew00147_flipped_561.jpg || D:\AI_Agriculture_Dataset\RAW_DATASETS\Bottle_Gourd\BG05_CAIRrlder\CAIR-BGD-2025 Annotated Dataset\Bottle Gourd Disease Augmented Dataset\Downy Mildew\Downy Mildew00147_flipped_726.jpg
548,f65c486a2edb19bfd1b8a301d17452070216800f33e9739fd6131205c0d29168,3,WITHIN_DATASET,BG05_CAIR,D:\AI_Agriculture_Dataset\RAW_DATASETS\Bottle_Gourd\BG05_CAIRrlder\CAIR-BGD-2025 Annotated Dataset\Bottle Gourd Disease Augmented Dataset\Downy Mildew\Downy Mildew00147_rotated_31.jpg || D:\AI_Agriculture_Dataset\RAW_DATASETS\Bottle_Gourd\BG05_CAIRrlder\CAIR-BGD-2025 Annotated Dataset\Bottle Gourd Disease Augmented Dataset\Downy Mildew\Downy Mildew00147_rotated_619.jpg || D:\AI_Agriculture_Dataset\RAW_DATASETS\Bottle_Gourd\BG05_CAIRrlder\CAIR-BGD-2025 Annotated Dataset\Bottle Gourd Disease Augmented Dataset\Downy Mildew\Downy Mildew00147_rotated_843.jpg
549,7f399eba0825e2af56b8796bf0030d5d2067b2916d955da219b22600c73ced50,3,WITHIN_DATASET,BG05_CAIR,D:\AI_Agriculture_Dataset\RAW_DATASETS\Bottle_Gourd\BG05_CAIRrlder\CAIR-BGD-2025 Annotated Dataset\Bottle Gourd Disease Augmented Dataset\Downy Mildew\Downy Mildew00148_rotated_1043.jpg || D:\AI_Agriculture_Dataset\RAW_DATASETS\Bottle_Gourd\BG05_CAIRrlder\CAIR-BGD-2025 Annotated Dataset\Bottle Gourd Disease Augmented Dataset\Downy Mildew\Downy Mildew00148_rotated_361.jpg || D:\AI_Agriculture_Dataset\RAW_DATASETS\Bottle_Gourd\BG05_CAIRrlder\CAIR-BGD-2025 Annotated Dataset\Bottle Gourd Disease Augmented Dataset\Downy Mildew\Downy Mildew00148_rotated_96.jpg
550,8cf24aee35ad90100596c4db288a078d7cdd3eb7291feb8f129988c52e03ce21,2,WITHIN_DATASET,BG05_CAIR,D:\AI_Agriculture_Dataset\RAW_DATASETS\Bottle_Gourd\BG05_CAIRrlder\CAIR-BGD-2025 Annotated Dataset\Bottle Gourd Disease Augmented Dataset\Downy Mildew\Downy Mildew00149_shifted_285.jpg || D:\AI_Agriculture_Dataset\RAW_DATASETS\Bottle_Gourd\BG05_CAIRrlder\CAIR-BGD-2025 Annotated Dataset\Bottle Gourd Disease Augmented Dataset\Downy Mildew\Downy Mildew00149_shifted_503.jpg
551,6a197fb5b1771e24637d19b2645ad6f0124176d882fbed1791b83e7fb8449245,3,WITHIN_DATASET,BG05_CAIR,D:\AI_Agriculture_Dataset\RAW_DATASETS\Bottle_Gourd\BG05_CAIRrlder\CAIR-BGD-2025 Annotated Dataset\Bottle Gourd Disease Augmented Dataset\Downy Mildew\Downy Mildew00150_rotated_1220.jpg || D:\AI_Agriculture_Dataset\RAW_DATASETS\Bottle_Gourd\BG05_CAIRrlder\CAIR-BGD-2025 Annotated Dataset\Bottle Gourd Disease Augmented Dataset\Downy Mildew\Downy Mildew00150_rotated_246.jpg || D:\AI_Agriculture_Dataset\RAW_DATASETS\Bottle_Gourd\BG05_CAIRrlder\CAIR-BGD-2025 Annotated Dataset\Bottle Gourd Disease Augmented Dataset\Downy Mildew\Downy Mildew00150_rotated_297.jpg
552,b1447805aa315bbed6f114f9ac9da0f69d6079dd5060d78c40a6bf5f9485d9e2,2,WITHIN_DATASET,BG05_CAIR,D:\AI_Agriculture_Dataset\RAW_DATASETS\Bottle_Gourd\BG05_CAIRrlder\CAIR-BGD-2025 Annotated Dataset\Bottle Gourd Disease Augmented Dataset\Downy Mildew\Downy Mildew00150_shifted_1474.jpg || D:\AI_Agriculture_Dataset\RAW_DATASETS\Bottle_Gourd\BG05_CAIRrlder\CAIR-BGD-2025 Annotated Dataset\Bottle Gourd Disease Augmented Dataset\Downy Mildew\Downy Mildew00150_shifted_75.jpg
553,7e3d06ed025637bf11bcb3a1396762f04ea2387c367c049a7d42300774313df1,2,WITHIN_DATASET,BG05_CAIR,D:\AI_Agriculture_Dataset\RAW_DATASETS\Bottle_Gourd\BG05_CAIRrlder\CAIR-BGD-2025 Annotated Dataset\Bottle Gourd Disease Augmented Dataset\Downy Mildew\Downy Mildew00151_rotated_1024.jpg || D:\AI_Agriculture_Dataset\RAW_DATASETS\Bottle_Gourd\BG05_CAIRrlder\CAIR-BGD-2025 Annotated Dataset\Bottle Gourd Disease Augmented Dataset\Downy Mildew\Downy Mildew00151_rotated_448.jpg
554,7950ecf27a553108850485926d4dd2ca24286957b0ad74251c941515b2628463,3,WITHIN_DATASET,BG05_CAIR,D:\AI_Agriculture_Dataset\RAW_DATASETS\Bottle_Gourd\BG05_CAIRrlder\CAIR-BGD-2025 Annotated Dataset\Bottle Gourd Disease Augmented Dataset\Downy Mildew\Downy Mildew00152_rotated_280.jpg || D:\AI_Agriculture_Dataset\RAW_DATASETS\Bottle_Gourd\BG05_CAIRrlder\CAIR-BGD-2025 Annotated Dataset\Bottle Gourd Disease Augmented Dataset\Downy Mildew\Downy Mildew00152_rotated_79.jpg || D:\AI_Agriculture_Dataset\RAW_DATASETS\Bottle_Gourd\BG05_CAIRrlder\CAIR-BGD-2025 Annotated Dataset\Bottle Gourd Disease Augmented Dataset\Downy Mildew\Downy Mildew00152_rotated_943.jpg
555,e98149c2e57d38c60ed9ee74be6af1a97b8770a6038c74cf27dd751f5db62d70,3,WITHIN_DATASET,BG05_CAIR,D:\AI_Agriculture_Dataset\RAW_DATASETS\Bottle_Gourd\BG05_CAIRrlder\CAIR-BGD-2025 Annotated Dataset\Bottle Gourd Disease Augmented Dataset\Downy Mildew\Downy Mildew00155_shifted_441.jpg || D:\AI_Agriculture_Dataset\RAW_DATASETS\Bottle_Gourd\BG05_CAIRrlder\CAIR-BGD-2025 Annotated Dataset\Bottle Gourd Disease Augmented Dataset\Downy Mildew\Downy Mildew00155_shifted_679.jpg || D:\AI_Agriculture_Dataset\RAW_DATASETS\Bottle_Gourd\BG05_CAIRrlder\CAIR-BGD-2025 Annotated Dataset\Bottle Gourd Disease Augmented Dataset\Downy Mildew\Downy Mildew00155_shifted_90.jpg
556,5119a17b2957e74b24d3a9e0dcfcd49cc69915b4cd357fa0411fd68a648955a1,2,WITHIN_DATASET,BG05_CAIR,D:\AI_Agriculture_Dataset\RAW_DATASETS\Bottle_Gourd\BG05_CAIRrlder\CAIR-BGD-2025 Annotated Dataset\Bottle Gourd Disease Augmented Dataset\Downy Mildew\Downy Mildew00156_rotated_1205.jpg || D:\AI_Agriculture_Dataset\RAW_DATASETS\Bottle_Gourd\BG05_CAIRrlder\CAIR-BGD-2025 Annotated Dataset\Bottle Gourd Disease Augmented Dataset\Downy Mildew\Downy Mildew00156_rotated_975.jpg
557,924dab9685a9d45818443c17df44399133f2262f556e4c7ebc7ab8bbb8403d24,2,WITHIN_DATASET,BG05_CAIR,D:\AI_Agriculture_Dataset\RAW_DATASETS\Bottle_Gourd\BG05_CAIRrlder\CAIR-BGD-2025 Annotated Dataset\Bottle Gourd Disease Augmented Dataset\Downy Mildew\Downy Mildew00157_flipped_1487.jpg || D:\AI_Agriculture_Dataset\RAW_DATASETS\Bottle_Gourd\BG05_CAIRrlder\CAIR-BGD-2025 Annotated Dataset\Bottle Gourd Disease Augmented Dataset\Downy Mildew\Downy Mildew00157_flipped_46.jpg
558,2a1798f7e466a3e4ddf0d353d876a854db9147e4d3bc80c1c91ea053837075a8,4,WITHIN_DATASET,BG05_CAIR,D:\AI_Agriculture_Dataset\RAW_DATASETS\Bottle_Gourd\BG05_CAIRrlder\CAIR-BGD-2025 Annotated Dataset\Bottle Gourd Disease Augmented Dataset\Downy Mildew\Downy Mildew00160_rotated_1115.jpg || D:\AI_Agriculture_Dataset\RAW_DATASETS\Bottle_Gourd\BG05_CAIRrlder\CAIR-BGD-2025 Annotated Dataset\Bottle Gourd Disease Augmented Dataset\Downy Mildew\Downy Mildew00160_rotated_1161.jpg || D:\AI_Agriculture_Dataset\RAW_DATASETS\Bottle_Gourd\BG05_CAIRrlder\CAIR-BGD-2025 Annotated Dataset\Bottle Gourd Disease Augmented Dataset\Downy Mildew\Downy Mildew00160_rotated_1224.jpg || D:\AI_Agriculture_Dataset\RAW_DATASETS\Bottle_Gourd\BG05_CAIRrlder\CAIR-BGD-2025 Annotated Dataset\Bottle Gourd Disease Augmented Dataset\Downy Mildew\Downy Mildew00160_rotated_1388.jpg
559,28b12ce97b04d5747adb7d18f50f1cef07c588b3ae2afceeb2961feceb47ae9b,3,WITHIN_DATASET,BG05_CAIR,D:\AI_Agriculture_Dataset\RAW_DATASETS\Bottle_Gourd\BG05_CAIRrlder\CAIR-BGD-2025 Annotated Dataset\Bottle Gourd Disease Augmented Dataset\Downy Mildew\Downy Mildew00160_shifted_148.jpg || D:\AI_Agriculture_Dataset\RAW_DATASETS\Bottle_Gourd\BG05_CAIRrlder\CAIR-BGD-2025 Annotated Dataset\Bottle Gourd Disease Augmented Dataset\Downy Mildew\Downy Mildew00160_shifted_673.jpg || D:\AI_Agriculture_Dataset\RAW_DATASETS\Bottle_Gourd\BG05_CAIRrlder\CAIR-BGD-2025 Annotated Dataset\Bottle Gourd Disease Augmented Dataset\Downy Mildew\Downy Mildew00160_shifted_706.jpg
560,b1426b4ba87de7f12ff0657434fea4a51874c6a82137b1bdfdf683ccf362e3c8,2,WITHIN_DATASET,BG05_CAIR,D:\AI_Agriculture_Dataset\RAW_DATASETS\Bottle_Gourd\BG05_CAIRrlder\CAIR-BGD-2025 Annotated Dataset\Bottle Gourd Disease Augmented Dataset\Downy Mildew\Downy Mildew00162_shifted_482.jpg || D:\AI_Agriculture_Dataset\RAW_DATASETS\Bottle_Gourd\BG05_CAIRrlder\CAIR-BGD-2025 Annotated Dataset\Bottle Gourd Disease Augmented Dataset\Downy Mildew\Downy Mildew00162_shifted_875.jpg
561,ab54e81575d792202fd9594740f61009e347e58ded4be8fe773d24a751bf75ec,2,WITHIN_DATASET,BG05_CAIR,D:\AI_Agriculture_Dataset\RAW_DATASETS\Bottle_Gourd\BG05_CAIRrlder\CAIR-BGD-2025 Annotated Dataset\Bottle Gourd Disease Augmented Dataset\Downy Mildew\Downy Mildew00163_rotated_168.jpg || D:\AI_Agriculture_Dataset\RAW_DATASETS\Bottle_Gourd\BG05_CAIRrlder\CAIR-BGD-2025 Annotated Dataset\Bottle Gourd Disease Augmented Dataset\Downy Mildew\Downy Mildew00163_rotated_481.jpg
562,87603c779637ceea219ec83ca5853ea8c9df2d228367a2d4c46ce7b4640f2066,2,WITHIN_DATASET,BG05_CAIR,D:\AI_Agriculture_Dataset\RAW_DATASETS\Bottle_Gourd\BG05_CAIRrlder\CAIR-BGD-2025 Annotated Dataset\Bottle Gourd Disease Augmented Dataset\Downy Mildew\Downy Mildew00164_rotated_312.jpg || D:\AI_Agriculture_Dataset\RAW_DATASETS\Bottle_Gourd\BG05_CAIRrlder\CAIR-BGD-2025 Annotated Dataset\Bottle Gourd Disease Augmented Dataset\Downy Mildew\Downy Mildew00164_rotated_437.jpg
563,ecebf793c0c7fd8099bd2a4686bf271518f6cfb1b6c6ff70ac61f166179e5dff,2,WITHIN_DATASET,BG05_CAIR,D:\AI_Agriculture_Dataset\RAW_DATASETS\Bottle_Gourd\BG05_CAIRrlder\CAIR-BGD-2025 Annotated Dataset\Bottle Gourd Disease Augmented Dataset\Downy Mildew\Downy Mildew00165_shifted_1083.jpg || D:\AI_Agriculture_Dataset\RAW_DATASETS\Bottle_Gourd\BG05_CAIRrlder\CAIR-BGD-2025 Annotated Dataset\Bottle Gourd Disease Augmented Dataset\Downy Mildew\Downy Mildew00165_shifted_367.jpg
564,5057ec3921f5c64935e41e96533b4218696ad86c5f4e318d752ed30c19448b5d,3,WITHIN_DATASET,BG05_CAIR,D:\AI_Agriculture_Dataset\RAW_DATASETS\Bottle_Gourd\BG05_CAIRrlder\CAIR-BGD-2025 Annotated Dataset\Bottle Gourd Disease Augmented Dataset\Downy Mildew\Downy Mildew00167_shifted_154.jpg || D:\AI_Agriculture_Dataset\RAW_DATASETS\Bottle_Gourd\BG05_CAIRrlder\CAIR-BGD-2025 Annotated Dataset\Bottle Gourd Disease Augmented Dataset\Downy Mildew\Downy Mildew00167_shifted_453.jpg || D:\AI_Agriculture_Dataset\RAW_DATASETS\Bottle_Gourd\BG05_CAIRrlder\CAIR-BGD-2025 Annotated Dataset\Bottle Gourd Disease Augmented Dataset\Downy Mildew\Downy Mildew00167_shifted_649.jpg
565,2614128acf4d1b0cab66d995efe56d41e110108785915e8d53bb515208ec64c4,2,WITHIN_DATASET,BG05_CAIR,D:\AI_Agriculture_Dataset\RAW_DATASETS\Bottle_Gourd\BG05_CAIRrlder\CAIR-BGD-2025 Annotated Dataset\Bottle Gourd Disease Augmented Dataset\Downy Mildew\Downy Mildew00170_flipped_422.jpg || D:\AI_Agriculture_Dataset\RAW_DATASETS\Bottle_Gourd\BG05_CAIRrlder\CAIR-BGD-2025 Annotated Dataset\Bottle Gourd Disease Augmented Dataset\Downy Mildew\Downy Mildew00170_flipped_782.jpg
566,bcb8c70c0ca2555fec0dc9fadd24415254b5a5562a20d6ea3c8408ddac9ed1ac,2,WITHIN_DATASET,BG05_CAIR,D:\AI_Agriculture_Dataset\RAW_DATASETS\Bottle_Gourd\BG05_CAIRrlder\CAIR-BGD-2025 Annotated Dataset\Bottle Gourd Disease Augmented Dataset\Downy Mildew\Downy Mildew00170_rotated_471.jpg || D:\AI_Agriculture_Dataset\RAW_DATASETS\Bottle_Gourd\BG05_CAIRrlder\CAIR-BGD-2025 Annotated Dataset\Bottle Gourd Disease Augmented Dataset\Downy Mildew\Downy Mildew00170_rotated_514.jpg
567,9b4be9c38075fe037f4c54cd0562c6731abe659d7cfb0d673199004b5ee3821b,3,WITHIN_DATASET,BG05_CAIR,D:\AI_Agriculture_Dataset\RAW_DATASETS\Bottle_Gourd\BG05_CAIRrlder\CAIR-BGD-2025 Annotated Dataset\Bottle Gourd Disease Augmented Dataset\Downy Mildew\Downy Mildew00174_rotated_251.jpg || D:\AI_Agriculture_Dataset\RAW_DATASETS\Bottle_Gourd\BG05_CAIRrlder\CAIR-BGD-2025 Annotated Dataset\Bottle Gourd Disease Augmented Dataset\Downy Mildew\Downy Mildew00174_rotated_535.jpg || D:\AI_Agriculture_Dataset\RAW_DATASETS\Bottle_Gourd\BG05_CAIRrlder\CAIR-BGD-2025 Annotated Dataset\Bottle Gourd Disease Augmented Dataset\Downy Mildew\Downy Mildew00174_rotated_607.jpg
568,60d96461c4c50c55561b2c3d411cb416168d61b98a2f1419935631157076a63e,2,WITHIN_DATASET,BG05_CAIR,D:\AI_Agriculture_Dataset\RAW_DATASETS\Bottle_Gourd\BG05_CAIRrlder\CAIR-BGD-2025 Annotated Dataset\Bottle Gourd Disease Augmented Dataset\Downy Mildew\Downy Mildew00175_shifted_0.jpg || D:\AI_Agriculture_Dataset\RAW_DATASETS\Bottle_Gourd\BG05_CAIRrlder\CAIR-BGD-2025 Annotated Dataset\Bottle Gourd Disease Augmented Dataset\Downy Mildew\Downy Mildew00175_shifted_801.jpg
569,ef3697c88d76eb47dd9ee877c921d67978ed535ad98356fc995f29189461efbe,2,WITHIN_DATASET,BG05_CAIR,D:\AI_Agriculture_Dataset\RAW_DATASETS\Bottle_Gourd\BG05_CAIRrlder\CAIR-BGD-2025 Annotated Dataset\Bottle Gourd Disease Augmented Dataset\Downy Mildew\Downy Mildew00176_shifted_1234.jpg || D:\AI_Agriculture_Dataset\RAW_DATASETS\Bottle_Gourd\BG05_CAIRrlder\CAIR-BGD-2025 Annotated Dataset\Bottle Gourd Disease Augmented Dataset\Downy Mildew\Downy Mildew00176_shifted_67.jpg
570,8da78d4463d48689f44109503e194975fd7db3c145428837a3d5f385eddc6c98,2,WITHIN_DATASET,BG05_CAIR,D:\AI_Agriculture_Dataset\RAW_DATASETS\Bottle_Gourd\BG05_CAIRrlder\CAIR-BGD-2025 Annotated Dataset\Bottle Gourd Disease Augmented Dataset\Downy Mildew\Downy Mildew00178_flipped_21.jpg || D:\AI_Agriculture_Dataset\RAW_DATASETS\Bottle_Gourd\BG05_CAIRrlder\CAIR-BGD-2025 Annotated Dataset\Bottle Gourd Disease Augmented Dataset\Downy Mildew\Downy Mildew00178_flipped_661.jpg
571,024f7a69a5817c811d175d56e03f89b7c33409156698d8085222987b20a16f78,2,WITHIN_DATASET,BG05_CAIR,D:\AI_Agriculture_Dataset\RAW_DATASETS\Bottle_Gourd\BG05_CAIRrlder\CAIR-BGD-2025 Annotated Dataset\Bottle Gourd Disease Augmented Dataset\Downy Mildew\Downy Mildew00179_flipped_1409.jpg || D:\AI_Agriculture_Dataset\RAW_DATASETS\Bottle_Gourd\BG05_CAIRrlder\CAIR-BGD-2025 Annotated Dataset\Bottle Gourd Disease Augmented Dataset\Downy Mildew\Downy Mildew00179_flipped_257.jpg
572,1384a3f7f0c98e0326fa2b522d9d00b54838d0faec724b95e3f95eb2fae216e7,2,WITHIN_DATASET,BG05_CAIR,D:\AI_Agriculture_Dataset\RAW_DATASETS\Bottle_Gourd\BG05_CAIRrlder\CAIR-BGD-2025 Annotated Dataset\Bottle Gourd Disease Augmented Dataset\Downy Mildew\Downy Mildew00187_shifted_379.jpg || D:\AI_Agriculture_Dataset\RAW_DATASETS\Bottle_Gourd\BG05_CAIRrlder\CAIR-BGD-2025 Annotated Dataset\Bottle Gourd Disease Augmented Dataset\Downy Mildew\Downy Mildew00187_shifted_468.jpg
573,baf5f5b217cd5ce68500980da4ac0239b2f2af3d24e6a553f01504727f3c59e3,2,WITHIN_DATASET,BG05_CAIR,D:\AI_Agriculture_Dataset\RAW_DATASETS\Bottle_Gourd\BG05_CAIRrlder\CAIR-BGD-2025 Annotated Dataset\Bottle Gourd Disease Augmented Dataset\Downy Mildew\Downy Mildew00188_flipped_1475.jpg || D:\AI_Agriculture_Dataset\RAW_DATASETS\Bottle_Gourd\BG05_CAIRrlder\CAIR-BGD-2025 Annotated Dataset\Bottle Gourd Disease Augmented Dataset\Downy Mildew\Downy Mildew00188_flipped_235.jpg
574,22bfd8fc62e63b8c01d11546e57501444cbf1c3de7d6e3c84b8bc332714d7d9a,3,WITHIN_DATASET,BG05_CAIR,D:\AI_Agriculture_Dataset\RAW_DATASETS\Bottle_Gourd\BG05_CAIRrlder\CAIR-BGD-2025 Annotated Dataset\Bottle Gourd Disease Augmented Dataset\Downy Mildew\Downy Mildew00189_flipped_1007.jpg || D:\AI_Agriculture_Dataset\RAW_DATASETS\Bottle_Gourd\BG05_CAIRrlder\CAIR-BGD-2025 Annotated Dataset\Bottle Gourd Disease Augmented Dataset\Downy Mildew\Downy Mildew00189_flipped_869.jpg || D:\AI_Agriculture_Dataset\RAW_DATASETS\Bottle_Gourd\BG05_CAIRrlder\CAIR-BGD-2025 Annotated Dataset\Bottle Gourd Disease Augmented Dataset\Downy Mildew\Downy Mildew00189_flipped_920.jpg
575,bf5c7c19435d978e56ffe3f5abd6fb81f21104cb8e80aaf45b0cf792bf13fbb7,2,WITHIN_DATASET,BG05_CAIR,D:\AI_Agriculture_Dataset\RAW_DATASETS\Bottle_Gourd\BG05_CAIRrlder\CAIR-BGD-2025 Annotated Dataset\Bottle Gourd Disease Augmented Dataset\Downy Mildew\Downy Mildew00189_rotated_1080.jpg || D:\AI_Agriculture_Dataset\RAW_DATASETS\Bottle_Gourd\BG05_CAIRrlder\CAIR-BGD-2025 Annotated Dataset\Bottle Gourd Disease Augmented Dataset\Downy Mildew\Downy Mildew00189_rotated_1467.jpg
576,d9fe9ff6e52b560e2261a5d06cae3da2cdf6229cebbb115974d132fd31f5f989,2,WITHIN_DATASET,BG05_CAIR,D:\AI_Agriculture_Dataset\RAW_DATASETS\Bottle_Gourd\BG05_CAIRrlder\CAIR-BGD-2025 Annotated Dataset\Bottle Gourd Disease Augmented Dataset\Downy Mildew\Downy Mildew00190_flipped_1073.jpg || D:\AI_Agriculture_Dataset\RAW_DATASETS\Bottle_Gourd\BG05_CAIRrlder\CAIR-BGD-2025 Annotated Dataset\Bottle Gourd Disease Augmented Dataset\Downy Mildew\Downy Mildew00190_flipped_770.jpg
577,d0b1c7351b8a5c2dde38239f4ec4791b83c1705497a83099e02d7d8863bc5bd4,2,WITHIN_DATASET,BG05_CAIR,D:\AI_Agriculture_Dataset\RAW_DATASETS\Bottle_Gourd\BG05_CAIRrlder\CAIR-BGD-2025 Annotated Dataset\Bottle Gourd Disease Augmented Dataset\Downy Mildew\Downy Mildew00190_rotated_22.jpg || D:\AI_Agriculture_Dataset\RAW_DATASETS\Bottle_Gourd\BG05_CAIRrlder\CAIR-BGD-2025 Annotated Dataset\Bottle Gourd Disease Augmented Dataset\Downy Mildew\Downy Mildew00190_rotated_987.jpg
578,5f8b95b7b2ebeb56b504386ba15a733bf25b39b321c9f50808c0cd2b52b1ea80,2,WITHIN_DATASET,BG05_CAIR,D:\AI_Agriculture_Dataset\RAW_DATASETS\Bottle_Gourd\BG05_CAIRrlder\CAIR-BGD-2025 Annotated Dataset\Bottle Gourd Disease Augmented Dataset\Downy Mildew\Downy Mildew00193_flipped_292.jpg || D:\AI_Agriculture_Dataset\RAW_DATASETS\Bottle_Gourd\BG05_CAIRrlder\CAIR-BGD-2025 Annotated Dataset\Bottle Gourd Disease Augmented Dataset\Downy Mildew\Downy Mildew00193_flipped_968.jpg
579,4d6ce742dfd707093f494e7488d1c59aa97013aa943e004716831fb206a3b2c7,2,WITHIN_DATASET,BG05_CAIR,D:\AI_Agriculture_Dataset\RAW_DATASETS\Bottle_Gourd\BG05_CAIRrlder\CAIR-BGD-2025 Annotated Dataset\Bottle Gourd Disease Augmented Dataset\Downy Mildew\Downy Mildew00193_rotated_499.jpg || D:\AI_Agriculture_Dataset\RAW_DATASETS\Bottle_Gourd\BG05_CAIRrlder\CAIR-BGD-2025 Annotated Dataset\Bottle Gourd Disease Augmented Dataset\Downy Mildew\Downy Mildew00193_rotated_984.jpg
580,3bc16128cd580f6a456a5467d3d634593fb336db6ff9ad9cec49d2d729495f8b,2,WITHIN_DATASET,BG05_CAIR,D:\AI_Agriculture_Dataset\RAW_DATASETS\Bottle_Gourd\BG05_CAIRrlder\CAIR-BGD-2025 Annotated Dataset\Bottle Gourd Disease Augmented Dataset\Downy Mildew\Downy Mildew00194_shifted_204.jpg || D:\AI_Agriculture_Dataset\RAW_DATASETS\Bottle_Gourd\BG05_CAIRrlder\CAIR-BGD-2025 Annotated Dataset\Bottle Gourd Disease Augmented Dataset\Downy Mildew\Downy Mildew00194_shifted_209.jpg
581,f0bd4f28b6f04eea00c05e68c9f6e2595d42e87a9227faf4e692d426945ec992,2,WITHIN_DATASET,BG05_CAIR,D:\AI_Agriculture_Dataset\RAW_DATASETS\Bottle_Gourd\BG05_CAIRrlder\CAIR-BGD-2025 Annotated Dataset\Bottle Gourd Disease Augmented Dataset\Downy Mildew\Downy Mildew00195_rotated_1086.jpg || D:\AI_Agriculture_Dataset\RAW_DATASETS\Bottle_Gourd\BG05_CAIRrlder\CAIR-BGD-2025 Annotated Dataset\Bottle Gourd Disease Augmented Dataset\Downy Mildew\Downy Mildew00195_rotated_749.jpg
582,654915d65459df5ffa8adc6de55ec8727a60b9ca25ad4514de9cf0924385a25f,2,WITHIN_DATASET,BG05_CAIR,D:\AI_Agriculture_Dataset\RAW_DATASETS\Bottle_Gourd\BG05_CAIRrlder\CAIR-BGD-2025 Annotated Dataset\Bottle Gourd Disease Augmented Dataset\Downy Mildew\Downy Mildew00196_rotated_1329.jpg || D:\AI_Agriculture_Dataset\RAW_DATASETS\Bottle_Gourd\BG05_CAIRrlder\CAIR-BGD-2025 Annotated Dataset\Bottle Gourd Disease Augmented Dataset\Downy Mildew\Downy Mildew00196_rotated_764.jpg
583,1d41f3b124f3d9729ac005b9e8e9e6aae790d2561dabd23774d0d46c470ed889,2,WITHIN_DATASET,BG05_CAIR,D:\AI_Agriculture_Dataset\RAW_DATASETS\Bottle_Gourd\BG05_CAIRrlder\CAIR-BGD-2025 Annotated Dataset\Bottle Gourd Disease Augmented Dataset\Downy Mildew\Downy Mildew00202_flipped_1132.jpg || D:\AI_Agriculture_Dataset\RAW_DATASETS\Bottle_Gourd\BG05_CAIRrlder\CAIR-BGD-2025 Annotated Dataset\Bottle Gourd Disease Augmented Dataset\Downy Mildew\Downy Mildew00202_flipped_1250.jpg
584,a9c2f82eda6351e30ff6340d79b0cdf8b5d7ed8d9799a89499d0fc8a774473d8,2,WITHIN_DATASET,BG05_CAIR,D:\AI_Agriculture_Dataset\RAW_DATASETS\Bottle_Gourd\BG05_CAIRrlder\CAIR-BGD-2025 Annotated Dataset\Bottle Gourd Disease Augmented Dataset\Downy Mildew\Downy Mildew00204_flipped_277.jpg || D:\AI_Agriculture_Dataset\RAW_DATASETS\Bottle_Gourd\BG05_CAIRrlder\CAIR-BGD-2025 Annotated Dataset\Bottle Gourd Disease Augmented Dataset\Downy Mildew\Downy Mildew00204_flipped_766.jpg
585,64faf52a22fa408fcc0e961343c7a2b8a78ad5a24b5b69bfc68f968f75f4ede1,5,WITHIN_DATASET,BG05_CAIR,D:\AI_Agriculture_Dataset\RAW_DATASETS\Bottle_Gourd\BG05_CAIRrlder\CAIR-BGD-2025 Annotated Dataset\Bottle Gourd Disease Augmented Dataset\Downy Mildew\Downy Mildew00206_shifted_1025.jpg || D:\AI_Agriculture_Dataset\RAW_DATASETS\Bottle_Gourd\BG05_CAIRrlder\CAIR-BGD-2025 Annotated Dataset\Bottle Gourd Disease Augmented Dataset\Downy Mildew\Downy Mildew00206_shifted_1376.jpg || D:\AI_Agriculture_Dataset\RAW_DATASETS\Bottle_Gourd\BG05_CAIRrlder\CAIR-BGD-2025 Annotated Dataset\Bottle Gourd Disease Augmented Dataset\Downy Mildew\Downy Mildew00206_shifted_319.jpg || D:\AI_Agriculture_Dataset\RAW_DATASETS\Bottle_Gourd\BG05_CAIRrlder\CAIR-BGD-2025 Annotated Dataset\Bottle Gourd Disease Augmented Dataset\Downy Mildew\Downy Mildew00206_shifted_551.jpg || D:\AI_Agriculture_Dataset\RAW_DATASETS\Bottle_Gourd\BG05_CAIRrlder\CAIR-BGD-2025 Annotated Dataset\Bottle Gourd Disease Augmented Dataset\Downy Mildew\Downy Mildew00206_shifted_594.jpg
586,14344f3c6f2415daec3bcdd7c437f3ec3a4f910519374c1f1f28bcdd18bde8d3,2,WITHIN_DATASET,BG05_CAIR,D:\AI_Agriculture_Dataset\RAW_DATASETS\Bottle_Gourd\BG05_CAIRrlder\CAIR-BGD-2025 Annotated Dataset\Bottle Gourd Disease Augmented Dataset\Downy Mildew\Downy Mildew00207_shifted_643.jpg || D:\AI_Agriculture_Dataset\RAW_DATASETS\Bottle_Gourd\BG05_CAIRrlder\CAIR-BGD-2025 Annotated Dataset\Bottle Gourd Disease Augmented Dataset\Downy Mildew\Downy Mildew00207_shifted_779.jpg
587,459127bd6ec6e68f3669a78bc1910e34195d24dad3ceee645dd91d20bb07ef93,2,WITHIN_DATASET,BG05_CAIR,D:\AI_Agriculture_Dataset\RAW_DATASETS\Bottle_Gourd\BG05_CAIRrlder\CAIR-BGD-2025 Annotated Dataset\Bottle Gourd Disease Augmented Dataset\Downy Mildew\Downy Mildew00210_shifted_1404.jpg || D:\AI_Agriculture_Dataset\RAW_DATASETS\Bottle_Gourd\BG05_CAIRrlder\CAIR-BGD-2025 Annotated Dataset\Bottle Gourd Disease Augmented Dataset\Downy Mildew\Downy Mildew00210_shifted_711.jpg
588,95b9cbab0fd7c3c7a6d0bb9e2034629d2ad2e7a8d01eb8e664ba1727afdd7cf6,3,WITHIN_DATASET,BG05_CAIR,D:\AI_Agriculture_Dataset\RAW_DATASETS\Bottle_Gourd\BG05_CAIRrlder\CAIR-BGD-2025 Annotated Dataset\Bottle Gourd Disease Augmented Dataset\Downy Mildew\Downy Mildew00216_flipped_1070.jpg || D:\AI_Agriculture_Dataset\RAW_DATASETS\Bottle_Gourd\BG05_CAIRrlder\CAIR-BGD-2025 Annotated Dataset\Bottle Gourd Disease Augmented Dataset\Downy Mildew\Downy Mildew00216_flipped_344.jpg || D:\AI_Agriculture_Dataset\RAW_DATASETS\Bottle_Gourd\BG05_CAIRrlder\CAIR-BGD-2025 Annotated Dataset\Bottle Gourd Disease Augmented Dataset\Downy Mildew\Downy Mildew00216_flipped_738.jpg
589,276a9ce16090ef33e0e3685f3d09f441591f8ceff19973ead84387013dfc0cc8,2,WITHIN_DATASET,BG05_CAIR,D:\AI_Agriculture_Dataset\RAW_DATASETS\Bottle_Gourd\BG05_CAIRrlder\CAIR-BGD-2025 Annotated Dataset\Bottle Gourd Disease Augmented Dataset\Downy Mildew\Downy Mildew00216_shifted_1435.jpg || D:\AI_Agriculture_Dataset\RAW_DATASETS\Bottle_Gourd\BG05_CAIRrlder\CAIR-BGD-2025 Annotated Dataset\Bottle Gourd Disease Augmented Dataset\Downy Mildew\Downy Mildew00216_shifted_258.jpg
590,64a0b5030bea125d3e46a645daee2131f35b3effa597f390b71fc87e57cf0525,3,WITHIN_DATASET,BG05_CAIR,D:\AI_Agriculture_Dataset\RAW_DATASETS\Bottle_Gourd\BG05_CAIRrlder\CAIR-BGD-2025 Annotated Dataset\Bottle Gourd Disease Augmented Dataset\Downy Mildew\Downy Mildew00217_flipped_1447.jpg || D:\AI_Agriculture_Dataset\RAW_DATASETS\Bottle_Gourd\BG05_CAIRrlder\CAIR-BGD-2025 Annotated Dataset\Bottle Gourd Disease Augmented Dataset\Downy Mildew\Downy Mildew00217_flipped_401.jpg || D:\AI_Agriculture_Dataset\RAW_DATASETS\Bottle_Gourd\BG05_CAIRrlder\CAIR-BGD-2025 Annotated Dataset\Bottle Gourd Disease Augmented Dataset\Downy Mildew\Downy Mildew00217_flipped_995.jpg
591,9be9f6ace34ea659d43658b0767008475e5f02c6ab29a89ace13d4bf73967288,2,WITHIN_DATASET,BG05_CAIR,D:\AI_Agriculture_Dataset\RAW_DATASETS\Bottle_Gourd\BG05_CAIRrlder\CAIR-BGD-2025 Annotated Dataset\Bottle Gourd Disease Augmented Dataset\Downy Mildew\Downy Mildew00218_flipped_1040.jpg || D:\AI_Agriculture_Dataset\RAW_DATASETS\Bottle_Gourd\BG05_CAIRrlder\CAIR-BGD-2025 Annotated Dataset\Bottle Gourd Disease Augmented Dataset\Downy Mildew\Downy Mildew00218_flipped_787.jpg
592,aaeab8b2b820a035a11a1636a40ff9a64f3d572ab3c9ba24127208950334004a,2,WITHIN_DATASET,BG05_CAIR,D:\AI_Agriculture_Dataset\RAW_DATASETS\Bottle_Gourd\BG05_CAIRrlder\CAIR-BGD-2025 Annotated Dataset\Bottle Gourd Disease Augmented Dataset\Downy Mildew\Downy Mildew00219_shifted_1384.jpg || D:\AI_Agriculture_Dataset\RAW_DATASETS\Bottle_Gourd\BG05_CAIRrlder\CAIR-BGD-2025 Annotated Dataset\Bottle Gourd Disease Augmented Dataset\Downy Mildew\Downy Mildew00219_shifted_672.jpg
593,c28ce21470c5867d55bb29656f30c751af3b37ab4344e12d89827a726f8d63eb,2,WITHIN_DATASET,BG05_CAIR,D:\AI_Agriculture_Dataset\RAW_DATASETS\Bottle_Gourd\BG05_CAIRrlder\CAIR-BGD-2025 Annotated Dataset\Bottle Gourd Disease Augmented Dataset\Downy Mildew\Downy Mildew00221_flipped_1405.jpg || D:\AI_Agriculture_Dataset\RAW_DATASETS\Bottle_Gourd\BG05_CAIRrlder\CAIR-BGD-2025 Annotated Dataset\Bottle Gourd Disease Augmented Dataset\Downy Mildew\Downy Mildew00221_flipped_50.jpg
594,0568c237719676a75641744ed1d237d794b8d98025ee8b005af18ac341e0729e,2,WITHIN_DATASET,BG05_CAIR,D:\AI_Agriculture_Dataset\RAW_DATASETS\Bottle_Gourd\BG05_CAIRrlder\CAIR-BGD-2025 Annotated Dataset\Bottle Gourd Disease Augmented Dataset\Downy Mildew\Downy Mildew00221_shifted_1095.jpg || D:\AI_Agriculture_Dataset\RAW_DATASETS\Bottle_Gourd\BG05_CAIRrlder\CAIR-BGD-2025 Annotated Dataset\Bottle Gourd Disease Augmented Dataset\Downy Mildew\Downy Mildew00221_shifted_685.jpg
595,64800517647fb5c7792664c9f3c899183a78fd72e14a51d09a4a038bf6c53f8c,3,WITHIN_DATASET,BG05_CAIR,D:\AI_Agriculture_Dataset\RAW_DATASETS\Bottle_Gourd\BG05_CAIRrlder\CAIR-BGD-2025 Annotated Dataset\Bottle Gourd Disease Augmented Dataset\Downy Mildew\Downy Mildew00222_flipped_1103.jpg || D:\AI_Agriculture_Dataset\RAW_DATASETS\Bottle_Gourd\BG05_CAIRrlder\CAIR-BGD-2025 Annotated Dataset\Bottle Gourd Disease Augmented Dataset\Downy Mildew\Downy Mildew00222_flipped_300.jpg || D:\AI_Agriculture_Dataset\RAW_DATASETS\Bottle_Gourd\BG05_CAIRrlder\CAIR-BGD-2025 Annotated Dataset\Bottle Gourd Disease Augmented Dataset\Downy Mildew\Downy Mildew00222_flipped_669.jpg
596,c3ffb4e8c4689635c398a7cc71ce1750d01dfa87fbe652fbc22832db5518207b,2,WITHIN_DATASET,BG05_CAIR,D:\AI_Agriculture_Dataset\RAW_DATASETS\Bottle_Gourd\BG05_CAIRrlder\CAIR-BGD-2025 Annotated Dataset\Bottle Gourd Disease Augmented Dataset\Downy Mildew\Downy Mildew00223_rotated_1406.jpg || D:\AI_Agriculture_Dataset\RAW_DATASETS\Bottle_Gourd\BG05_CAIRrlder\CAIR-BGD-2025 Annotated Dataset\Bottle Gourd Disease Augmented Dataset\Downy Mildew\Downy Mildew00223_rotated_420.jpg
597,b14c38491ed505452d5b9ba9a72e8dac9a8efd376bc2fc05b4978d75870d4519,2,WITHIN_DATASET,BG05_CAIR,D:\AI_Agriculture_Dataset\RAW_DATASETS\Bottle_Gourd\BG05_CAIRrlder\CAIR-BGD-2025 Annotated Dataset\Bottle Gourd Disease Augmented Dataset\Downy Mildew\Downy Mildew00226_flipped_1465.jpg || D:\AI_Agriculture_Dataset\RAW_DATASETS\Bottle_Gourd\BG05_CAIRrlder\CAIR-BGD-2025 Annotated Dataset\Bottle Gourd Disease Augmented Dataset\Downy Mildew\Downy Mildew00226_flipped_961.jpg
598,e7857e3ba9c5a54026c8c1b578ce05dba65a6c165381cd7afb234fc3691d561f,3,WITHIN_DATASET,BG05_CAIR,D:\AI_Agriculture_Dataset\RAW_DATASETS\Bottle_Gourd\BG05_CAIRrlder\CAIR-BGD-2025 Annotated Dataset\Bottle Gourd Disease Augmented Dataset\Downy Mildew\Downy Mildew00227_shifted_332.jpg || D:\AI_Agriculture_Dataset\RAW_DATASETS\Bottle_Gourd\BG05_CAIRrlder\CAIR-BGD-2025 Annotated Dataset\Bottle Gourd Disease Augmented Dataset\Downy Mildew\Downy Mildew00227_shifted_414.jpg || D:\AI_Agriculture_Dataset\RAW_DATASETS\Bottle_Gourd\BG05_CAIRrlder\CAIR-BGD-2025 Annotated Dataset\Bottle Gourd Disease Augmented Dataset\Downy Mildew\Downy Mildew00227_shifted_542.jpg
599,00f6c52eb9d78fb8cf1a23b17f27b43b40521566101456e95b496768fea85afa,2,WITHIN_DATASET,BG05_CAIR,D:\AI_Agriculture_Dataset\RAW_DATASETS\Bottle_Gourd\BG05_CAIRrlder\CAIR-BGD-2025 Annotated Dataset\Bottle Gourd Disease Augmented Dataset\Downy Mildew\Downy Mildew00228_flipped_1408.jpg || D:\AI_Agriculture_Dataset\RAW_DATASETS\Bottle_Gourd\BG05_CAIRrlder\CAIR-BGD-2025 Annotated Dataset\Bottle Gourd Disease Augmented Dataset\Downy Mildew\Downy Mildew00228_flipped_708.jpg
600,70f9f45d32b8320ac256a2d944f207dea8edf0b766c35b398a97d8f8d7045e92,2,WITHIN_DATASET,BG05_CAIR,D:\AI_Agriculture_Dataset\RAW_DATASETS\Bottle_Gourd\BG05_CAIRrlder\CAIR-BGD-2025 Annotated Dataset\Bottle Gourd Disease Augmented Dataset\Downy Mildew\Downy Mildew00228_shifted_1162.jpg || D:\AI_Agriculture_Dataset\RAW_DATASETS\Bottle_Gourd\BG05_CAIRrlder\CAIR-BGD-2025 Annotated Dataset\Bottle Gourd Disease Augmented Dataset\Downy Mildew\Downy Mildew00228_shifted_1353.jpg
601,510e8c8de0006e4e293ed2f0ea76125e1a6d87c4677008bc5a01c8c5a4949815,2,WITHIN_DATASET,BG05_CAIR,D:\AI_Agriculture_Dataset\RAW_DATASETS\Bottle_Gourd\BG05_CAIRrlder\CAIR-BGD-2025 Annotated Dataset\Bottle Gourd Disease Augmented Dataset\Downy Mildew\Downy Mildew00231_rotated_1348.jpg || D:\AI_Agriculture_Dataset\RAW_DATASETS\Bottle_Gourd\BG05_CAIRrlder\CAIR-BGD-2025 Annotated Dataset\Bottle Gourd Disease Augmented Dataset\Downy Mildew\Downy Mildew00231_rotated_150.jpg
602,1461bac66ef4d5aff1a97564491ba00ae9bfdbdfcb2e811ef67fe56147c2a630,2,WITHIN_DATASET,BG05_CAIR,D:\AI_Agriculture_Dataset\RAW_DATASETS\Bottle_Gourd\BG05_CAIRrlder\CAIR-BGD-2025 Annotated Dataset\Bottle Gourd Disease Augmented Dataset\Downy Mildew\Downy Mildew00231_shifted_41.jpg || D:\AI_Agriculture_Dataset\RAW_DATASETS\Bottle_Gourd\BG05_CAIRrlder\CAIR-BGD-2025 Annotated Dataset\Bottle Gourd Disease Augmented Dataset\Downy Mildew\Downy Mildew00231_shifted_432.jpg
603,34c4b0879bbd3f2e94b64a73022ab90dd4b6bcae71c3baa012d7f309dfe43cca,2,WITHIN_DATASET,BG05_CAIR,D:\AI_Agriculture_Dataset\RAW_DATASETS\Bottle_Gourd\BG05_CAIRrlder\CAIR-BGD-2025 Annotated Dataset\Bottle Gourd Disease Augmented Dataset\Downy Mildew\Downy Mildew00232_shifted_1256.jpg || D:\AI_Agriculture_Dataset\RAW_DATASETS\Bottle_Gourd\BG05_CAIRrlder\CAIR-BGD-2025 Annotated Dataset\Bottle Gourd Disease Augmented Dataset\Downy Mildew\Downy Mildew00232_shifted_793.jpg
604,7815b5b22359c85aeb0ef17831aeac83e6cadbfcd89ee4dc698efe4ad1c3bc37,2,WITHIN_DATASET,BG05_CAIR,D:\AI_Agriculture_Dataset\RAW_DATASETS\Bottle_Gourd\BG05_CAIRrlder\CAIR-BGD-2025 Annotated Dataset\Bottle Gourd Disease Augmented Dataset\Downy Mildew\Downy Mildew00234_flipped_1266.jpg || D:\AI_Agriculture_Dataset\RAW_DATASETS\Bottle_Gourd\BG05_CAIRrlder\CAIR-BGD-2025 Annotated Dataset\Bottle Gourd Disease Augmented Dataset\Downy Mildew\Downy Mildew00234_flipped_702.jpg
605,28b0027bae3961938e4b14689d6a8c75dfa8ce8d6c11ad7f2bc9203fffab6083,3,WITHIN_DATASET,BG05_CAIR,D:\AI_Agriculture_Dataset\RAW_DATASETS\Bottle_Gourd\BG05_CAIRrlder\CAIR-BGD-2025 Annotated Dataset\Bottle Gourd Disease Augmented Dataset\Downy Mildew\Downy Mildew00235_flipped_1381.jpg || D:\AI_Agriculture_Dataset\RAW_DATASETS\Bottle_Gourd\BG05_CAIRrlder\CAIR-BGD-2025 Annotated Dataset\Bottle Gourd Disease Augmented Dataset\Downy Mildew\Downy Mildew00235_flipped_1455.jpg || D:\AI_Agriculture_Dataset\RAW_DATASETS\Bottle_Gourd\BG05_CAIRrlder\CAIR-BGD-2025 Annotated Dataset\Bottle Gourd Disease Augmented Dataset\Downy Mildew\Downy Mildew00235_flipped_900.jpg
606,57d4eedbcc1a16ea6d9010f613a82057c2a17509155622b8935d3140d4391fd3,2,WITHIN_DATASET,BG05_CAIR,D:\AI_Agriculture_Dataset\RAW_DATASETS\Bottle_Gourd\BG05_CAIRrlder\CAIR-BGD-2025 Annotated Dataset\Bottle Gourd Disease Augmented Dataset\Downy Mildew\Downy Mildew00235_rotated_1093.jpg || D:\AI_Agriculture_Dataset\RAW_DATASETS\Bottle_Gourd\BG05_CAIRrlder\CAIR-BGD-2025 Annotated Dataset\Bottle Gourd Disease Augmented Dataset\Downy Mildew\Downy Mildew00235_rotated_293.jpg
607,ee2e5f31259042bce09c8d9eee3bb596f133c9fcce9488b3654a91e8ebeeb376,2,WITHIN_DATASET,BG05_CAIR,D:\AI_Agriculture_Dataset\RAW_DATASETS\Bottle_Gourd\BG05_CAIRrlder\CAIR-BGD-2025 Annotated Dataset\Bottle Gourd Disease Augmented Dataset\Downy Mildew\Downy Mildew00236_rotated_1193.jpg || D:\AI_Agriculture_Dataset\RAW_DATASETS\Bottle_Gourd\BG05_CAIRrlder\CAIR-BGD-2025 Annotated Dataset\Bottle Gourd Disease Augmented Dataset\Downy Mildew\Downy Mildew00236_rotated_1430.jpg
608,1a19f2ad6f5874e7c53190676a66056c048581ce9d77406e01a45eaa8a7df269,3,WITHIN_DATASET,BG05_CAIR,D:\AI_Agriculture_Dataset\RAW_DATASETS\Bottle_Gourd\BG05_CAIRrlder\CAIR-BGD-2025 Annotated Dataset\Bottle Gourd Disease Augmented Dataset\Downy Mildew\Downy Mildew00239_shifted_1048.jpg || D:\AI_Agriculture_Dataset\RAW_DATASETS\Bottle_Gourd\BG05_CAIRrlder\CAIR-BGD-2025 Annotated Dataset\Bottle Gourd Disease Augmented Dataset\Downy Mildew\Downy Mildew00239_shifted_1456.jpg || D:\AI_Agriculture_Dataset\RAW_DATASETS\Bottle_Gourd\BG05_CAIRrlder\CAIR-BGD-2025 Annotated Dataset\Bottle Gourd Disease Augmented Dataset\Downy Mildew\Downy Mildew00239_shifted_405.jpg
609,e313cc6c7f93d4800472c025d1fd61a0a810756ad58eb2f52504eb702d0711ba,2,WITHIN_DATASET,BG05_CAIR,D:\AI_Agriculture_Dataset\RAW_DATASETS\Bottle_Gourd\BG05_CAIRrlder\CAIR-BGD-2025 Annotated Dataset\Bottle Gourd Disease Augmented Dataset\Downy Mildew\Downy Mildew00240_flipped_1313.jpg || D:\AI_Agriculture_Dataset\RAW_DATASETS\Bottle_Gourd\BG05_CAIRrlder\CAIR-BGD-2025 Annotated Dataset\Bottle Gourd Disease Augmented Dataset\Downy Mildew\Downy Mildew00240_flipped_915.jpg
610,b63375ccc08d6fc872a8a0a0aa134fa3b20a127e0f310f38b9dca891caf44c2d,2,WITHIN_DATASET,BG05_CAIR,D:\AI_Agriculture_Dataset\RAW_DATASETS\Bottle_Gourd\BG05_CAIRrlder\CAIR-BGD-2025 Annotated Dataset\Bottle Gourd Disease Augmented Dataset\Downy Mildew\Downy Mildew00240_shifted_17.jpg || D:\AI_Agriculture_Dataset\RAW_DATASETS\Bottle_Gourd\BG05_CAIRrlder\CAIR-BGD-2025 Annotated Dataset\Bottle Gourd Disease Augmented Dataset\Downy Mildew\Downy Mildew00240_shifted_430.jpg
611,d67b338bcb06b86fde946a914884bda3f5690c95ae1aa46568b2e72d465029dc,2,WITHIN_DATASET,BG05_CAIR,D:\AI_Agriculture_Dataset\RAW_DATASETS\Bottle_Gourd\BG05_CAIRrlder\CAIR-BGD-2025 Annotated Dataset\Bottle Gourd Disease Augmented Dataset\Downy Mildew\Downy Mildew00241_rotated_184.jpg || D:\AI_Agriculture_Dataset\RAW_DATASETS\Bottle_Gourd\BG05_CAIRrlder\CAIR-BGD-2025 Annotated Dataset\Bottle Gourd Disease Augmented Dataset\Downy Mildew\Downy Mildew00241_rotated_639.jpg
612,0f00775e2e490ed1730de8a65b5c99bcfecc02302d37b7e6b67191d714dc4036,2,WITHIN_DATASET,BG05_CAIR,D:\AI_Agriculture_Dataset\RAW_DATASETS\Bottle_Gourd\BG05_CAIRrlder\CAIR-BGD-2025 Annotated Dataset\Bottle Gourd Disease Augmented Dataset\Downy Mildew\Downy Mildew00241_shifted_476.jpg || D:\AI_Agriculture_Dataset\RAW_DATASETS\Bottle_Gourd\BG05_CAIRrlder\CAIR-BGD-2025 Annotated Dataset\Bottle Gourd Disease Augmented Dataset\Downy Mildew\Downy Mildew00241_shifted_533.jpg
613,7ce6dfd7e2b601590329a3fa79f5c8d9157887367760ed78a4463233d4b079a9,2,WITHIN_DATASET,BG05_CAIR,D:\AI_Agriculture_Dataset\RAW_DATASETS\Bottle_Gourd\BG05_CAIRrlder\CAIR-BGD-2025 Annotated Dataset\Bottle Gourd Disease Augmented Dataset\Downy Mildew\Downy Mildew00243_rotated_1283.jpg || D:\AI_Agriculture_Dataset\RAW_DATASETS\Bottle_Gourd\BG05_CAIRrlder\CAIR-BGD-2025 Annotated Dataset\Bottle Gourd Disease Augmented Dataset\Downy Mildew\Downy Mildew00243_rotated_433.jpg
614,4fa54ed70d66aa27b266bd6b8fdcc6d954067bdda28b6cca06f901d7e9e5391a,2,WITHIN_DATASET,BG05_CAIR,D:\AI_Agriculture_Dataset\RAW_DATASETS\Bottle_Gourd\BG05_CAIRrlder\CAIR-BGD-2025 Annotated Dataset\Bottle Gourd Disease Augmented Dataset\Downy Mildew\Downy Mildew00244_flipped_1097.jpg || D:\AI_Agriculture_Dataset\RAW_DATASETS\Bottle_Gourd\BG05_CAIRrlder\CAIR-BGD-2025 Annotated Dataset\Bottle Gourd Disease Augmented Dataset\Downy Mildew\Downy Mildew00244_flipped_1170.jpg
615,41f8cc7c203d11a371d1e8d751d056d4a6f3b514c4534da1477a3757cf8ee443,2,WITHIN_DATASET,BG05_CAIR,D:\AI_Agriculture_Dataset\RAW_DATASETS\Bottle_Gourd\BG05_CAIRrlder\CAIR-BGD-2025 Annotated Dataset\Bottle Gourd Disease Augmented Dataset\Downy Mildew\Downy Mildew00244_rotated_1104.jpg || D:\AI_Agriculture_Dataset\RAW_DATASETS\Bottle_Gourd\BG05_CAIRrlder\CAIR-BGD-2025 Annotated Dataset\Bottle Gourd Disease Augmented Dataset\Downy Mildew\Downy Mildew00244_rotated_722.jpg
616,408aab7caa91d7f8c3466c53b5e20184ac70a9f4b5171efa54b992eb10ee26fc,3,WITHIN_DATASET,BG05_CAIR,D:\AI_Agriculture_Dataset\RAW_DATASETS\Bottle_Gourd\BG05_CAIRrlder\CAIR-BGD-2025 Annotated Dataset\Bottle Gourd Disease Augmented Dataset\Downy Mildew\Downy Mildew00248_shifted_1437.jpg || D:\AI_Agriculture_Dataset\RAW_DATASETS\Bottle_Gourd\BG05_CAIRrlder\CAIR-BGD-2025 Annotated Dataset\Bottle Gourd Disease Augmented Dataset\Downy Mildew\Downy Mildew00248_shifted_180.jpg || D:\AI_Agriculture_Dataset\RAW_DATASETS\Bottle_Gourd\BG05_CAIRrlder\CAIR-BGD-2025 Annotated Dataset\Bottle Gourd Disease Augmented Dataset\Downy Mildew\Downy Mildew00248_shifted_774.jpg
617,b0831f7e10416be9341ca97552ebf2d363767d8a73a1d05c84f89c40c1a89e4c,2,WITHIN_DATASET,BG05_CAIR,D:\AI_Agriculture_Dataset\RAW_DATASETS\Bottle_Gourd\BG05_CAIRrlder\CAIR-BGD-2025 Annotated Dataset\Bottle Gourd Disease Augmented Dataset\Downy Mildew\Downy Mildew00250_flipped_733.jpg || D:\AI_Agriculture_Dataset\RAW_DATASETS\Bottle_Gourd\BG05_CAIRrlder\CAIR-BGD-2025 Annotated Dataset\Bottle Gourd Disease Augmented Dataset\Downy Mildew\Downy Mildew00250_flipped_853.jpg
618,162bfca593e4a59b8313cc86864fbc5e489c6ace1133884f2d981dc1b8117774,2,WITHIN_DATASET,BG05_CAIR,D:\AI_Agriculture_Dataset\RAW_DATASETS\Bottle_Gourd\BG05_CAIRrlder\CAIR-BGD-2025 Annotated Dataset\Bottle Gourd Disease Augmented Dataset\Downy Mildew\Downy Mildew00250_rotated_388.jpg || D:\AI_Agriculture_Dataset\RAW_DATASETS\Bottle_Gourd\BG05_CAIRrlder\CAIR-BGD-2025 Annotated Dataset\Bottle Gourd Disease Augmented Dataset\Downy Mildew\Downy Mildew00250_rotated_718.jpg
619,bb7c7b0ff3f1f9ec94f9a075f5d5f9a51ffc1f4fdfcfb894262e27ddcb51b4f0,3,WITHIN_DATASET,BG05_CAIR,D:\AI_Agriculture_Dataset\RAW_DATASETS\Bottle_Gourd\BG05_CAIRrlder\CAIR-BGD-2025 Annotated Dataset\Bottle Gourd Disease Augmented Dataset\Downy Mildew\Downy Mildew00251_shifted_1030.jpg || D:\AI_Agriculture_Dataset\RAW_DATASETS\Bottle_Gourd\BG05_CAIRrlder\CAIR-BGD-2025 Annotated Dataset\Bottle Gourd Disease Augmented Dataset\Downy Mildew\Downy Mildew00251_shifted_1037.jpg || D:\AI_Agriculture_Dataset\RAW_DATASETS\Bottle_Gourd\BG05_CAIRrlder\CAIR-BGD-2025 Annotated Dataset\Bottle Gourd Disease Augmented Dataset\Downy Mildew\Downy Mildew00251_shifted_1464.jpg
620,ebd4dcdba4362eac75f05a50d6d0aee87a96369ba105f4736746eac919b1331f,2,WITHIN_DATASET,BG05_CAIR,D:\AI_Agriculture_Dataset\RAW_DATASETS\Bottle_Gourd\BG05_CAIRrlder\CAIR-BGD-2025 Annotated Dataset\Bottle Gourd Disease Augmented Dataset\Downy Mildew\Downy Mildew00252_rotated_1357.jpg || D:\AI_Agriculture_Dataset\RAW_DATASETS\Bottle_Gourd\BG05_CAIRrlder\CAIR-BGD-2025 Annotated Dataset\Bottle Gourd Disease Augmented Dataset\Downy Mildew\Downy Mildew00252_rotated_1401.jpg
621,34d4b0ac9ba25a15a0c79f5275c2af27ac185498eb01b7ec882e76b1b73d31ba,2,WITHIN_DATASET,BG05_CAIR,D:\AI_Agriculture_Dataset\RAW_DATASETS\Bottle_Gourd\BG05_CAIRrlder\CAIR-BGD-2025 Annotated Dataset\Bottle Gourd Disease Augmented Dataset\Downy Mildew\Downy Mildew00252_shifted_1003.jpg || D:\AI_Agriculture_Dataset\RAW_DATASETS\Bottle_Gourd\BG05_CAIRrlder\CAIR-BGD-2025 Annotated Dataset\Bottle Gourd Disease Augmented Dataset\Downy Mildew\Downy Mildew00252_shifted_37.jpg
622,78bef111140cead3897bdbce51fac01a79592d0b6b01389dfdb10b512f207717,2,WITHIN_DATASET,BG05_CAIR,D:\AI_Agriculture_Dataset\RAW_DATASETS\Bottle_Gourd\BG05_CAIRrlder\CAIR-BGD-2025 Annotated Dataset\Bottle Gourd Disease Augmented Dataset\Downy Mildew\Downy Mildew00253_flipped_194.jpg || D:\AI_Agriculture_Dataset\RAW_DATASETS\Bottle_Gourd\BG05_CAIRrlder\CAIR-BGD-2025 Annotated Dataset\Bottle Gourd Disease Augmented Dataset\Downy Mildew\Downy Mildew00253_flipped_574.jpg
623,143d2d2fb2ab8a743d2d68689ab9188bf3569f5f6f3d5e3b2b68b989d6349616,2,WITHIN_DATASET,BG05_CAIR,D:\AI_Agriculture_Dataset\RAW_DATASETS\Bottle_Gourd\BG05_CAIRrlder\CAIR-BGD-2025 Annotated Dataset\Bottle Gourd Disease Augmented Dataset\Downy Mildew\Downy Mildew00253_rotated_28.jpg || D:\AI_Agriculture_Dataset\RAW_DATASETS\Bottle_Gourd\BG05_CAIRrlder\CAIR-BGD-2025 Annotated Dataset\Bottle Gourd Disease Augmented Dataset\Downy Mildew\Downy Mildew00253_rotated_952.jpg
624,ca481f477c39636bb1f786c0ea05bce4ce101c07a2ca9dcbd006ae48fa152e50,4,WITHIN_DATASET,BG05_CAIR,D:\AI_Agriculture_Dataset\RAW_DATASETS\Bottle_Gourd\BG05_CAIRrlder\CAIR-BGD-2025 Annotated Dataset\Bottle Gourd Disease Augmented Dataset\Downy Mildew\Downy Mildew00253_shifted_1472.jpg || D:\AI_Agriculture_Dataset\RAW_DATASETS\Bottle_Gourd\BG05_CAIRrlder\CAIR-BGD-2025 Annotated Dataset\Bottle Gourd Disease Augmented Dataset\Downy Mildew\Downy Mildew00253_shifted_490.jpg || D:\AI_Agriculture_Dataset\RAW_DATASETS\Bottle_Gourd\BG05_CAIRrlder\CAIR-BGD-2025 Annotated Dataset\Bottle Gourd Disease Augmented Dataset\Downy Mildew\Downy Mildew00253_shifted_780.jpg || D:\AI_Agriculture_Dataset\RAW_DATASETS\Bottle_Gourd\BG05_CAIRrlder\CAIR-BGD-2025 Annotated Dataset\Bottle Gourd Disease Augmented Dataset\Downy Mildew\Downy Mildew00253_shifted_88.jpg
625,1f360e26bbe953a47ea586b115612346c86bbe39e0f74d58c6173545b27c82c0,2,WITHIN_DATASET,BG05_CAIR,D:\AI_Agriculture_Dataset\RAW_DATASETS\Bottle_Gourd\BG05_CAIRrlder\CAIR-BGD-2025 Annotated Dataset\Bottle Gourd Disease Augmented Dataset\Downy Mildew\Downy Mildew00257_shifted_630.jpg || D:\AI_Agriculture_Dataset\RAW_DATASETS\Bottle_Gourd\BG05_CAIRrlder\CAIR-BGD-2025 Annotated Dataset\Bottle Gourd Disease Augmented Dataset\Downy Mildew\Downy Mildew00257_shifted_833.jpg
626,026beac8e52f19cd52b576af4618c0afe7110500095297ed452a52e6e6783424,2,WITHIN_DATASET,BG05_CAIR,D:\AI_Agriculture_Dataset\RAW_DATASETS\Bottle_Gourd\BG05_CAIRrlder\CAIR-BGD-2025 Annotated Dataset\Bottle Gourd Disease Augmented Dataset\Downy Mildew\Downy Mildew00258_flipped_125.jpg || D:\AI_Agriculture_Dataset\RAW_DATASETS\Bottle_Gourd\BG05_CAIRrlder\CAIR-BGD-2025 Annotated Dataset\Bottle Gourd Disease Augmented Dataset\Downy Mildew\Downy Mildew00258_flipped_61.jpg
627,4537cca499976002546ddf30aa37cbd77844de5a23108b373d02354b7d7767b4,2,WITHIN_DATASET,BG05_CAIR,D:\AI_Agriculture_Dataset\RAW_DATASETS\Bottle_Gourd\BG05_CAIRrlder\CAIR-BGD-2025 Annotated Dataset\Bottle Gourd Disease Augmented Dataset\Dry Leaf\Dry Leaf00001_flipped_1242.jpg || D:\AI_Agriculture_Dataset\RAW_DATASETS\Bottle_Gourd\BG05_CAIRrlder\CAIR-BGD-2025 Annotated Dataset\Bottle Gourd Disease Augmented Dataset\Dry Leaf\Dry Leaf00001_flipped_1269.jpg
628,ffb7d8c1df744f1fb646048276e5b65a8b6c313cd64f3a50b34d4b7c4ba33600,3,WITHIN_DATASET,BG05_CAIR,D:\AI_Agriculture_Dataset\RAW_DATASETS\Bottle_Gourd\BG05_CAIRrlder\CAIR-BGD-2025 Annotated Dataset\Bottle Gourd Disease Augmented Dataset\Dry Leaf\Dry Leaf00002_rotated_1034.jpg || D:\AI_Agriculture_Dataset\RAW_DATASETS\Bottle_Gourd\BG05_CAIRrlder\CAIR-BGD-2025 Annotated Dataset\Bottle Gourd Disease Augmented Dataset\Dry Leaf\Dry Leaf00002_rotated_18.jpg || D:\AI_Agriculture_Dataset\RAW_DATASETS\Bottle_Gourd\BG05_CAIRrlder\CAIR-BGD-2025 Annotated Dataset\Bottle Gourd Disease Augmented Dataset\Dry Leaf\Dry Leaf00002_rotated_827.jpg
629,f3566473f1475339cb5c2cd71fc37e657f5d7f3a09513cd820a600a6ddf2162b,2,WITHIN_DATASET,BG05_CAIR,D:\AI_Agriculture_Dataset\RAW_DATASETS\Bottle_Gourd\BG05_CAIRrlder\CAIR-BGD-2025 Annotated Dataset\Bottle Gourd Disease Augmented Dataset\Dry Leaf\Dry Leaf00005_flipped_1448.jpg || D:\AI_Agriculture_Dataset\RAW_DATASETS\Bottle_Gourd\BG05_CAIRrlder\CAIR-BGD-2025 Annotated Dataset\Bottle Gourd Disease Augmented Dataset\Dry Leaf\Dry Leaf00005_flipped_309.jpg
630,2aec59f738370060c3634726b389e2fe63e13b6874806b437b7a156587f8947f,2,WITHIN_DATASET,BG05_CAIR,D:\AI_Agriculture_Dataset\RAW_DATASETS\Bottle_Gourd\BG05_CAIRrlder\CAIR-BGD-2025 Annotated Dataset\Bottle Gourd Disease Augmented Dataset\Dry Leaf\Dry Leaf00006_shifted_1486.jpg || D:\AI_Agriculture_Dataset\RAW_DATASETS\Bottle_Gourd\BG05_CAIRrlder\CAIR-BGD-2025 Annotated Dataset\Bottle Gourd Disease Augmented Dataset\Dry Leaf\Dry Leaf00006_shifted_821.jpg
631,b2fae0022387363e11577fcc41fef0edca13f1172239a4e0138c7a854871dc15,2,WITHIN_DATASET,BG05_CAIR,D:\AI_Agriculture_Dataset\RAW_DATASETS\Bottle_Gourd\BG05_CAIRrlder\CAIR-BGD-2025 Annotated Dataset\Bottle Gourd Disease Augmented Dataset\Dry Leaf\Dry Leaf00007_rotated_1118.jpg || D:\AI_Agriculture_Dataset\RAW_DATASETS\Bottle_Gourd\BG05_CAIRrlder\CAIR-BGD-2025 Annotated Dataset\Bottle Gourd Disease Augmented Dataset\Dry Leaf\Dry Leaf00007_rotated_1129.jpg
632,97b861f362a2372f53cada68158a1e67f6514de70c1521aa269911676f71609f,2,WITHIN_DATASET,BG05_CAIR,D:\AI_Agriculture_Dataset\RAW_DATASETS\Bottle_Gourd\BG05_CAIRrlder\CAIR-BGD-2025 Annotated Dataset\Bottle Gourd Disease Augmented Dataset\Dry Leaf\Dry Leaf00009_flipped_1299.jpg || D:\AI_Agriculture_Dataset\RAW_DATASETS\Bottle_Gourd\BG05_CAIRrlder\CAIR-BGD-2025 Annotated Dataset\Bottle Gourd Disease Augmented Dataset\Dry Leaf\Dry Leaf00009_flipped_205.jpg
633,0c92be54fdff8971aac518fd9cb419f637122fa31a4e3fa356ad5b5d23ceafc3,4,WITHIN_DATASET,BG05_CAIR,D:\AI_Agriculture_Dataset\RAW_DATASETS\Bottle_Gourd\BG05_CAIRrlder\CAIR-BGD-2025 Annotated Dataset\Bottle Gourd Disease Augmented Dataset\Dry Leaf\Dry Leaf00010_flipped_1077.jpg || D:\AI_Agriculture_Dataset\RAW_DATASETS\Bottle_Gourd\BG05_CAIRrlder\CAIR-BGD-2025 Annotated Dataset\Bottle Gourd Disease Augmented Dataset\Dry Leaf\Dry Leaf00010_flipped_1194.jpg || D:\AI_Agriculture_Dataset\RAW_DATASETS\Bottle_Gourd\BG05_CAIRrlder\CAIR-BGD-2025 Annotated Dataset\Bottle Gourd Disease Augmented Dataset\Dry Leaf\Dry Leaf00010_flipped_426.jpg || D:\AI_Agriculture_Dataset\RAW_DATASETS\Bottle_Gourd\BG05_CAIRrlder\CAIR-BGD-2025 Annotated Dataset\Bottle Gourd Disease Augmented Dataset\Dry Leaf\Dry Leaf00010_flipped_891.jpg
634,eabb69423c52bd82b9af6054a247d3811fa7b2f5faf82408830efc41b771021e,2,WITHIN_DATASET,BG05_CAIR,D:\AI_Agriculture_Dataset\RAW_DATASETS\Bottle_Gourd\BG05_CAIRrlder\CAIR-BGD-2025 Annotated Dataset\Bottle Gourd Disease Augmented Dataset\Dry Leaf\Dry Leaf00014_flipped_1468.jpg || D:\AI_Agriculture_Dataset\RAW_DATASETS\Bottle_Gourd\BG05_CAIRrlder\CAIR-BGD-2025 Annotated Dataset\Bottle Gourd Disease Augmented Dataset\Dry Leaf\Dry Leaf00014_flipped_51.jpg
635,726341b57d9845ef018832d87ba96e470d8fecd35415ac125f7c37c04ff40f3c,2,WITHIN_DATASET,BG05_CAIR,D:\AI_Agriculture_Dataset\RAW_DATASETS\Bottle_Gourd\BG05_CAIRrlder\CAIR-BGD-2025 Annotated Dataset\Bottle Gourd Disease Augmented Dataset\Dry Leaf\Dry Leaf00016_shifted_1304.jpg || D:\AI_Agriculture_Dataset\RAW_DATASETS\Bottle_Gourd\BG05_CAIRrlder\CAIR-BGD-2025 Annotated Dataset\Bottle Gourd Disease Augmented Dataset\Dry Leaf\Dry Leaf00016_shifted_749.jpg
636,e06c681c0e7c66acb997b27ac9ba7d93f560185ed48e7f64c9de181bb31cb811,2,WITHIN_DATASET,BG05_CAIR,D:\AI_Agriculture_Dataset\RAW_DATASETS\Bottle_Gourd\BG05_CAIRrlder\CAIR-BGD-2025 Annotated Dataset\Bottle Gourd Disease Augmented Dataset\Dry Leaf\Dry Leaf00019_rotated_727.jpg || D:\AI_Agriculture_Dataset\RAW_DATASETS\Bottle_Gourd\BG05_CAIRrlder\CAIR-BGD-2025 Annotated Dataset\Bottle Gourd Disease Augmented Dataset\Dry Leaf\Dry Leaf00019_rotated_876.jpg
637,486315bc5cf3b8b0bfe2a79224221182a6cc374f2e8d8956d214bb73f2df7f03,2,WITHIN_DATASET,BG05_CAIR,D:\AI_Agriculture_Dataset\RAW_DATASETS\Bottle_Gourd\BG05_CAIRrlder\CAIR-BGD-2025 Annotated Dataset\Bottle Gourd Disease Augmented Dataset\Dry Leaf\Dry Leaf00019_shifted_748.jpg || D:\AI_Agriculture_Dataset\RAW_DATASETS\Bottle_Gourd\BG05_CAIRrlder\CAIR-BGD-2025 Annotated Dataset\Bottle Gourd Disease Augmented Dataset\Dry Leaf\Dry Leaf00019_shifted_936.jpg
638,83f5c4ed3507dc47f635a5f44b23751180548656b921feb0430a0dadf41518f5,3,WITHIN_DATASET,BG05_CAIR,D:\AI_Agriculture_Dataset\RAW_DATASETS\Bottle_Gourd\BG05_CAIRrlder\CAIR-BGD-2025 Annotated Dataset\Bottle Gourd Disease Augmented Dataset\Dry Leaf\Dry Leaf00020_flipped_516.jpg || D:\AI_Agriculture_Dataset\RAW_DATASETS\Bottle_Gourd\BG05_CAIRrlder\CAIR-BGD-2025 Annotated Dataset\Bottle Gourd Disease Augmented Dataset\Dry Leaf\Dry Leaf00020_flipped_59.jpg || D:\AI_Agriculture_Dataset\RAW_DATASETS\Bottle_Gourd\BG05_CAIRrlder\CAIR-BGD-2025 Annotated Dataset\Bottle Gourd Disease Augmented Dataset\Dry Leaf\Dry Leaf00020_flipped_895.jpg
639,dfcb2b696bc3e6b7f07c8ad8760a3afe11654fec0f5eb7eab9dd338d96b98051,2,WITHIN_DATASET,BG05_CAIR,D:\AI_Agriculture_Dataset\RAW_DATASETS\Bottle_Gourd\BG05_CAIRrlder\CAIR-BGD-2025 Annotated Dataset\Bottle Gourd Disease Augmented Dataset\Dry Leaf\Dry Leaf00022_flipped_407.jpg || D:\AI_Agriculture_Dataset\RAW_DATASETS\Bottle_Gourd\BG05_CAIRrlder\CAIR-BGD-2025 Annotated Dataset\Bottle Gourd Disease Augmented Dataset\Dry Leaf\Dry Leaf00022_flipped_497.jpg
640,bc234a08ef6fb84047fdca9c54c32f3b12cb8209ad2665bdec8ed88dbf19723d,3,WITHIN_DATASET,BG05_CAIR,D:\AI_Agriculture_Dataset\RAW_DATASETS\Bottle_Gourd\BG05_CAIRrlder\CAIR-BGD-2025 Annotated Dataset\Bottle Gourd Disease Augmented Dataset\Dry Leaf\Dry Leaf00022_rotated_1344.jpg || D:\AI_Agriculture_Dataset\RAW_DATASETS\Bottle_Gourd\BG05_CAIRrlder\CAIR-BGD-2025 Annotated Dataset\Bottle Gourd Disease Augmented Dataset\Dry Leaf\Dry Leaf00022_rotated_276.jpg || D:\AI_Agriculture_Dataset\RAW_DATASETS\Bottle_Gourd\BG05_CAIRrlder\CAIR-BGD-2025 Annotated Dataset\Bottle Gourd Disease Augmented Dataset\Dry Leaf\Dry Leaf00022_rotated_31.jpg
641,329672fc13adad6b99386d5ecb7b8d52fe8ae089fac2e0a0c4429ae1f41d20e3,2,WITHIN_DATASET,BG05_CAIR,D:\AI_Agriculture_Dataset\RAW_DATASETS\Bottle_Gourd\BG05_CAIRrlder\CAIR-BGD-2025 Annotated Dataset\Bottle Gourd Disease Augmented Dataset\Dry Leaf\Dry Leaf00023_shifted_1479.jpg || D:\AI_Agriculture_Dataset\RAW_DATASETS\Bottle_Gourd\BG05_CAIRrlder\CAIR-BGD-2025 Annotated Dataset\Bottle Gourd Disease Augmented Dataset\Dry Leaf\Dry Leaf00023_shifted_880.jpg
642,ef6c372e4cdca1db7253ca98663d8807b4d7ca2d7028a91752756b72b71064a5,2,WITHIN_DATASET,BG05_CAIR,D:\AI_Agriculture_Dataset\RAW_DATASETS\Bottle_Gourd\BG05_CAIRrlder\CAIR-BGD-2025 Annotated Dataset\Bottle Gourd Disease Augmented Dataset\Dry Leaf\Dry Leaf00026_rotated_1485.jpg || D:\AI_Agriculture_Dataset\RAW_DATASETS\Bottle_Gourd\BG05_CAIRrlder\CAIR-BGD-2025 Annotated Dataset\Bottle Gourd Disease Augmented Dataset\Dry Leaf\Dry Leaf00026_rotated_770.jpg
643,8091a8c62c9c9c1f0810d4948da47ebb0bfabb91c6b97fc7a0a45fb832eb0801,2,WITHIN_DATASET,BG05_CAIR,D:\AI_Agriculture_Dataset\RAW_DATASETS\Bottle_Gourd\BG05_CAIRrlder\CAIR-BGD-2025 Annotated Dataset\Bottle Gourd Disease Augmented Dataset\Dry Leaf\Dry Leaf00031_rotated_942.jpg || D:\AI_Agriculture_Dataset\RAW_DATASETS\Bottle_Gourd\BG05_CAIRrlder\CAIR-BGD-2025 Annotated Dataset\Bottle Gourd Disease Augmented Dataset\Dry Leaf\Dry Leaf00031_rotated_986.jpg
644,6b821b28d294f7e75d076952962dc6cc5d214b30747a9fb692e1f811318c2e69,2,WITHIN_DATASET,BG05_CAIR,D:\AI_Agriculture_Dataset\RAW_DATASETS\Bottle_Gourd\BG05_CAIRrlder\CAIR-BGD-2025 Annotated Dataset\Bottle Gourd Disease Augmented Dataset\Dry Leaf\Dry Leaf00036_flipped_1091.jpg || D:\AI_Agriculture_Dataset\RAW_DATASETS\Bottle_Gourd\BG05_CAIRrlder\CAIR-BGD-2025 Annotated Dataset\Bottle Gourd Disease Augmented Dataset\Dry Leaf\Dry Leaf00036_flipped_1291.jpg
645,9be9ada9a725e7f8ba82a00fa5fe724e670280e97c4096274de2ff73b2b73808,3,WITHIN_DATASET,BG05_CAIR,D:\AI_Agriculture_Dataset\RAW_DATASETS\Bottle_Gourd\BG05_CAIRrlder\CAIR-BGD-2025 Annotated Dataset\Bottle Gourd Disease Augmented Dataset\Dry Leaf\Dry Leaf00042_flipped_1003.jpg || D:\AI_Agriculture_Dataset\RAW_DATASETS\Bottle_Gourd\BG05_CAIRrlder\CAIR-BGD-2025 Annotated Dataset\Bottle Gourd Disease Augmented Dataset\Dry Leaf\Dry Leaf00042_flipped_180.jpg || D:\AI_Agriculture_Dataset\RAW_DATASETS\Bottle_Gourd\BG05_CAIRrlder\CAIR-BGD-2025 Annotated Dataset\Bottle Gourd Disease Augmented Dataset\Dry Leaf\Dry Leaf00042_flipped_729.jpg
646,1df5321e671720f7c2e6aa0896630ed4b7982edad00bccdd00f7e9aba0d95fdf,2,WITHIN_DATASET,BG05_CAIR,D:\AI_Agriculture_Dataset\RAW_DATASETS\Bottle_Gourd\BG05_CAIRrlder\CAIR-BGD-2025 Annotated Dataset\Bottle Gourd Disease Augmented Dataset\Dry Leaf\Dry Leaf00042_rotated_684.jpg || D:\AI_Agriculture_Dataset\RAW_DATASETS\Bottle_Gourd\BG05_CAIRrlder\CAIR-BGD-2025 Annotated Dataset\Bottle Gourd Disease Augmented Dataset\Dry Leaf\Dry Leaf00042_rotated_910.jpg
647,7b8561b727fed285fbbce7d6b7e92e24bf3847391c45afe5d97d8239782e935f,2,WITHIN_DATASET,BG05_CAIR,D:\AI_Agriculture_Dataset\RAW_DATASETS\Bottle_Gourd\BG05_CAIRrlder\CAIR-BGD-2025 Annotated Dataset\Bottle Gourd Disease Augmented Dataset\Dry Leaf\Dry Leaf00042_shifted_1171.jpg || D:\AI_Agriculture_Dataset\RAW_DATASETS\Bottle_Gourd\BG05_CAIRrlder\CAIR-BGD-2025 Annotated Dataset\Bottle Gourd Disease Augmented Dataset\Dry Leaf\Dry Leaf00042_shifted_1443.jpg
648,f61d3c1ef66c7ce22fe4838a4d2f4b629530f047c6abbfc1ef654a61436fc488,3,WITHIN_DATASET,BG05_CAIR,D:\AI_Agriculture_Dataset\RAW_DATASETS\Bottle_Gourd\BG05_CAIRrlder\CAIR-BGD-2025 Annotated Dataset\Bottle Gourd Disease Augmented Dataset\Dry Leaf\Dry Leaf00043_flipped_1323.jpg || D:\AI_Agriculture_Dataset\RAW_DATASETS\Bottle_Gourd\BG05_CAIRrlder\CAIR-BGD-2025 Annotated Dataset\Bottle Gourd Disease Augmented Dataset\Dry Leaf\Dry Leaf00043_flipped_339.jpg || D:\AI_Agriculture_Dataset\RAW_DATASETS\Bottle_Gourd\BG05_CAIRrlder\CAIR-BGD-2025 Annotated Dataset\Bottle Gourd Disease Augmented Dataset\Dry Leaf\Dry Leaf00043_flipped_45.jpg
649,ef3bf6d4396ca890d4acbba694f5b39b163a9b76e81d0f2c82852e00cd341745,3,WITHIN_DATASET,BG05_CAIR,D:\AI_Agriculture_Dataset\RAW_DATASETS\Bottle_Gourd\BG05_CAIRrlder\CAIR-BGD-2025 Annotated Dataset\Bottle Gourd Disease Augmented Dataset\Dry Leaf\Dry Leaf00044_flipped_0.jpg || D:\AI_Agriculture_Dataset\RAW_DATASETS\Bottle_Gourd\BG05_CAIRrlder\CAIR-BGD-2025 Annotated Dataset\Bottle Gourd Disease Augmented Dataset\Dry Leaf\Dry Leaf00044_flipped_88.jpg || D:\AI_Agriculture_Dataset\RAW_DATASETS\Bottle_Gourd\BG05_CAIRrlder\CAIR-BGD-2025 Annotated Dataset\Bottle Gourd Disease Augmented Dataset\Dry Leaf\Dry Leaf00044_flipped_90.jpg
650,693e5a9f3560733dd140bc6848a52769fad6cd0e34e42f6b8f0a683862985d19,2,WITHIN_DATASET,BG05_CAIR,D:\AI_Agriculture_Dataset\RAW_DATASETS\Bottle_Gourd\BG05_CAIRrlder\CAIR-BGD-2025 Annotated Dataset\Bottle Gourd Disease Augmented Dataset\Dry Leaf\Dry Leaf00045_flipped_1235.jpg || D:\AI_Agriculture_Dataset\RAW_DATASETS\Bottle_Gourd\BG05_CAIRrlder\CAIR-BGD-2025 Annotated Dataset\Bottle Gourd Disease Augmented Dataset\Dry Leaf\Dry Leaf00045_flipped_953.jpg
651,bc9510068ece2d4ce993d6fa926d0c276338715db0355f0905619af110ce1e5f,2,WITHIN_DATASET,BG05_CAIR,D:\AI_Agriculture_Dataset\RAW_DATASETS\Bottle_Gourd\BG05_CAIRrlder\CAIR-BGD-2025 Annotated Dataset\Bottle Gourd Disease Augmented Dataset\Dry Leaf\Dry Leaf00046_flipped_551.jpg || D:\AI_Agriculture_Dataset\RAW_DATASETS\Bottle_Gourd\BG05_CAIRrlder\CAIR-BGD-2025 Annotated Dataset\Bottle Gourd Disease Augmented Dataset\Dry Leaf\Dry Leaf00046_flipped_887.jpg
652,2ca89cf920e5a16d50417c2a064c0c9630097b7ae795cd8df4c6983858dc9abd,3,WITHIN_DATASET,BG05_CAIR,D:\AI_Agriculture_Dataset\RAW_DATASETS\Bottle_Gourd\BG05_CAIRrlder\CAIR-BGD-2025 Annotated Dataset\Bottle Gourd Disease Augmented Dataset\Dry Leaf\Dry Leaf00055_rotated_1314.jpg || D:\AI_Agriculture_Dataset\RAW_DATASETS\Bottle_Gourd\BG05_CAIRrlder\CAIR-BGD-2025 Annotated Dataset\Bottle Gourd Disease Augmented Dataset\Dry Leaf\Dry Leaf00055_rotated_304.jpg || D:\AI_Agriculture_Dataset\RAW_DATASETS\Bottle_Gourd\BG05_CAIRrlder\CAIR-BGD-2025 Annotated Dataset\Bottle Gourd Disease Augmented Dataset\Dry Leaf\Dry Leaf00055_rotated_823.jpg
653,60b6f391fbed4906904d4876d40dda3784d708605d532a780a0be22ef7cbaf79,3,WITHIN_DATASET,BG05_CAIR,D:\AI_Agriculture_Dataset\RAW_DATASETS\Bottle_Gourd\BG05_CAIRrlder\CAIR-BGD-2025 Annotated Dataset\Bottle Gourd Disease Augmented Dataset\Dry Leaf\Dry Leaf00057_flipped_1272.jpg || D:\AI_Agriculture_Dataset\RAW_DATASETS\Bottle_Gourd\BG05_CAIRrlder\CAIR-BGD-2025 Annotated Dataset\Bottle Gourd Disease Augmented Dataset\Dry Leaf\Dry Leaf00057_flipped_253.jpg || D:\AI_Agriculture_Dataset\RAW_DATASETS\Bottle_Gourd\BG05_CAIRrlder\CAIR-BGD-2025 Annotated Dataset\Bottle Gourd Disease Augmented Dataset\Dry Leaf\Dry Leaf00057_flipped_979.jpg
654,6153d73c6b07c67e9f98b7afc577d67bf9a00b56259893af0ed4719a11bfa1f5,3,WITHIN_DATASET,BG05_CAIR,D:\AI_Agriculture_Dataset\RAW_DATASETS\Bottle_Gourd\BG05_CAIRrlder\CAIR-BGD-2025 Annotated Dataset\Bottle Gourd Disease Augmented Dataset\Dry Leaf\Dry Leaf00059_flipped_1133.jpg || D:\AI_Agriculture_Dataset\RAW_DATASETS\Bottle_Gourd\BG05_CAIRrlder\CAIR-BGD-2025 Annotated Dataset\Bottle Gourd Disease Augmented Dataset\Dry Leaf\Dry Leaf00059_flipped_663.jpg || D:\AI_Agriculture_Dataset\RAW_DATASETS\Bottle_Gourd\BG05_CAIRrlder\CAIR-BGD-2025 Annotated Dataset\Bottle Gourd Disease Augmented Dataset\Dry Leaf\Dry Leaf00059_flipped_781.jpg
655,fed7b9d76989f1636ee31483fac7d2ce7a687fac051eeeda4c3f7875f4e0b0d7,2,WITHIN_DATASET,BG05_CAIR,D:\AI_Agriculture_Dataset\RAW_DATASETS\Bottle_Gourd\BG05_CAIRrlder\CAIR-BGD-2025 Annotated Dataset\Bottle Gourd Disease Augmented Dataset\Dry Leaf\Dry Leaf00062_flipped_923.jpg || D:\AI_Agriculture_Dataset\RAW_DATASETS\Bottle_Gourd\BG05_CAIRrlder\CAIR-BGD-2025 Annotated Dataset\Bottle Gourd Disease Augmented Dataset\Dry Leaf\Dry Leaf00062_flipped_962.jpg
656,3c8c53e23f3aaa02a84f30b70450fc0c2521d1b2f59ccb12e6de8b6e62a106f9,2,WITHIN_DATASET,BG05_CAIR,D:\AI_Agriculture_Dataset\RAW_DATASETS\Bottle_Gourd\BG05_CAIRrlder\CAIR-BGD-2025 Annotated Dataset\Bottle Gourd Disease Augmented Dataset\Dry Leaf\Dry Leaf00066_rotated_1011.jpg || D:\AI_Agriculture_Dataset\RAW_DATASETS\Bottle_Gourd\BG05_CAIRrlder\CAIR-BGD-2025 Annotated Dataset\Bottle Gourd Disease Augmented Dataset\Dry Leaf\Dry Leaf00066_rotated_1326.jpg
657,613fc2537e43b2183cdca3abdf4db01570a00ca5f9adf538dce86ce941ce3ad1,3,WITHIN_DATASET,BG05_CAIR,D:\AI_Agriculture_Dataset\RAW_DATASETS\Bottle_Gourd\BG05_CAIRrlder\CAIR-BGD-2025 Annotated Dataset\Bottle Gourd Disease Augmented Dataset\Dry Leaf\Dry Leaf00069_rotated_142.jpg || D:\AI_Agriculture_Dataset\RAW_DATASETS\Bottle_Gourd\BG05_CAIRrlder\CAIR-BGD-2025 Annotated Dataset\Bottle Gourd Disease Augmented Dataset\Dry Leaf\Dry Leaf00069_rotated_295.jpg || D:\AI_Agriculture_Dataset\RAW_DATASETS\Bottle_Gourd\BG05_CAIRrlder\CAIR-BGD-2025 Annotated Dataset\Bottle Gourd Disease Augmented Dataset\Dry Leaf\Dry Leaf00069_rotated_513.jpg
658,9f4136bf01b1c0f18de3565c86aa42d98f27805036eee2337590cc56bcca2dd8,2,WITHIN_DATASET,BG05_CAIR,D:\AI_Agriculture_Dataset\RAW_DATASETS\Bottle_Gourd\BG05_CAIRrlder\CAIR-BGD-2025 Annotated Dataset\Bottle Gourd Disease Augmented Dataset\Dry Leaf\Dry Leaf00069_shifted_1104.jpg || D:\AI_Agriculture_Dataset\RAW_DATASETS\Bottle_Gourd\BG05_CAIRrlder\CAIR-BGD-2025 Annotated Dataset\Bottle Gourd Disease Augmented Dataset\Dry Leaf\Dry Leaf00069_shifted_605.jpg
659,92970987a5a537751c773432e2d9b84d0a2e5de89163fef5d6962a19cec1545f,2,WITHIN_DATASET,BG05_CAIR,D:\AI_Agriculture_Dataset\RAW_DATASETS\Bottle_Gourd\BG05_CAIRrlder\CAIR-BGD-2025 Annotated Dataset\Bottle Gourd Disease Augmented Dataset\Dry Leaf\Dry Leaf00070_shifted_1280.jpg || D:\AI_Agriculture_Dataset\RAW_DATASETS\Bottle_Gourd\BG05_CAIRrlder\CAIR-BGD-2025 Annotated Dataset\Bottle Gourd Disease Augmented Dataset\Dry Leaf\Dry Leaf00070_shifted_370.jpg
660,04a304073ed27bbf4cb43a954964ba90bfcbda04d5ae96b793afc9e50db6de49,4,WITHIN_DATASET,BG05_CAIR,D:\AI_Agriculture_Dataset\RAW_DATASETS\Bottle_Gourd\BG05_CAIRrlder\CAIR-BGD-2025 Annotated Dataset\Bottle Gourd Disease Augmented Dataset\Dry Leaf\Dry Leaf00074_shifted_1116.jpg || D:\AI_Agriculture_Dataset\RAW_DATASETS\Bottle_Gourd\BG05_CAIRrlder\CAIR-BGD-2025 Annotated Dataset\Bottle Gourd Disease Augmented Dataset\Dry Leaf\Dry Leaf00074_shifted_1187.jpg || D:\AI_Agriculture_Dataset\RAW_DATASETS\Bottle_Gourd\BG05_CAIRrlder\CAIR-BGD-2025 Annotated Dataset\Bottle Gourd Disease Augmented Dataset\Dry Leaf\Dry Leaf00074_shifted_1365.jpg || D:\AI_Agriculture_Dataset\RAW_DATASETS\Bottle_Gourd\BG05_CAIRrlder\CAIR-BGD-2025 Annotated Dataset\Bottle Gourd Disease Augmented Dataset\Dry Leaf\Dry Leaf00074_shifted_549.jpg
661,b66c046aa9757a222ddd300e1a808974a21015a04bbc405b88b6ef9ccf4604f3,2,WITHIN_DATASET,BG05_CAIR,D:\AI_Agriculture_Dataset\RAW_DATASETS\Bottle_Gourd\BG05_CAIRrlder\CAIR-BGD-2025 Annotated Dataset\Bottle Gourd Disease Augmented Dataset\Dry Leaf\Dry Leaf00077_rotated_144.jpg || D:\AI_Agriculture_Dataset\RAW_DATASETS\Bottle_Gourd\BG05_CAIRrlder\CAIR-BGD-2025 Annotated Dataset\Bottle Gourd Disease Augmented Dataset\Dry Leaf\Dry Leaf00077_rotated_363.jpg
662,44122653f8c391dbf6ffe494d06a4968890a5bc38086f1f5218ec41a76ecf82f,2,WITHIN_DATASET,BG05_CAIR,D:\AI_Agriculture_Dataset\RAW_DATASETS\Bottle_Gourd\BG05_CAIRrlder\CAIR-BGD-2025 Annotated Dataset\Bottle Gourd Disease Augmented Dataset\Dry Leaf\Dry Leaf00079_rotated_1125.jpg || D:\AI_Agriculture_Dataset\RAW_DATASETS\Bottle_Gourd\BG05_CAIRrlder\CAIR-BGD-2025 Annotated Dataset\Bottle Gourd Disease Augmented Dataset\Dry Leaf\Dry Leaf00079_rotated_445.jpg
663,7714c43765ebfb4f2c1bdfe1fe034101a3ccfd34e94fde7cf4253b511efa178b,2,WITHIN_DATASET,BG05_CAIR,D:\AI_Agriculture_Dataset\RAW_DATASETS\Bottle_Gourd\BG05_CAIRrlder\CAIR-BGD-2025 Annotated Dataset\Bottle Gourd Disease Augmented Dataset\Dry Leaf\Dry Leaf00083_flipped_261.jpg || D:\AI_Agriculture_Dataset\RAW_DATASETS\Bottle_Gourd\BG05_CAIRrlder\CAIR-BGD-2025 Annotated Dataset\Bottle Gourd Disease Augmented Dataset\Dry Leaf\Dry Leaf00083_flipped_420.jpg
664,b751687b8aa754b53cda8877642330c236e7e56b0b9314d4aab4db0be3e1330b,2,WITHIN_DATASET,BG05_CAIR,D:\AI_Agriculture_Dataset\RAW_DATASETS\Bottle_Gourd\BG05_CAIRrlder\CAIR-BGD-2025 Annotated Dataset\Bottle Gourd Disease Augmented Dataset\Dry Leaf\Dry Leaf00088_flipped_1255.jpg || D:\AI_Agriculture_Dataset\RAW_DATASETS\Bottle_Gourd\BG05_CAIRrlder\CAIR-BGD-2025 Annotated Dataset\Bottle Gourd Disease Augmented Dataset\Dry Leaf\Dry Leaf00088_flipped_209.jpg
665,1464f474311c9e181393437751343a377483dd9ac7616db85632bbd5eb924a1b,2,WITHIN_DATASET,BG05_CAIR,D:\AI_Agriculture_Dataset\RAW_DATASETS\Bottle_Gourd\BG05_CAIRrlder\CAIR-BGD-2025 Annotated Dataset\Bottle Gourd Disease Augmented Dataset\Dry Leaf\Dry Leaf00091_flipped_1015.jpg || D:\AI_Agriculture_Dataset\RAW_DATASETS\Bottle_Gourd\BG05_CAIRrlder\CAIR-BGD-2025 Annotated Dataset\Bottle Gourd Disease Augmented Dataset\Dry Leaf\Dry Leaf00091_flipped_1286.jpg
666,d88f63e763405b533db1aef99a7a14fd2df08fffee6eb9e47f1be293b7ddb290,2,WITHIN_DATASET,BG05_CAIR,D:\AI_Agriculture_Dataset\RAW_DATASETS\Bottle_Gourd\BG05_CAIRrlder\CAIR-BGD-2025 Annotated Dataset\Bottle Gourd Disease Augmented Dataset\Dry Leaf\Dry Leaf00092_shifted_53.jpg || D:\AI_Agriculture_Dataset\RAW_DATASETS\Bottle_Gourd\BG05_CAIRrlder\CAIR-BGD-2025 Annotated Dataset\Bottle Gourd Disease Augmented Dataset\Dry Leaf\Dry Leaf00092_shifted_808.jpg
667,f5777820f403ea62c7afa841cb87f9fa7e017f6ccfdabbd3d0a94d62a52ef3a0,2,WITHIN_DATASET,BG05_CAIR,D:\AI_Agriculture_Dataset\RAW_DATASETS\Bottle_Gourd\BG05_CAIRrlder\CAIR-BGD-2025 Annotated Dataset\Bottle Gourd Disease Augmented Dataset\Dry Leaf\Dry Leaf00093_flipped_643.jpg || D:\AI_Agriculture_Dataset\RAW_DATASETS\Bottle_Gourd\BG05_CAIRrlder\CAIR-BGD-2025 Annotated Dataset\Bottle Gourd Disease Augmented Dataset\Dry Leaf\Dry Leaf00093_flipped_98.jpg
668,471a737e771c11df334ed7971338600712d6d5581235dd4b1c4f6dad10b40155,2,WITHIN_DATASET,BG05_CAIR,D:\AI_Agriculture_Dataset\RAW_DATASETS\Bottle_Gourd\BG05_CAIRrlder\CAIR-BGD-2025 Annotated Dataset\Bottle Gourd Disease Augmented Dataset\Dry Leaf\Dry Leaf00094_flipped_581.jpg || D:\AI_Agriculture_Dataset\RAW_DATASETS\Bottle_Gourd\BG05_CAIRrlder\CAIR-BGD-2025 Annotated Dataset\Bottle Gourd Disease Augmented Dataset\Dry Leaf\Dry Leaf00094_flipped_620.jpg
669,16737b24a35bbf205d3297b4797da7136b464558569adef904420472a1cf243d,2,WITHIN_DATASET,BG05_CAIR,D:\AI_Agriculture_Dataset\RAW_DATASETS\Bottle_Gourd\BG05_CAIRrlder\CAIR-BGD-2025 Annotated Dataset\Bottle Gourd Disease Augmented Dataset\Dry Leaf\Dry Leaf00096_rotated_1033.jpg || D:\AI_Agriculture_Dataset\RAW_DATASETS\Bottle_Gourd\BG05_CAIRrlder\CAIR-BGD-2025 Annotated Dataset\Bottle Gourd Disease Augmented Dataset\Dry Leaf\Dry Leaf00096_rotated_946.jpg
670,69f86ec5be4c84939e8950e88eef9300b8e7cfdebabd828964a33390b5b46180,2,WITHIN_DATASET,BG05_CAIR,D:\AI_Agriculture_Dataset\RAW_DATASETS\Bottle_Gourd\BG05_CAIRrlder\CAIR-BGD-2025 Annotated Dataset\Bottle Gourd Disease Augmented Dataset\Dry Leaf\Dry Leaf00096_shifted_30.jpg || D:\AI_Agriculture_Dataset\RAW_DATASETS\Bottle_Gourd\BG05_CAIRrlder\CAIR-BGD-2025 Annotated Dataset\Bottle Gourd Disease Augmented Dataset\Dry Leaf\Dry Leaf00096_shifted_546.jpg
671,ce2168f01566515e6788558d6a4a199afe46cf6ffb79bbcbbd4efb2c357bb015,2,WITHIN_DATASET,BG05_CAIR,D:\AI_Agriculture_Dataset\RAW_DATASETS\Bottle_Gourd\BG05_CAIRrlder\CAIR-BGD-2025 Annotated Dataset\Bottle Gourd Disease Augmented Dataset\Dry Leaf\Dry Leaf00097_shifted_38.jpg || D:\AI_Agriculture_Dataset\RAW_DATASETS\Bottle_Gourd\BG05_CAIRrlder\CAIR-BGD-2025 Annotated Dataset\Bottle Gourd Disease Augmented Dataset\Dry Leaf\Dry Leaf00097_shifted_481.jpg
672,5ef986526e0f7f97e5b6f96907ac795050c69ac1d8dc8851a668f4622535dbdd,2,WITHIN_DATASET,BG05_CAIR,D:\AI_Agriculture_Dataset\RAW_DATASETS\Bottle_Gourd\BG05_CAIRrlder\CAIR-BGD-2025 Annotated Dataset\Bottle Gourd Disease Augmented Dataset\Dry Leaf\Dry Leaf00101_rotated_1493.jpg || D:\AI_Agriculture_Dataset\RAW_DATASETS\Bottle_Gourd\BG05_CAIRrlder\CAIR-BGD-2025 Annotated Dataset\Bottle Gourd Disease Augmented Dataset\Dry Leaf\Dry Leaf00101_rotated_601.jpg
673,00295ba6c5d3704ea2dc4be6495c604e5677cee965e5aa0d162f597dcc43e750,2,WITHIN_DATASET,BG05_CAIR,D:\AI_Agriculture_Dataset\RAW_DATASETS\Bottle_Gourd\BG05_CAIRrlder\CAIR-BGD-2025 Annotated Dataset\Bottle Gourd Disease Augmented Dataset\Dry Leaf\Dry Leaf00102_rotated_511.jpg || D:\AI_Agriculture_Dataset\RAW_DATASETS\Bottle_Gourd\BG05_CAIRrlder\CAIR-BGD-2025 Annotated Dataset\Bottle Gourd Disease Augmented Dataset\Dry Leaf\Dry Leaf00102_rotated_903.jpg
674,39feac532d26c3dd1c160165ea3f96a235caf6f8265882e4b251886a507679cd,2,WITHIN_DATASET,BG05_CAIR,D:\AI_Agriculture_Dataset\RAW_DATASETS\Bottle_Gourd\BG05_CAIRrlder\CAIR-BGD-2025 Annotated Dataset\Bottle Gourd Disease Augmented Dataset\Dry Leaf\Dry Leaf00108_rotated_1474.jpg || D:\AI_Agriculture_Dataset\RAW_DATASETS\Bottle_Gourd\BG05_CAIRrlder\CAIR-BGD-2025 Annotated Dataset\Bottle Gourd Disease Augmented Dataset\Dry Leaf\Dry Leaf00108_rotated_984.jpg
675,682d29fa0cc799154322976585e3c59fd7f959a81cf40d0610644ca6af467c51,2,WITHIN_DATASET,BG05_CAIR,D:\AI_Agriculture_Dataset\RAW_DATASETS\Bottle_Gourd\BG05_CAIRrlder\CAIR-BGD-2025 Annotated Dataset\Bottle Gourd Disease Augmented Dataset\Dry Leaf\Dry Leaf00110_flipped_1265.jpg || D:\AI_Agriculture_Dataset\RAW_DATASETS\Bottle_Gourd\BG05_CAIRrlder\CAIR-BGD-2025 Annotated Dataset\Bottle Gourd Disease Augmented Dataset\Dry Leaf\Dry Leaf00110_flipped_1350.jpg
676,e91721276fa9ba1808102b3f2e006e38e059d9b23abf6d4d654924856b05fac0,2,WITHIN_DATASET,BG05_CAIR,D:\AI_Agriculture_Dataset\RAW_DATASETS\Bottle_Gourd\BG05_CAIRrlder\CAIR-BGD-2025 Annotated Dataset\Bottle Gourd Disease Augmented Dataset\Dry Leaf\Dry Leaf00113_flipped_553.jpg || D:\AI_Agriculture_Dataset\RAW_DATASETS\Bottle_Gourd\BG05_CAIRrlder\CAIR-BGD-2025 Annotated Dataset\Bottle Gourd Disease Augmented Dataset\Dry Leaf\Dry Leaf00113_flipped_840.jpg
677,8f5221dec2b631f1d53583e958b45d0531002407151e9b5239eeb0bf8ce43c69,2,WITHIN_DATASET,BG05_CAIR,D:\AI_Agriculture_Dataset\RAW_DATASETS\Bottle_Gourd\BG05_CAIRrlder\CAIR-BGD-2025 Annotated Dataset\Bottle Gourd Disease Augmented Dataset\Dry Leaf\Dry Leaf00114_shifted_1335.jpg || D:\AI_Agriculture_Dataset\RAW_DATASETS\Bottle_Gourd\BG05_CAIRrlder\CAIR-BGD-2025 Annotated Dataset\Bottle Gourd Disease Augmented Dataset\Dry Leaf\Dry Leaf00114_shifted_600.jpg
678,6b4284ee652995525f651287777af76ab337275e4e120b6225bb4d2c0ac63506,2,WITHIN_DATASET,BG05_CAIR,D:\AI_Agriculture_Dataset\RAW_DATASETS\Bottle_Gourd\BG05_CAIRrlder\CAIR-BGD-2025 Annotated Dataset\Bottle Gourd Disease Augmented Dataset\Dry Leaf\Dry Leaf00115_rotated_1345.jpg || D:\AI_Agriculture_Dataset\RAW_DATASETS\Bottle_Gourd\BG05_CAIRrlder\CAIR-BGD-2025 Annotated Dataset\Bottle Gourd Disease Augmented Dataset\Dry Leaf\Dry Leaf00115_rotated_473.jpg
679,123368a04885a9a2ccc83bfef46c56f2d6317c374cf1c3d76c38274036c2ec7d,2,WITHIN_DATASET,BG05_CAIR,D:\AI_Agriculture_Dataset\RAW_DATASETS\Bottle_Gourd\BG05_CAIRrlder\CAIR-BGD-2025 Annotated Dataset\Bottle Gourd Disease Augmented Dataset\Dry Leaf\Dry Leaf00116_rotated_275.jpg || D:\AI_Agriculture_Dataset\RAW_DATASETS\Bottle_Gourd\BG05_CAIRrlder\CAIR-BGD-2025 Annotated Dataset\Bottle Gourd Disease Augmented Dataset\Dry Leaf\Dry Leaf00116_rotated_68.jpg
680,7a12fe3fbcf6f139b86755254873db25ff99965d0c68c1f44d4e7cf61ef0dc6d,4,WITHIN_DATASET,BG05_CAIR,D:\AI_Agriculture_Dataset\RAW_DATASETS\Bottle_Gourd\BG05_CAIRrlder\CAIR-BGD-2025 Annotated Dataset\Bottle Gourd Disease Augmented Dataset\Dry Leaf\Dry Leaf00117_rotated_1010.jpg || D:\AI_Agriculture_Dataset\RAW_DATASETS\Bottle_Gourd\BG05_CAIRrlder\CAIR-BGD-2025 Annotated Dataset\Bottle Gourd Disease Augmented Dataset\Dry Leaf\Dry Leaf00117_rotated_7.jpg || D:\AI_Agriculture_Dataset\RAW_DATASETS\Bottle_Gourd\BG05_CAIRrlder\CAIR-BGD-2025 Annotated Dataset\Bottle Gourd Disease Augmented Dataset\Dry Leaf\Dry Leaf00117_rotated_751.jpg || D:\AI_Agriculture_Dataset\RAW_DATASETS\Bottle_Gourd\BG05_CAIRrlder\CAIR-BGD-2025 Annotated Dataset\Bottle Gourd Disease Augmented Dataset\Dry Leaf\Dry Leaf00117_rotated_791.jpg
681,ccb01c13a36291f54a4b43197306124354af537596b4bb71520b93b6e02b0b70,3,WITHIN_DATASET,BG05_CAIR,D:\AI_Agriculture_Dataset\RAW_DATASETS\Bottle_Gourd\BG05_CAIRrlder\CAIR-BGD-2025 Annotated Dataset\Bottle Gourd Disease Augmented Dataset\Dry Leaf\Dry Leaf00119_rotated_277.jpg || D:\AI_Agriculture_Dataset\RAW_DATASETS\Bottle_Gourd\BG05_CAIRrlder\CAIR-BGD-2025 Annotated Dataset\Bottle Gourd Disease Augmented Dataset\Dry Leaf\Dry Leaf00119_rotated_514.jpg || D:\AI_Agriculture_Dataset\RAW_DATASETS\Bottle_Gourd\BG05_CAIRrlder\CAIR-BGD-2025 Annotated Dataset\Bottle Gourd Disease Augmented Dataset\Dry Leaf\Dry Leaf00119_rotated_711.jpg
682,6b737a6b2beb8dfd2b123e64e57cd6522817a0ba5374462a1cb48198850c5db6,2,WITHIN_DATASET,BG05_CAIR,D:\AI_Agriculture_Dataset\RAW_DATASETS\Bottle_Gourd\BG05_CAIRrlder\CAIR-BGD-2025 Annotated Dataset\Bottle Gourd Disease Augmented Dataset\Dry Leaf\Dry Leaf00120_rotated_1342.jpg || D:\AI_Agriculture_Dataset\RAW_DATASETS\Bottle_Gourd\BG05_CAIRrlder\CAIR-BGD-2025 Annotated Dataset\Bottle Gourd Disease Augmented Dataset\Dry Leaf\Dry Leaf00120_rotated_509.jpg
683,701265d0cf640c4675143eb4ee08a75005ca198412c415394c50f5afa3debbe5,2,WITHIN_DATASET,BG05_CAIR,D:\AI_Agriculture_Dataset\RAW_DATASETS\Bottle_Gourd\BG05_CAIRrlder\CAIR-BGD-2025 Annotated Dataset\Bottle Gourd Disease Augmented Dataset\Dry Leaf\Dry Leaf00121_shifted_42.jpg || D:\AI_Agriculture_Dataset\RAW_DATASETS\Bottle_Gourd\BG05_CAIRrlder\CAIR-BGD-2025 Annotated Dataset\Bottle Gourd Disease Augmented Dataset\Dry Leaf\Dry Leaf00121_shifted_467.jpg
684,5b0de48aec8dbe16941957087e2768f69d9bdaa327a34710b5ef230f1254eea1,2,WITHIN_DATASET,BG05_CAIR,D:\AI_Agriculture_Dataset\RAW_DATASETS\Bottle_Gourd\BG05_CAIRrlder\CAIR-BGD-2025 Annotated Dataset\Bottle Gourd Disease Augmented Dataset\Dry Leaf\Dry Leaf00122_flipped_1409.jpg || D:\AI_Agriculture_Dataset\RAW_DATASETS\Bottle_Gourd\BG05_CAIRrlder\CAIR-BGD-2025 Annotated Dataset\Bottle Gourd Disease Augmented Dataset\Dry Leaf\Dry Leaf00122_flipped_458.jpg
685,0a975bb61db59c1fe27272ee4bb406c4ca76b700e8067507339cc256b218fea8,3,WITHIN_DATASET,BG05_CAIR,D:\AI_Agriculture_Dataset\RAW_DATASETS\Bottle_Gourd\BG05_CAIRrlder\CAIR-BGD-2025 Annotated Dataset\Bottle Gourd Disease Augmented Dataset\Dry Leaf\Dry Leaf00122_rotated_1100.jpg || D:\AI_Agriculture_Dataset\RAW_DATASETS\Bottle_Gourd\BG05_CAIRrlder\CAIR-BGD-2025 Annotated Dataset\Bottle Gourd Disease Augmented Dataset\Dry Leaf\Dry Leaf00122_rotated_1457.jpg || D:\AI_Agriculture_Dataset\RAW_DATASETS\Bottle_Gourd\BG05_CAIRrlder\CAIR-BGD-2025 Annotated Dataset\Bottle Gourd Disease Augmented Dataset\Dry Leaf\Dry Leaf00122_rotated_338.jpg
686,9a2645a727f2ed095629ce8e535cff126384e3926ce51fed85b48e98ca63bc4e,3,WITHIN_DATASET,BG05_CAIR,D:\AI_Agriculture_Dataset\RAW_DATASETS\Bottle_Gourd\BG05_CAIRrlder\CAIR-BGD-2025 Annotated Dataset\Bottle Gourd Disease Augmented Dataset\Dry Leaf\Dry Leaf00123_rotated_239.jpg || D:\AI_Agriculture_Dataset\RAW_DATASETS\Bottle_Gourd\BG05_CAIRrlder\CAIR-BGD-2025 Annotated Dataset\Bottle Gourd Disease Augmented Dataset\Dry Leaf\Dry Leaf00123_rotated_539.jpg || D:\AI_Agriculture_Dataset\RAW_DATASETS\Bottle_Gourd\BG05_CAIRrlder\CAIR-BGD-2025 Annotated Dataset\Bottle Gourd Disease Augmented Dataset\Dry Leaf\Dry Leaf00123_rotated_857.jpg
687,d356f9d1ce6d0b9ff8bb948a07756ef1029d1120d6161887eb544db3a346bf2f,2,WITHIN_DATASET,BG05_CAIR,D:\AI_Agriculture_Dataset\RAW_DATASETS\Bottle_Gourd\BG05_CAIRrlder\CAIR-BGD-2025 Annotated Dataset\Bottle Gourd Disease Augmented Dataset\Dry Leaf\Dry Leaf00126_shifted_1193.jpg || D:\AI_Agriculture_Dataset\RAW_DATASETS\Bottle_Gourd\BG05_CAIRrlder\CAIR-BGD-2025 Annotated Dataset\Bottle Gourd Disease Augmented Dataset\Dry Leaf\Dry Leaf00126_shifted_1376.jpg
688,d83789c9b75312a7851b5da524373c96fdbf064f23eae794b15669af1a23af5c,2,WITHIN_DATASET,BG05_CAIR,D:\AI_Agriculture_Dataset\RAW_DATASETS\Bottle_Gourd\BG05_CAIRrlder\CAIR-BGD-2025 Annotated Dataset\Bottle Gourd Disease Augmented Dataset\Dry Leaf\Dry Leaf00130_rotated_1083.jpg || D:\AI_Agriculture_Dataset\RAW_DATASETS\Bottle_Gourd\BG05_CAIRrlder\CAIR-BGD-2025 Annotated Dataset\Bottle Gourd Disease Augmented Dataset\Dry Leaf\Dry Leaf00130_rotated_815.jpg
689,7ea26c63a84ea3ef7f355fc7312dda46580ddecdc2a3016fe14dea5e3b4e6bcb,2,WITHIN_DATASET,BG05_CAIR,D:\AI_Agriculture_Dataset\RAW_DATASETS\Bottle_Gourd\BG05_CAIRrlder\CAIR-BGD-2025 Annotated Dataset\Bottle Gourd Disease Augmented Dataset\Dry Leaf\Dry Leaf00132_shifted_1164.jpg || D:\AI_Agriculture_Dataset\RAW_DATASETS\Bottle_Gourd\BG05_CAIRrlder\CAIR-BGD-2025 Annotated Dataset\Bottle Gourd Disease Augmented Dataset\Dry Leaf\Dry Leaf00132_shifted_572.jpg
690,62d3b5dcf336421842ffecd2deeaf73f00050fca01291829531de22131561733,2,WITHIN_DATASET,BG05_CAIR,D:\AI_Agriculture_Dataset\RAW_DATASETS\Bottle_Gourd\BG05_CAIRrlder\CAIR-BGD-2025 Annotated Dataset\Bottle Gourd Disease Augmented Dataset\Dry Leaf\Dry Leaf00134_rotated_1276.jpg || D:\AI_Agriculture_Dataset\RAW_DATASETS\Bottle_Gourd\BG05_CAIRrlder\CAIR-BGD-2025 Annotated Dataset\Bottle Gourd Disease Augmented Dataset\Dry Leaf\Dry Leaf00134_rotated_691.jpg
691,99a5a10e39b04e7acf585dcd766a1eb6ab177a9661497f80de4b9489e80d108f,2,WITHIN_DATASET,BG05_CAIR,D:\AI_Agriculture_Dataset\RAW_DATASETS\Bottle_Gourd\BG05_CAIRrlder\CAIR-BGD-2025 Annotated Dataset\Bottle Gourd Disease Augmented Dataset\Dry Leaf\Dry Leaf00136_shifted_1230.jpg || D:\AI_Agriculture_Dataset\RAW_DATASETS\Bottle_Gourd\BG05_CAIRrlder\CAIR-BGD-2025 Annotated Dataset\Bottle Gourd Disease Augmented Dataset\Dry Leaf\Dry Leaf00136_shifted_1339.jpg
692,95e2e6be7ff8cfc9be4056a09c6d95e44c496867ea3d21155fe9e7d57f5bb990,2,WITHIN_DATASET,BG05_CAIR,D:\AI_Agriculture_Dataset\RAW_DATASETS\Bottle_Gourd\BG05_CAIRrlder\CAIR-BGD-2025 Annotated Dataset\Bottle Gourd Disease Augmented Dataset\Dry Leaf\Dry Leaf00139_rotated_184.jpg || D:\AI_Agriculture_Dataset\RAW_DATASETS\Bottle_Gourd\BG05_CAIRrlder\CAIR-BGD-2025 Annotated Dataset\Bottle Gourd Disease Augmented Dataset\Dry Leaf\Dry Leaf00139_rotated_544.jpg
693,3b685a61cbe70671670d3c01c390ad1d98ae05cb5df10cecf0886bb342f2adf5,2,WITHIN_DATASET,BG05_CAIR,D:\AI_Agriculture_Dataset\RAW_DATASETS\Bottle_Gourd\BG05_CAIRrlder\CAIR-BGD-2025 Annotated Dataset\Bottle Gourd Disease Augmented Dataset\Dry Leaf\Dry Leaf00142_rotated_1176.jpg || D:\AI_Agriculture_Dataset\RAW_DATASETS\Bottle_Gourd\BG05_CAIRrlder\CAIR-BGD-2025 Annotated Dataset\Bottle Gourd Disease Augmented Dataset\Dry Leaf\Dry Leaf00142_rotated_648.jpg
694,e4ee6750b87b2d9f487c9302277bcc9ec5b92c36f452aae5396d15f838a9fbda,2,WITHIN_DATASET,BG05_CAIR,D:\AI_Agriculture_Dataset\RAW_DATASETS\Bottle_Gourd\BG05_CAIRrlder\CAIR-BGD-2025 Annotated Dataset\Bottle Gourd Disease Augmented Dataset\Dry Leaf\Dry Leaf00145_shifted_1379.jpg || D:\AI_Agriculture_Dataset\RAW_DATASETS\Bottle_Gourd\BG05_CAIRrlder\CAIR-BGD-2025 Annotated Dataset\Bottle Gourd Disease Augmented Dataset\Dry Leaf\Dry Leaf00145_shifted_8.jpg
695,212cae7534b02a4712c044a01ee8915cf606784307e3e48127ee83d90407db66,3,WITHIN_DATASET,BG05_CAIR,D:\AI_Agriculture_Dataset\RAW_DATASETS\Bottle_Gourd\BG05_CAIRrlder\CAIR-BGD-2025 Annotated Dataset\Bottle Gourd Disease Augmented Dataset\Dry Leaf\Dry Leaf00146_shifted_1244.jpg || D:\AI_Agriculture_Dataset\RAW_DATASETS\Bottle_Gourd\BG05_CAIRrlder\CAIR-BGD-2025 Annotated Dataset\Bottle Gourd Disease Augmented Dataset\Dry Leaf\Dry Leaf00146_shifted_1312.jpg || D:\AI_Agriculture_Dataset\RAW_DATASETS\Bottle_Gourd\BG05_CAIRrlder\CAIR-BGD-2025 Annotated Dataset\Bottle Gourd Disease Augmented Dataset\Dry Leaf\Dry Leaf00146_shifted_681.jpg
696,e36bb3a6556159b8ac9399e134690828728a7f82802b3c0133a5b9cc754ef41a,3,WITHIN_DATASET,BG05_CAIR,D:\AI_Agriculture_Dataset\RAW_DATASETS\Bottle_Gourd\BG05_CAIRrlder\CAIR-BGD-2025 Annotated Dataset\Bottle Gourd Disease Augmented Dataset\Dry Leaf\Dry Leaf00147_flipped_1229.jpg || D:\AI_Agriculture_Dataset\RAW_DATASETS\Bottle_Gourd\BG05_CAIRrlder\CAIR-BGD-2025 Annotated Dataset\Bottle Gourd Disease Augmented Dataset\Dry Leaf\Dry Leaf00147_flipped_1402.jpg || D:\AI_Agriculture_Dataset\RAW_DATASETS\Bottle_Gourd\BG05_CAIRrlder\CAIR-BGD-2025 Annotated Dataset\Bottle Gourd Disease Augmented Dataset\Dry Leaf\Dry Leaf00147_flipped_415.jpg
697,3b826da350a5d765722e659159223c05313f7f1c24cedefd5290517f0023190a,2,WITHIN_DATASET,BG05_CAIR,D:\AI_Agriculture_Dataset\RAW_DATASETS\Bottle_Gourd\BG05_CAIRrlder\CAIR-BGD-2025 Annotated Dataset\Bottle Gourd Disease Augmented Dataset\Dry Leaf\Dry Leaf00149_rotated_266.jpg || D:\AI_Agriculture_Dataset\RAW_DATASETS\Bottle_Gourd\BG05_CAIRrlder\CAIR-BGD-2025 Annotated Dataset\Bottle Gourd Disease Augmented Dataset\Dry Leaf\Dry Leaf00149_rotated_952.jpg
698,76f38059048f186daa1202115e4390efedabb6d93ccfbe78d9181ab04085116e,2,WITHIN_DATASET,BG05_CAIR,D:\AI_Agriculture_Dataset\RAW_DATASETS\Bottle_Gourd\BG05_CAIRrlder\CAIR-BGD-2025 Annotated Dataset\Bottle Gourd Disease Augmented Dataset\Dry Leaf\Dry Leaf00157_shifted_1282.jpg || D:\AI_Agriculture_Dataset\RAW_DATASETS\Bottle_Gourd\BG05_CAIRrlder\CAIR-BGD-2025 Annotated Dataset\Bottle Gourd Disease Augmented Dataset\Dry Leaf\Dry Leaf00157_shifted_1428.jpg
699,2b2b4e621b8289045003774b1601d4f3a8a8811ef11cd4fb3f9004f002a50f2c,3,WITHIN_DATASET,BG05_CAIR,D:\AI_Agriculture_Dataset\RAW_DATASETS\Bottle_Gourd\BG05_CAIRrlder\CAIR-BGD-2025 Annotated Dataset\Bottle Gourd Disease Augmented Dataset\Dry Leaf\Dry Leaf00159_rotated_1352.jpg || D:\AI_Agriculture_Dataset\RAW_DATASETS\Bottle_Gourd\BG05_CAIRrlder\CAIR-BGD-2025 Annotated Dataset\Bottle Gourd Disease Augmented Dataset\Dry Leaf\Dry Leaf00159_rotated_175.jpg || D:\AI_Agriculture_Dataset\RAW_DATASETS\Bottle_Gourd\BG05_CAIRrlder\CAIR-BGD-2025 Annotated Dataset\Bottle Gourd Disease Augmented Dataset\Dry Leaf\Dry Leaf00159_rotated_920.jpg
700,5586bb6d834125f07caed04cf8115f315bcac41f7abc71123d4c1e05cd4691aa,2,WITHIN_DATASET,BG05_CAIR,D:\AI_Agriculture_Dataset\RAW_DATASETS\Bottle_Gourd\BG05_CAIRrlder\CAIR-BGD-2025 Annotated Dataset\Bottle Gourd Disease Augmented Dataset\Dry Leaf\Dry Leaf00162_flipped_463.jpg || D:\AI_Agriculture_Dataset\RAW_DATASETS\Bottle_Gourd\BG05_CAIRrlder\CAIR-BGD-2025 Annotated Dataset\Bottle Gourd Disease Augmented Dataset\Dry Leaf\Dry Leaf00162_flipped_701.jpg
701,3c62d8e0a285699867ab07baa7811f02677d734a349676626dd9d35322dbdf7c,2,WITHIN_DATASET,BG05_CAIR,D:\AI_Agriculture_Dataset\RAW_DATASETS\Bottle_Gourd\BG05_CAIRrlder\CAIR-BGD-2025 Annotated Dataset\Bottle Gourd Disease Augmented Dataset\Dry Leaf\Dry Leaf00164_shifted_1035.jpg || D:\AI_Agriculture_Dataset\RAW_DATASETS\Bottle_Gourd\BG05_CAIRrlder\CAIR-BGD-2025 Annotated Dataset\Bottle Gourd Disease Augmented Dataset\Dry Leaf\Dry Leaf00164_shifted_321.jpg
702,be1717f1a747cbd9b4335445103eabee9808020048c64001924e3b989b77bef3,2,WITHIN_DATASET,BG05_CAIR,D:\AI_Agriculture_Dataset\RAW_DATASETS\Bottle_Gourd\BG05_CAIRrlder\CAIR-BGD-2025 Annotated Dataset\Bottle Gourd Disease Augmented Dataset\Dry Leaf\Dry Leaf00166_rotated_25.jpg || D:\AI_Agriculture_Dataset\RAW_DATASETS\Bottle_Gourd\BG05_CAIRrlder\CAIR-BGD-2025 Annotated Dataset\Bottle Gourd Disease Augmented Dataset\Dry Leaf\Dry Leaf00166_rotated_599.jpg
703,b0ae8fbc70cf08a657348cce77479d0f0b4832e4acd1773149369a46b0ec0108,2,WITHIN_DATASET,BG05_CAIR,D:\AI_Agriculture_Dataset\RAW_DATASETS\Bottle_Gourd\BG05_CAIRrlder\CAIR-BGD-2025 Annotated Dataset\Bottle Gourd Disease Augmented Dataset\Dry Leaf\Dry Leaf00167_flipped_183.jpg || D:\AI_Agriculture_Dataset\RAW_DATASETS\Bottle_Gourd\BG05_CAIRrlder\CAIR-BGD-2025 Annotated Dataset\Bottle Gourd Disease Augmented Dataset\Dry Leaf\Dry Leaf00167_flipped_483.jpg
704,a4fdf120742449d6926b8d94b2424fa344b4ace210c64e9026ce170043c15ad4,2,WITHIN_DATASET,BG05_CAIR,D:\AI_Agriculture_Dataset\RAW_DATASETS\Bottle_Gourd\BG05_CAIRrlder\CAIR-BGD-2025 Annotated Dataset\Bottle Gourd Disease Augmented Dataset\Dry Leaf\Dry Leaf00171_flipped_140.jpg || D:\AI_Agriculture_Dataset\RAW_DATASETS\Bottle_Gourd\BG05_CAIRrlder\CAIR-BGD-2025 Annotated Dataset\Bottle Gourd Disease Augmented Dataset\Dry Leaf\Dry Leaf00171_flipped_673.jpg
705,22076e24d3b95cba5431a3e7d32b1c61301bb8d60805bce2e48c8f8815cc5302,2,WITHIN_DATASET,BG05_CAIR,D:\AI_Agriculture_Dataset\RAW_DATASETS\Bottle_Gourd\BG05_CAIRrlder\CAIR-BGD-2025 Annotated Dataset\Bottle Gourd Disease Augmented Dataset\Dry Leaf\Dry Leaf00173_flipped_1416.jpg || D:\AI_Agriculture_Dataset\RAW_DATASETS\Bottle_Gourd\BG05_CAIRrlder\CAIR-BGD-2025 Annotated Dataset\Bottle Gourd Disease Augmented Dataset\Dry Leaf\Dry Leaf00173_flipped_822.jpg
706,7b9a436231b4c3b8d2c1706ac9afa35047ed80312e70820fb028e92939249dcf,2,WITHIN_DATASET,BG05_CAIR,D:\AI_Agriculture_Dataset\RAW_DATASETS\Bottle_Gourd\BG05_CAIRrlder\CAIR-BGD-2025 Annotated Dataset\Bottle Gourd Disease Augmented Dataset\Dry Leaf\Dry Leaf00177_shifted_356.jpg || D:\AI_Agriculture_Dataset\RAW_DATASETS\Bottle_Gourd\BG05_CAIRrlder\CAIR-BGD-2025 Annotated Dataset\Bottle Gourd Disease Augmented Dataset\Dry Leaf\Dry Leaf00177_shifted_433.jpg
707,e0214f0c11b663c0cae550d187358a4a65fb3b271361115ade73877262b52a6e,2,WITHIN_DATASET,BG05_CAIR,D:\AI_Agriculture_Dataset\RAW_DATASETS\Bottle_Gourd\BG05_CAIRrlder\CAIR-BGD-2025 Annotated Dataset\Bottle Gourd Disease Augmented Dataset\Dry Leaf\Dry Leaf00181_flipped_249.jpg || D:\AI_Agriculture_Dataset\RAW_DATASETS\Bottle_Gourd\BG05_CAIRrlder\CAIR-BGD-2025 Annotated Dataset\Bottle Gourd Disease Augmented Dataset\Dry Leaf\Dry Leaf00181_flipped_975.jpg
708,7a3028a76c88cb16bc1fb235692acf6bae3b060198d0da7f565d8c1d9ee7375b,3,WITHIN_DATASET,BG05_CAIR,D:\AI_Agriculture_Dataset\RAW_DATASETS\Bottle_Gourd\BG05_CAIRrlder\CAIR-BGD-2025 Annotated Dataset\Bottle Gourd Disease Augmented Dataset\Dry Leaf\Dry Leaf00181_rotated_1127.jpg || D:\AI_Agriculture_Dataset\RAW_DATASETS\Bottle_Gourd\BG05_CAIRrlder\CAIR-BGD-2025 Annotated Dataset\Bottle Gourd Disease Augmented Dataset\Dry Leaf\Dry Leaf00181_rotated_1303.jpg || D:\AI_Agriculture_Dataset\RAW_DATASETS\Bottle_Gourd\BG05_CAIRrlder\CAIR-BGD-2025 Annotated Dataset\Bottle Gourd Disease Augmented Dataset\Dry Leaf\Dry Leaf00181_rotated_190.jpg
709,bf6dc5ee38240a9ca1a6fe640f11cc9856f2e16716feaea08fc52f26602b672d,4,WITHIN_DATASET,BG05_CAIR,D:\AI_Agriculture_Dataset\RAW_DATASETS\Bottle_Gourd\BG05_CAIRrlder\CAIR-BGD-2025 Annotated Dataset\Bottle Gourd Disease Augmented Dataset\Dry Leaf\Dry Leaf00181_shifted_1157.jpg || D:\AI_Agriculture_Dataset\RAW_DATASETS\Bottle_Gourd\BG05_CAIRrlder\CAIR-BGD-2025 Annotated Dataset\Bottle Gourd Disease Augmented Dataset\Dry Leaf\Dry Leaf00181_shifted_454.jpg || D:\AI_Agriculture_Dataset\RAW_DATASETS\Bottle_Gourd\BG05_CAIRrlder\CAIR-BGD-2025 Annotated Dataset\Bottle Gourd Disease Augmented Dataset\Dry Leaf\Dry Leaf00181_shifted_649.jpg || D:\AI_Agriculture_Dataset\RAW_DATASETS\Bottle_Gourd\BG05_CAIRrlder\CAIR-BGD-2025 Annotated Dataset\Bottle Gourd Disease Augmented Dataset\Dry Leaf\Dry Leaf00181_shifted_996.jpg
710,50f351fc05b2d726001fe90fdfc4fc2e4208443a7f336b2d81bfd32f149293f3,2,WITHIN_DATASET,BG05_CAIR,D:\AI_Agriculture_Dataset\RAW_DATASETS\Bottle_Gourd\BG05_CAIRrlder\CAIR-BGD-2025 Annotated Dataset\Bottle Gourd Disease Augmented Dataset\Dry Leaf\Dry Leaf00186_rotated_1495.jpg || D:\AI_Agriculture_Dataset\RAW_DATASETS\Bottle_Gourd\BG05_CAIRrlder\CAIR-BGD-2025 Annotated Dataset\Bottle Gourd Disease Augmented Dataset\Dry Leaf\Dry Leaf00186_rotated_272.jpg
711,a645a3ddf7fa95644fd5e1ceecdf6b12c2f01dd362e45d1d544f3467344180e4,2,WITHIN_DATASET,BG05_CAIR,D:\AI_Agriculture_Dataset\RAW_DATASETS\Bottle_Gourd\BG05_CAIRrlder\CAIR-BGD-2025 Annotated Dataset\Bottle Gourd Disease Augmented Dataset\Dry Leaf\Dry Leaf00187_rotated_660.jpg || D:\AI_Agriculture_Dataset\RAW_DATASETS\Bottle_Gourd\BG05_CAIRrlder\CAIR-BGD-2025 Annotated Dataset\Bottle Gourd Disease Augmented Dataset\Dry Leaf\Dry Leaf00187_rotated_855.jpg
712,0aea64d6bd775dd9485e1dab74c6ede2d53613bd02574fa330ad057aba63f3fd,2,WITHIN_DATASET,BG05_CAIR,D:\AI_Agriculture_Dataset\RAW_DATASETS\Bottle_Gourd\BG05_CAIRrlder\CAIR-BGD-2025 Annotated Dataset\Bottle Gourd Disease Augmented Dataset\Dry Leaf\Dry Leaf00194_shifted_590.jpg || D:\AI_Agriculture_Dataset\RAW_DATASETS\Bottle_Gourd\BG05_CAIRrlder\CAIR-BGD-2025 Annotated Dataset\Bottle Gourd Disease Augmented Dataset\Dry Leaf\Dry Leaf00194_shifted_930.jpg
713,7afbfba20a5a082d4f6ce6fcd57259b8dc7b4cb792cb28436824e7ea1a7b18be,2,WITHIN_DATASET,BG05_CAIR,D:\AI_Agriculture_Dataset\RAW_DATASETS\Bottle_Gourd\BG05_CAIRrlder\CAIR-BGD-2025 Annotated Dataset\Bottle Gourd Disease Augmented Dataset\Dry Leaf\Dry Leaf00197_flipped_1097.jpg || D:\AI_Agriculture_Dataset\RAW_DATASETS\Bottle_Gourd\BG05_CAIRrlder\CAIR-BGD-2025 Annotated Dataset\Bottle Gourd Disease Augmented Dataset\Dry Leaf\Dry Leaf00197_flipped_1243.jpg
714,b18408bc7d37efad5d1445c6216ad0858d5666e55642ac30a3cd967a5127f285,2,WITHIN_DATASET,BG05_CAIR,D:\AI_Agriculture_Dataset\RAW_DATASETS\Bottle_Gourd\BG05_CAIRrlder\CAIR-BGD-2025 Annotated Dataset\Bottle Gourd Disease Augmented Dataset\Dry Leaf\Dry Leaf00197_shifted_468.jpg || D:\AI_Agriculture_Dataset\RAW_DATASETS\Bottle_Gourd\BG05_CAIRrlder\CAIR-BGD-2025 Annotated Dataset\Bottle Gourd Disease Augmented Dataset\Dry Leaf\Dry Leaf00197_shifted_784.jpg
715,d250eebc588bd320bcaff82ff5951a3261aa33a5ca8bae0c178e7419accf1cd2,2,WITHIN_DATASET,BG05_CAIR,D:\AI_Agriculture_Dataset\RAW_DATASETS\Bottle_Gourd\BG05_CAIRrlder\CAIR-BGD-2025 Annotated Dataset\Bottle Gourd Disease Augmented Dataset\Dry Leaf\Dry Leaf00198_shifted_302.jpg || D:\AI_Agriculture_Dataset\RAW_DATASETS\Bottle_Gourd\BG05_CAIRrlder\CAIR-BGD-2025 Annotated Dataset\Bottle Gourd Disease Augmented Dataset\Dry Leaf\Dry Leaf00198_shifted_307.jpg
716,7d48cabba942fc503d6b5c74cf7c0e3609cae3656c89422e90291a33f22aeb2b,2,WITHIN_DATASET,BG05_CAIR,D:\AI_Agriculture_Dataset\RAW_DATASETS\Bottle_Gourd\BG05_CAIRrlder\CAIR-BGD-2025 Annotated Dataset\Bottle Gourd Disease Augmented Dataset\Dry Leaf\Dry Leaf00200_shifted_12.jpg || D:\AI_Agriculture_Dataset\RAW_DATASETS\Bottle_Gourd\BG05_CAIRrlder\CAIR-BGD-2025 Annotated Dataset\Bottle Gourd Disease Augmented Dataset\Dry Leaf\Dry Leaf00200_shifted_1412.jpg
717,dfaec0049f467380bcd943f86b4c9a86506a80ac649da64cd52238131a88b9e1,2,WITHIN_DATASET,BG05_CAIR,D:\AI_Agriculture_Dataset\RAW_DATASETS\Bottle_Gourd\BG05_CAIRrlder\CAIR-BGD-2025 Annotated Dataset\Bottle Gourd Disease Augmented Dataset\Dry Leaf\Dry Leaf00206_rotated_584.jpg || D:\AI_Agriculture_Dataset\RAW_DATASETS\Bottle_Gourd\BG05_CAIRrlder\CAIR-BGD-2025 Annotated Dataset\Bottle Gourd Disease Augmented Dataset\Dry Leaf\Dry Leaf00206_rotated_998.jpg
718,d7d1a01a7c256798405609d041791b4fa5c543c93af440a5687b7bf045484264,2,WITHIN_DATASET,BG05_CAIR,D:\AI_Agriculture_Dataset\RAW_DATASETS\Bottle_Gourd\BG05_CAIRrlder\CAIR-BGD-2025 Annotated Dataset\Bottle Gourd Disease Augmented Dataset\Dry Leaf\Dry Leaf00207_flipped_679.jpg || D:\AI_Agriculture_Dataset\RAW_DATASETS\Bottle_Gourd\BG05_CAIRrlder\CAIR-BGD-2025 Annotated Dataset\Bottle Gourd Disease Augmented Dataset\Dry Leaf\Dry Leaf00207_flipped_721.jpg
719,8707341dab22357637e06228e9f969b2f473820ec59495d5aa9a745578c446c3,2,WITHIN_DATASET,BG05_CAIR,D:\AI_Agriculture_Dataset\RAW_DATASETS\Bottle_Gourd\BG05_CAIRrlder\CAIR-BGD-2025 Annotated Dataset\Bottle Gourd Disease Augmented Dataset\Dry Leaf\Dry Leaf00208_flipped_1397.jpg || D:\AI_Agriculture_Dataset\RAW_DATASETS\Bottle_Gourd\BG05_CAIRrlder\CAIR-BGD-2025 Annotated Dataset\Bottle Gourd Disease Augmented Dataset\Dry Leaf\Dry Leaf00208_flipped_723.jpg
720,14cb77c16665553fbe2e6db16e1217096541080f9f0eea85e8cf4965f3486e02,2,WITHIN_DATASET,BG05_CAIR,D:\AI_Agriculture_Dataset\RAW_DATASETS\Bottle_Gourd\BG05_CAIRrlder\CAIR-BGD-2025 Annotated Dataset\Bottle Gourd Disease Augmented Dataset\Dry Leaf\Dry Leaf00212_flipped_1421.jpg || D:\AI_Agriculture_Dataset\RAW_DATASETS\Bottle_Gourd\BG05_CAIRrlder\CAIR-BGD-2025 Annotated Dataset\Bottle Gourd Disease Augmented Dataset\Dry Leaf\Dry Leaf00212_flipped_296.jpg
721,1bd79db8c047a7b88ab06a62552dc679c76c1d19fb3aeee7649d4440288c9b11,2,WITHIN_DATASET,BG05_CAIR,D:\AI_Agriculture_Dataset\RAW_DATASETS\Bottle_Gourd\BG05_CAIRrlder\CAIR-BGD-2025 Annotated Dataset\Bottle Gourd Disease Augmented Dataset\Dry Leaf\Dry Leaf00213_rotated_1007.jpg || D:\AI_Agriculture_Dataset\RAW_DATASETS\Bottle_Gourd\BG05_CAIRrlder\CAIR-BGD-2025 Annotated Dataset\Bottle Gourd Disease Augmented Dataset\Dry Leaf\Dry Leaf00213_rotated_122.jpg
722,4125ee25213ceb250509c26761ba6ead504c2ee54c9a6da9ac1be5ff8d635bc1,2,WITHIN_DATASET,BG05_CAIR,D:\AI_Agriculture_Dataset\RAW_DATASETS\Bottle_Gourd\BG05_CAIRrlder\CAIR-BGD-2025 Annotated Dataset\Bottle Gourd Disease Augmented Dataset\Dry Leaf\Dry Leaf00216_shifted_1013.jpg || D:\AI_Agriculture_Dataset\RAW_DATASETS\Bottle_Gourd\BG05_CAIRrlder\CAIR-BGD-2025 Annotated Dataset\Bottle Gourd Disease Augmented Dataset\Dry Leaf\Dry Leaf00216_shifted_196.jpg
723,754e7367fbc2deea552af27a210f377544d0df87ce01e78abfdeb350602a1940,3,WITHIN_DATASET,BG05_CAIR,D:\AI_Agriculture_Dataset\RAW_DATASETS\Bottle_Gourd\BG05_CAIRrlder\CAIR-BGD-2025 Annotated Dataset\Bottle Gourd Disease Augmented Dataset\Dry Leaf\Dry Leaf00217_flipped_1252.jpg || D:\AI_Agriculture_Dataset\RAW_DATASETS\Bottle_Gourd\BG05_CAIRrlder\CAIR-BGD-2025 Annotated Dataset\Bottle Gourd Disease Augmented Dataset\Dry Leaf\Dry Leaf00217_flipped_698.jpg || D:\AI_Agriculture_Dataset\RAW_DATASETS\Bottle_Gourd\BG05_CAIRrlder\CAIR-BGD-2025 Annotated Dataset\Bottle Gourd Disease Augmented Dataset\Dry Leaf\Dry Leaf00217_flipped_89.jpg
724,1b90dde316db6f04046d434112a749ee435fe82dcb6c700e0bdca4fa2db97aad,2,WITHIN_DATASET,BG05_CAIR,D:\AI_Agriculture_Dataset\RAW_DATASETS\Bottle_Gourd\BG05_CAIRrlder\CAIR-BGD-2025 Annotated Dataset\Bottle Gourd Disease Augmented Dataset\Dry Leaf\Dry Leaf00221_rotated_1482.jpg || D:\AI_Agriculture_Dataset\RAW_DATASETS\Bottle_Gourd\BG05_CAIRrlder\CAIR-BGD-2025 Annotated Dataset\Bottle Gourd Disease Augmented Dataset\Dry Leaf\Dry Leaf00221_rotated_214.jpg
725,a1895370e991a1c052ef6936dad8ca48a19625ddef15d9a4437caa1806ee28b9,2,WITHIN_DATASET,BG05_CAIR,D:\AI_Agriculture_Dataset\RAW_DATASETS\Bottle_Gourd\BG05_CAIRrlder\CAIR-BGD-2025 Annotated Dataset\Bottle Gourd Disease Augmented Dataset\Dry Leaf\Dry Leaf00222_flipped_273.jpg || D:\AI_Agriculture_Dataset\RAW_DATASETS\Bottle_Gourd\BG05_CAIRrlder\CAIR-BGD-2025 Annotated Dataset\Bottle Gourd Disease Augmented Dataset\Dry Leaf\Dry Leaf00222_flipped_640.jpg
726,86a3415d203c6bd52af94fa3b87e1b9a576b6ff2b6460f02cc4b2f9c3cfda367,2,WITHIN_DATASET,BG05_CAIR,D:\AI_Agriculture_Dataset\RAW_DATASETS\Bottle_Gourd\BG05_CAIRrlder\CAIR-BGD-2025 Annotated Dataset\Bottle Gourd Disease Augmented Dataset\Dry Leaf\Dry Leaf00225_flipped_589.jpg || D:\AI_Agriculture_Dataset\RAW_DATASETS\Bottle_Gourd\BG05_CAIRrlder\CAIR-BGD-2025 Annotated Dataset\Bottle Gourd Disease Augmented Dataset\Dry Leaf\Dry Leaf00225_flipped_776.jpg
727,fba59b67d654f94579478000c0eac20dd7d0751d1e73d8d139c370db1210f7fb,4,WITHIN_DATASET,BG05_CAIR,D:\AI_Agriculture_Dataset\RAW_DATASETS\Bottle_Gourd\BG05_CAIRrlder\CAIR-BGD-2025 Annotated Dataset\Bottle Gourd Disease Augmented Dataset\Dry Leaf\Dry Leaf00227_flipped_1366.jpg || D:\AI_Agriculture_Dataset\RAW_DATASETS\Bottle_Gourd\BG05_CAIRrlder\CAIR-BGD-2025 Annotated Dataset\Bottle Gourd Disease Augmented Dataset\Dry Leaf\Dry Leaf00227_flipped_2.jpg || D:\AI_Agriculture_Dataset\RAW_DATASETS\Bottle_Gourd\BG05_CAIRrlder\CAIR-BGD-2025 Annotated Dataset\Bottle Gourd Disease Augmented Dataset\Dry Leaf\Dry Leaf00227_flipped_465.jpg || D:\AI_Agriculture_Dataset\RAW_DATASETS\Bottle_Gourd\BG05_CAIRrlder\CAIR-BGD-2025 Annotated Dataset\Bottle Gourd Disease Augmented Dataset\Dry Leaf\Dry Leaf00227_flipped_674.jpg
728,265f1502505d6d2611bce2c16ef2f2403cdc03eae6218184c9458c2b890c9501,2,WITHIN_DATASET,BG05_CAIR,D:\AI_Agriculture_Dataset\RAW_DATASETS\Bottle_Gourd\BG05_CAIRrlder\CAIR-BGD-2025 Annotated Dataset\Bottle Gourd Disease Augmented Dataset\Dry Leaf\Dry Leaf00229_flipped_665.jpg || D:\AI_Agriculture_Dataset\RAW_DATASETS\Bottle_Gourd\BG05_CAIRrlder\CAIR-BGD-2025 Annotated Dataset\Bottle Gourd Disease Augmented Dataset\Dry Leaf\Dry Leaf00229_flipped_897.jpg
729,e9f8ccbca206f9ba58bdcddca432c254dae8c149646e316c1cf6a30a4cc0046a,4,WITHIN_DATASET,BG05_CAIR,D:\AI_Agriculture_Dataset\RAW_DATASETS\Bottle_Gourd\BG05_CAIRrlder\CAIR-BGD-2025 Annotated Dataset\Bottle Gourd Disease Augmented Dataset\Dry Leaf\Dry Leaf00232_rotated_1023.jpg || D:\AI_Agriculture_Dataset\RAW_DATASETS\Bottle_Gourd\BG05_CAIRrlder\CAIR-BGD-2025 Annotated Dataset\Bottle Gourd Disease Augmented Dataset\Dry Leaf\Dry Leaf00232_rotated_1465.jpg || D:\AI_Agriculture_Dataset\RAW_DATASETS\Bottle_Gourd\BG05_CAIRrlder\CAIR-BGD-2025 Annotated Dataset\Bottle Gourd Disease Augmented Dataset\Dry Leaf\Dry Leaf00232_rotated_231.jpg || D:\AI_Agriculture_Dataset\RAW_DATASETS\Bottle_Gourd\BG05_CAIRrlder\CAIR-BGD-2025 Annotated Dataset\Bottle Gourd Disease Augmented Dataset\Dry Leaf\Dry Leaf00232_rotated_327.jpg
730,f7484249d8132921c90389c8760a5ebc67e857c4b9ee9bc7f01d61424798ce93,2,WITHIN_DATASET,BG05_CAIR,D:\AI_Agriculture_Dataset\RAW_DATASETS\Bottle_Gourd\BG05_CAIRrlder\CAIR-BGD-2025 Annotated Dataset\Bottle Gourd Disease Augmented Dataset\Dry Leaf\Dry Leaf00232_shifted_230.jpg || D:\AI_Agriculture_Dataset\RAW_DATASETS\Bottle_Gourd\BG05_CAIRrlder\CAIR-BGD-2025 Annotated Dataset\Bottle Gourd Disease Augmented Dataset\Dry Leaf\Dry Leaf00232_shifted_564.jpg
731,98e92d96f0b55f74b03c548881234a0d036d2ad0827a6f17c2ef42b5a58424b1,2,WITHIN_DATASET,BG05_CAIR,D:\AI_Agriculture_Dataset\RAW_DATASETS\Bottle_Gourd\BG05_CAIRrlder\CAIR-BGD-2025 Annotated Dataset\Bottle Gourd Disease Augmented Dataset\Dry Leaf\Dry Leaf00238_rotated_376.jpg || D:\AI_Agriculture_Dataset\RAW_DATASETS\Bottle_Gourd\BG05_CAIRrlder\CAIR-BGD-2025 Annotated Dataset\Bottle Gourd Disease Augmented Dataset\Dry Leaf\Dry Leaf00238_rotated_438.jpg
732,fc894deb07228fdce3505570f100d05ea45bb942247d7bd29bed203f0c992070,2,WITHIN_DATASET,BG05_CAIR,D:\AI_Agriculture_Dataset\RAW_DATASETS\Bottle_Gourd\BG05_CAIRrlder\CAIR-BGD-2025 Annotated Dataset\Bottle Gourd Disease Augmented Dataset\Dry Leaf\Dry Leaf00239_shifted_220.jpg || D:\AI_Agriculture_Dataset\RAW_DATASETS\Bottle_Gourd\BG05_CAIRrlder\CAIR-BGD-2025 Annotated Dataset\Bottle Gourd Disease Augmented Dataset\Dry Leaf\Dry Leaf00239_shifted_709.jpg
733,ec0139665370b8a5b20590a33afab015a2ce4a187559297a741f901c025139e5,2,WITHIN_DATASET,BG05_CAIR,D:\AI_Agriculture_Dataset\RAW_DATASETS\Bottle_Gourd\BG05_CAIRrlder\CAIR-BGD-2025 Annotated Dataset\Bottle Gourd Disease Augmented Dataset\Dry Leaf\Dry Leaf00240_rotated_290.jpg || D:\AI_Agriculture_Dataset\RAW_DATASETS\Bottle_Gourd\BG05_CAIRrlder\CAIR-BGD-2025 Annotated Dataset\Bottle Gourd Disease Augmented Dataset\Dry Leaf\Dry Leaf00240_rotated_548.jpg
734,7c2ce58cc1087b052daa5c7ddd51f57390a2ad53f794d2ad610bf6432bd10961,3,WITHIN_DATASET,BG05_CAIR,D:\AI_Agriculture_Dataset\RAW_DATASETS\Bottle_Gourd\BG05_CAIRrlder\CAIR-BGD-2025 Annotated Dataset\Bottle Gourd Disease Augmented Dataset\Dry Leaf\Dry Leaf00242_shifted_1070.jpg || D:\AI_Agriculture_Dataset\RAW_DATASETS\Bottle_Gourd\BG05_CAIRrlder\CAIR-BGD-2025 Annotated Dataset\Bottle Gourd Disease Augmented Dataset\Dry Leaf\Dry Leaf00242_shifted_148.jpg || D:\AI_Agriculture_Dataset\RAW_DATASETS\Bottle_Gourd\BG05_CAIRrlder\CAIR-BGD-2025 Annotated Dataset\Bottle Gourd Disease Augmented Dataset\Dry Leaf\Dry Leaf00242_shifted_793.jpg
735,53b508e5279205ebf7c4670c64403292ddba1208a817e9901cb8bf00b81ccd87,3,WITHIN_DATASET,BG05_CAIR,D:\AI_Agriculture_Dataset\RAW_DATASETS\Bottle_Gourd\BG05_CAIRrlder\CAIR-BGD-2025 Annotated Dataset\Bottle Gourd Disease Augmented Dataset\Dry Leaf\Dry Leaf00243_flipped_157.jpg || D:\AI_Agriculture_Dataset\RAW_DATASETS\Bottle_Gourd\BG05_CAIRrlder\CAIR-BGD-2025 Annotated Dataset\Bottle Gourd Disease Augmented Dataset\Dry Leaf\Dry Leaf00243_flipped_440.jpg || D:\AI_Agriculture_Dataset\RAW_DATASETS\Bottle_Gourd\BG05_CAIRrlder\CAIR-BGD-2025 Annotated Dataset\Bottle Gourd Disease Augmented Dataset\Dry Leaf\Dry Leaf00243_flipped_498.jpg
736,570923e4c5805ddaa9723575cacec776ff14b186e1d409bed68236e1113b1f0e,2,WITHIN_DATASET,BG05_CAIR,D:\AI_Agriculture_Dataset\RAW_DATASETS\Bottle_Gourd\BG05_CAIRrlder\CAIR-BGD-2025 Annotated Dataset\Bottle Gourd Disease Augmented Dataset\Dry Leaf\Dry Leaf00243_shifted_529.jpg || D:\AI_Agriculture_Dataset\RAW_DATASETS\Bottle_Gourd\BG05_CAIRrlder\CAIR-BGD-2025 Annotated Dataset\Bottle Gourd Disease Augmented Dataset\Dry Leaf\Dry Leaf00243_shifted_706.jpg
737,3dfc56ab3864fe89b76c35bfcfc0e528152fac9ae86d4965c3f1fac953b88b13,2,WITHIN_DATASET,BG05_CAIR,D:\AI_Agriculture_Dataset\RAW_DATASETS\Bottle_Gourd\BG05_CAIRrlder\CAIR-BGD-2025 Annotated Dataset\Bottle Gourd Disease Augmented Dataset\Dry Leaf\Dry Leaf00244_shifted_1036.jpg || D:\AI_Agriculture_Dataset\RAW_DATASETS\Bottle_Gourd\BG05_CAIRrlder\CAIR-BGD-2025 Annotated Dataset\Bottle Gourd Disease Augmented Dataset\Dry Leaf\Dry Leaf00244_shifted_1155.jpg
738,fc99e8df3eab05ab62177a0a84bc52cb3c64546aca491f69500a28aa5963cac0,2,WITHIN_DATASET,BG05_CAIR,D:\AI_Agriculture_Dataset\RAW_DATASETS\Bottle_Gourd\BG05_CAIRrlder\CAIR-BGD-2025 Annotated Dataset\Bottle Gourd Disease Augmented Dataset\Dry Leaf\Dry Leaf00245_flipped_1292.jpg || D:\AI_Agriculture_Dataset\RAW_DATASETS\Bottle_Gourd\BG05_CAIRrlder\CAIR-BGD-2025 Annotated Dataset\Bottle Gourd Disease Augmented Dataset\Dry Leaf\Dry Leaf00245_flipped_1414.jpg
739,77d681685056f013700f775bc0b37686effa12c552e2e8f6c042716d4514eacd,2,WITHIN_DATASET,BG05_CAIR,D:\AI_Agriculture_Dataset\RAW_DATASETS\Bottle_Gourd\BG05_CAIRrlder\CAIR-BGD-2025 Annotated Dataset\Bottle Gourd Disease Augmented Dataset\Dry Leaf\Dry Leaf00245_rotated_894.jpg || D:\AI_Agriculture_Dataset\RAW_DATASETS\Bottle_Gourd\BG05_CAIRrlder\CAIR-BGD-2025 Annotated Dataset\Bottle Gourd Disease Augmented Dataset\Dry Leaf\Dry Leaf00245_rotated_982.jpg
740,9e22ad3b17d46e080affe363c0f75653bc000a65ad9aafd288c1acf390f8fd3a,2,WITHIN_DATASET,BG05_CAIR,D:\AI_Agriculture_Dataset\RAW_DATASETS\Bottle_Gourd\BG05_CAIRrlder\CAIR-BGD-2025 Annotated Dataset\Bottle Gourd Disease Augmented Dataset\Dry Leaf\Dry Leaf00247_flipped_1032.jpg || D:\AI_Agriculture_Dataset\RAW_DATASETS\Bottle_Gourd\BG05_CAIRrlder\CAIR-BGD-2025 Annotated Dataset\Bottle Gourd Disease Augmented Dataset\Dry Leaf\Dry Leaf00247_flipped_899.jpg
741,46b2a9c09e3692df8c69c4807b5c3bd20ae757937827f46840d374dae7325f56,3,WITHIN_DATASET,BG05_CAIR,D:\AI_Agriculture_Dataset\RAW_DATASETS\Bottle_Gourd\BG05_CAIRrlder\CAIR-BGD-2025 Annotated Dataset\Bottle Gourd Disease Augmented Dataset\Dry Leaf\Dry Leaf00248_shifted_1240.jpg || D:\AI_Agriculture_Dataset\RAW_DATASETS\Bottle_Gourd\BG05_CAIRrlder\CAIR-BGD-2025 Annotated Dataset\Bottle Gourd Disease Augmented Dataset\Dry Leaf\Dry Leaf00248_shifted_203.jpg || D:\AI_Agriculture_Dataset\RAW_DATASETS\Bottle_Gourd\BG05_CAIRrlder\CAIR-BGD-2025 Annotated Dataset\Bottle Gourd Disease Augmented Dataset\Dry Leaf\Dry Leaf00248_shifted_806.jpg
742,5704549e974dedc31a95519c8a4c9f4fa395d2adb75b45a5e5b45798512c813f,2,WITHIN_DATASET,BG05_CAIR,D:\AI_Agriculture_Dataset\RAW_DATASETS\Bottle_Gourd\BG05_CAIRrlder\CAIR-BGD-2025 Annotated Dataset\Bottle Gourd Disease Augmented Dataset\Dry Leaf\Dry Leaf00251_shifted_609.jpg || D:\AI_Agriculture_Dataset\RAW_DATASETS\Bottle_Gourd\BG05_CAIRrlder\CAIR-BGD-2025 Annotated Dataset\Bottle Gourd Disease Augmented Dataset\Dry Leaf\Dry Leaf00251_shifted_867.jpg
743,f0bb85ef43345812cc1c2ea67a1875f4fabb181cfac0461cb7e91f5a2bb8a380,2,WITHIN_DATASET,BG05_CAIR,D:\AI_Agriculture_Dataset\RAW_DATASETS\Bottle_Gourd\BG05_CAIRrlder\CAIR-BGD-2025 Annotated Dataset\Bottle Gourd Disease Augmented Dataset\Dry Leaf\Dry Leaf00255_shifted_281.jpg || D:\AI_Agriculture_Dataset\RAW_DATASETS\Bottle_Gourd\BG05_CAIRrlder\CAIR-BGD-2025 Annotated Dataset\Bottle Gourd Disease Augmented Dataset\Dry Leaf\Dry Leaf00255_shifted_485.jpg
744,87348b055ac1219cf897d3fe13aaf53ecd9d7d9bd60f23cda3582871fd49de1e,3,WITHIN_DATASET,BG05_CAIR,D:\AI_Agriculture_Dataset\RAW_DATASETS\Bottle_Gourd\BG05_CAIRrlder\CAIR-BGD-2025 Annotated Dataset\Bottle Gourd Disease Augmented Dataset\Dry Leaf\Dry Leaf00257_shifted_1454.jpg || D:\AI_Agriculture_Dataset\RAW_DATASETS\Bottle_Gourd\BG05_CAIRrlder\CAIR-BGD-2025 Annotated Dataset\Bottle Gourd Disease Augmented Dataset\Dry Leaf\Dry Leaf00257_shifted_177.jpg || D:\AI_Agriculture_Dataset\RAW_DATASETS\Bottle_Gourd\BG05_CAIRrlder\CAIR-BGD-2025 Annotated Dataset\Bottle Gourd Disease Augmented Dataset\Dry Leaf\Dry Leaf00257_shifted_611.jpg
745,3b0b9a0b0b8576631303c9665e944dbfc6cf45b2ffd6fbec5d0d775a5f0a78f5,2,WITHIN_DATASET,BG05_CAIR,D:\AI_Agriculture_Dataset\RAW_DATASETS\Bottle_Gourd\BG05_CAIRrlder\CAIR-BGD-2025 Annotated Dataset\Bottle Gourd Disease Augmented Dataset\Dry Leaf\Dry Leaf00258_shifted_223.jpg || D:\AI_Agriculture_Dataset\RAW_DATASETS\Bottle_Gourd\BG05_CAIRrlder\CAIR-BGD-2025 Annotated Dataset\Bottle Gourd Disease Augmented Dataset\Dry Leaf\Dry Leaf00258_shifted_647.jpg
746,c7e6fdcba39330ca7b05d5fcbb5bb89bb9ef0eb73c02fe22069d725c84a61611,2,WITHIN_DATASET,BG05_CAIR,D:\AI_Agriculture_Dataset\RAW_DATASETS\Bottle_Gourd\BG05_CAIRrlder\CAIR-BGD-2025 Annotated Dataset\Bottle Gourd Disease Augmented Dataset\Dry Leaf\Dry Leaf00266_shifted_694.jpg || D:\AI_Agriculture_Dataset\RAW_DATASETS\Bottle_Gourd\BG05_CAIRrlder\CAIR-BGD-2025 Annotated Dataset\Bottle Gourd Disease Augmented Dataset\Dry Leaf\Dry Leaf00266_shifted_878.jpg
747,6794f94a605152a2e56b1f534d24ac9dcec321263453722b93d50cbbdd76b105,2,WITHIN_DATASET,BG05_CAIR,D:\AI_Agriculture_Dataset\RAW_DATASETS\Bottle_Gourd\BG05_CAIRrlder\CAIR-BGD-2025 Annotated Dataset\Bottle Gourd Disease Augmented Dataset\Dry Leaf\Dry Leaf00270_rotated_398.jpg || D:\AI_Agriculture_Dataset\RAW_DATASETS\Bottle_Gourd\BG05_CAIRrlder\CAIR-BGD-2025 Annotated Dataset\Bottle Gourd Disease Augmented Dataset\Dry Leaf\Dry Leaf00270_rotated_750.jpg
748,f89f651ea6630797009981d992ae48d3c9b1eeb2dede03280e4559045b1cbead,2,WITHIN_DATASET,BG05_CAIR,D:\AI_Agriculture_Dataset\RAW_DATASETS\Bottle_Gourd\BG05_CAIRrlder\CAIR-BGD-2025 Annotated Dataset\Bottle Gourd Disease Augmented Dataset\Dry Leaf\Dry Leaf00275_rotated_447.jpg || D:\AI_Agriculture_Dataset\RAW_DATASETS\Bottle_Gourd\BG05_CAIRrlder\CAIR-BGD-2025 Annotated Dataset\Bottle Gourd Disease Augmented Dataset\Dry Leaf\Dry Leaf00275_rotated_597.jpg
749,4d7bb42e9fd76cee8a61be0b457bffcdcf54022d1cc4fd2389bfaec15c0f7e4e,2,WITHIN_DATASET,BG05_CAIR,D:\AI_Agriculture_Dataset\RAW_DATASETS\Bottle_Gourd\BG05_CAIRrlder\CAIR-BGD-2025 Annotated Dataset\Bottle Gourd Disease Augmented Dataset\Dry Leaf\Dry Leaf00277_flipped_1088.jpg || D:\AI_Agriculture_Dataset\RAW_DATASETS\Bottle_Gourd\BG05_CAIRrlder\CAIR-BGD-2025 Annotated Dataset\Bottle Gourd Disease Augmented Dataset\Dry Leaf\Dry Leaf00277_flipped_1184.jpg
750,24b1db80c3cd2d748b7568ec85139161c78eb2978be99e12154643715d488087,2,WITHIN_DATASET,BG05_CAIR,D:\AI_Agriculture_Dataset\RAW_DATASETS\Bottle_Gourd\BG05_CAIRrlder\CAIR-BGD-2025 Annotated Dataset\Bottle Gourd Disease Augmented Dataset\Dry Leaf\Dry Leaf00281_shifted_1145.jpg || D:\AI_Agriculture_Dataset\RAW_DATASETS\Bottle_Gourd\BG05_CAIRrlder\CAIR-BGD-2025 Annotated Dataset\Bottle Gourd Disease Augmented Dataset\Dry Leaf\Dry Leaf00281_shifted_1332.jpg
751,6e541efa5b888cfb2ef3ed69e7ebe0a44f08bd22ae63901847bb39985bd0f3e3,2,WITHIN_DATASET,BG05_CAIR,D:\AI_Agriculture_Dataset\RAW_DATASETS\Bottle_Gourd\BG05_CAIRrlder\CAIR-BGD-2025 Annotated Dataset\Bottle Gourd Disease Augmented Dataset\Dry Leaf\Dry Leaf00282_shifted_1012.jpg || D:\AI_Agriculture_Dataset\RAW_DATASETS\Bottle_Gourd\BG05_CAIRrlder\CAIR-BGD-2025 Annotated Dataset\Bottle Gourd Disease Augmented Dataset\Dry Leaf\Dry Leaf00282_shifted_773.jpg
752,63624ff77b06881b9378254cf2c221a5b57efcbb4845b78549e1ff00930f5dae,2,WITHIN_DATASET,BG05_CAIR,D:\AI_Agriculture_Dataset\RAW_DATASETS\Bottle_Gourd\BG05_CAIRrlder\CAIR-BGD-2025 Annotated Dataset\Bottle Gourd Disease Augmented Dataset\Dry Leaf\Dry Leaf00284_shifted_1122.jpg || D:\AI_Agriculture_Dataset\RAW_DATASETS\Bottle_Gourd\BG05_CAIRrlder\CAIR-BGD-2025 Annotated Dataset\Bottle Gourd Disease Augmented Dataset\Dry Leaf\Dry Leaf00284_shifted_604.jpg
753,bd4f77f8847bc34ecce7cedadd5563c6aaf1074d114c2f307b73e7c926b2d7a4,2,WITHIN_DATASET,BG05_CAIR,D:\AI_Agriculture_Dataset\RAW_DATASETS\Bottle_Gourd\BG05_CAIRrlder\CAIR-BGD-2025 Annotated Dataset\Bottle Gourd Disease Augmented Dataset\Dry Leaf\Dry Leaf00285_shifted_1141.jpg || D:\AI_Agriculture_Dataset\RAW_DATASETS\Bottle_Gourd\BG05_CAIRrlder\CAIR-BGD-2025 Annotated Dataset\Bottle Gourd Disease Augmented Dataset\Dry Leaf\Dry Leaf00285_shifted_1287.jpg
754,1946c06c696dcc0fb2cee348d81191a94469a6b606b32f85f860e3338aed71f1,2,WITHIN_DATASET,BG05_CAIR,D:\AI_Agriculture_Dataset\RAW_DATASETS\Bottle_Gourd\BG05_CAIRrlder\CAIR-BGD-2025 Annotated Dataset\Bottle Gourd Disease Augmented Dataset\Dry Leaf\Dry Leaf00290_shifted_1150.jpg || D:\AI_Agriculture_Dataset\RAW_DATASETS\Bottle_Gourd\BG05_CAIRrlder\CAIR-BGD-2025 Annotated Dataset\Bottle Gourd Disease Augmented Dataset\Dry Leaf\Dry Leaf00290_shifted_451.jpg
755,b4199db16105c746d449ce339eca500da0d6ad2f4d171267c0000d268a329402,2,WITHIN_DATASET,BG05_CAIR,D:\AI_Agriculture_Dataset\RAW_DATASETS\Bottle_Gourd\BG05_CAIRrlder\CAIR-BGD-2025 Annotated Dataset\Bottle Gourd Disease Augmented Dataset\Dry Leaf\Dry Leaf00293_flipped_1217.jpg || D:\AI_Agriculture_Dataset\RAW_DATASETS\Bottle_Gourd\BG05_CAIRrlder\CAIR-BGD-2025 Annotated Dataset\Bottle Gourd Disease Augmented Dataset\Dry Leaf\Dry Leaf00293_flipped_54.jpg
756,93ad769769a459aa91ecac31049c9c6099d48dba3ffb21d3b5c0e225ae96f2cf,2,WITHIN_DATASET,BG05_CAIR,D:\AI_Agriculture_Dataset\RAW_DATASETS\Bottle_Gourd\BG05_CAIRrlder\CAIR-BGD-2025 Annotated Dataset\Bottle Gourd Disease Augmented Dataset\Dry Leaf\Dry Leaf00293_shifted_1444.jpg || D:\AI_Agriculture_Dataset\RAW_DATASETS\Bottle_Gourd\BG05_CAIRrlder\CAIR-BGD-2025 Annotated Dataset\Bottle Gourd Disease Augmented Dataset\Dry Leaf\Dry Leaf00293_shifted_904.jpg
757,cb30289022bad10391abb87c97afce05a1d73a2c32854eeca034e55823465a49,2,WITHIN_DATASET,BG05_CAIR,D:\AI_Agriculture_Dataset\RAW_DATASETS\Bottle_Gourd\BG05_CAIRrlder\CAIR-BGD-2025 Annotated Dataset\Bottle Gourd Disease Augmented Dataset\Dry Leaf\Dry Leaf00294_shifted_1039.jpg || D:\AI_Agriculture_Dataset\RAW_DATASETS\Bottle_Gourd\BG05_CAIRrlder\CAIR-BGD-2025 Annotated Dataset\Bottle Gourd Disease Augmented Dataset\Dry Leaf\Dry Leaf00294_shifted_194.jpg
758,afc85d403fc4d55e51a8abf04b0b4ba583ca13b553f1553979dc61420f21a3c1,2,WITHIN_DATASET,BG05_CAIR,D:\AI_Agriculture_Dataset\RAW_DATASETS\Bottle_Gourd\BG05_CAIRrlder\CAIR-BGD-2025 Annotated Dataset\Bottle Gourd Disease Augmented Dataset\Dry Leaf\Dry Leaf00295_rotated_842.jpg || D:\AI_Agriculture_Dataset\RAW_DATASETS\Bottle_Gourd\BG05_CAIRrlder\CAIR-BGD-2025 Annotated Dataset\Bottle Gourd Disease Augmented Dataset\Dry Leaf\Dry Leaf00295_rotated_914.jpg
759,f8458a323d1c243bbd1b9d2707935bba5d10a464fbf95f5768d3524b2e7869d0,2,WITHIN_DATASET,BG05_CAIR,D:\AI_Agriculture_Dataset\RAW_DATASETS\Bottle_Gourd\BG05_CAIRrlder\CAIR-BGD-2025 Annotated Dataset\Bottle Gourd Disease Augmented Dataset\Dry Leaf\Dry Leaf00296_flipped_365.jpg || D:\AI_Agriculture_Dataset\RAW_DATASETS\Bottle_Gourd\BG05_CAIRrlder\CAIR-BGD-2025 Annotated Dataset\Bottle Gourd Disease Augmented Dataset\Dry Leaf\Dry Leaf00296_flipped_741.jpg
760,acabe93944578ff927928f9aa4b3aca50589dc01cc44a0751f95ffc0840185f1,2,WITHIN_DATASET,BG05_CAIR,D:\AI_Agriculture_Dataset\RAW_DATASETS\Bottle_Gourd\BG05_CAIRrlder\CAIR-BGD-2025 Annotated Dataset\Bottle Gourd Disease Augmented Dataset\Dry Leaf\Dry Leaf00297_shifted_1076.jpg || D:\AI_Agriculture_Dataset\RAW_DATASETS\Bottle_Gourd\BG05_CAIRrlder\CAIR-BGD-2025 Annotated Dataset\Bottle Gourd Disease Augmented Dataset\Dry Leaf\Dry Leaf00297_shifted_244.jpg
761,569e9b9b6e5f49f106ea3cf08fa336602edc8db077b2c9bfde1c81fbba137d76,2,WITHIN_DATASET,BG05_CAIR,D:\AI_Agriculture_Dataset\RAW_DATASETS\Bottle_Gourd\BG05_CAIRrlder\CAIR-BGD-2025 Annotated Dataset\Bottle Gourd Disease Augmented Dataset\Dry Leaf\Dry Leaf00304_rotated_1112.jpg || D:\AI_Agriculture_Dataset\RAW_DATASETS\Bottle_Gourd\BG05_CAIRrlder\CAIR-BGD-2025 Annotated Dataset\Bottle Gourd Disease Augmented Dataset\Dry Leaf\Dry Leaf00304_rotated_1436.jpg
762,4cae2cf8d8b14a5147aef5389edef508fc6eefa9c0bb3914cbab3fff0be4266e,3,WITHIN_DATASET,BG05_CAIR,D:\AI_Agriculture_Dataset\RAW_DATASETS\Bottle_Gourd\BG05_CAIRrlder\CAIR-BGD-2025 Annotated Dataset\Bottle Gourd Disease Augmented Dataset\Dry Leaf\Dry Leaf00306_flipped_1158.jpg || D:\AI_Agriculture_Dataset\RAW_DATASETS\Bottle_Gourd\BG05_CAIRrlder\CAIR-BGD-2025 Annotated Dataset\Bottle Gourd Disease Augmented Dataset\Dry Leaf\Dry Leaf00306_flipped_1294.jpg || D:\AI_Agriculture_Dataset\RAW_DATASETS\Bottle_Gourd\BG05_CAIRrlder\CAIR-BGD-2025 Annotated Dataset\Bottle Gourd Disease Augmented Dataset\Dry Leaf\Dry Leaf00306_flipped_994.jpg
763,1587c6de12f8ff855ac95e79ba76437680f315ff11f8595973c4db3954cacf13,2,WITHIN_DATASET,BG05_CAIR,D:\AI_Agriculture_Dataset\RAW_DATASETS\Bottle_Gourd\BG05_CAIRrlder\CAIR-BGD-2025 Annotated Dataset\Bottle Gourd Disease Augmented Dataset\Dry Leaf\Dry Leaf00309_flipped_1330.jpg || D:\AI_Agriculture_Dataset\RAW_DATASETS\Bottle_Gourd\BG05_CAIRrlder\CAIR-BGD-2025 Annotated Dataset\Bottle Gourd Disease Augmented Dataset\Dry Leaf\Dry Leaf00309_flipped_935.jpg
764,34cb35e865c90ad82d330a051cbe63f94cd7a98312108b4800984a52ab18d3b9,2,WITHIN_DATASET,BG05_CAIR,D:\AI_Agriculture_Dataset\RAW_DATASETS\Bottle_Gourd\BG05_CAIRrlder\CAIR-BGD-2025 Annotated Dataset\Bottle Gourd Disease Augmented Dataset\Dry Leaf\Dry Leaf00309_shifted_1027.jpg || D:\AI_Agriculture_Dataset\RAW_DATASETS\Bottle_Gourd\BG05_CAIRrlder\CAIR-BGD-2025 Annotated Dataset\Bottle Gourd Disease Augmented Dataset\Dry Leaf\Dry Leaf00309_shifted_1324.jpg
765,b29c0c6ea22c474fd66b8050fed0e7ffd681edd9d4c091926ce1c93f6bab5132,2,WITHIN_DATASET,BG05_CAIR,D:\AI_Agriculture_Dataset\RAW_DATASETS\Bottle_Gourd\BG05_CAIRrlder\CAIR-BGD-2025 Annotated Dataset\Bottle Gourd Disease Augmented Dataset\Dry Leaf\Dry Leaf00315_rotated_1020.jpg || D:\AI_Agriculture_Dataset\RAW_DATASETS\Bottle_Gourd\BG05_CAIRrlder\CAIR-BGD-2025 Annotated Dataset\Bottle Gourd Disease Augmented Dataset\Dry Leaf\Dry Leaf00315_rotated_1213.jpg
766,c0d009fb67351a0e9433b53de838d9b8a005959989e11d038ce7d765706fb079,2,WITHIN_DATASET,BG05_CAIR,D:\AI_Agriculture_Dataset\RAW_DATASETS\Bottle_Gourd\BG05_CAIRrlder\CAIR-BGD-2025 Annotated Dataset\Bottle Gourd Disease Augmented Dataset\Dry Leaf\Dry Leaf00317_rotated_1420.jpg || D:\AI_Agriculture_Dataset\RAW_DATASETS\Bottle_Gourd\BG05_CAIRrlder\CAIR-BGD-2025 Annotated Dataset\Bottle Gourd Disease Augmented Dataset\Dry Leaf\Dry Leaf00317_rotated_851.jpg
767,5f8b7405cff0dc27debda0eac554bf55ba6f406ac8de518c1c185a8747162c2e,2,WITHIN_DATASET,BG05_CAIR,D:\AI_Agriculture_Dataset\RAW_DATASETS\Bottle_Gourd\BG05_CAIRrlder\CAIR-BGD-2025 Annotated Dataset\Bottle Gourd Disease Augmented Dataset\Dry Leaf\Dry Leaf00319_rotated_1102.jpg || D:\AI_Agriculture_Dataset\RAW_DATASETS\Bottle_Gourd\BG05_CAIRrlder\CAIR-BGD-2025 Annotated Dataset\Bottle Gourd Disease Augmented Dataset\Dry Leaf\Dry Leaf00319_rotated_873.jpg
768,3af810f6b3e7e45a86e3de74afa9d5e8f8d6c490fe7e766de7ad8efda0df0647,2,WITHIN_DATASET,BG05_CAIR,D:\AI_Agriculture_Dataset\RAW_DATASETS\Bottle_Gourd\BG05_CAIRrlder\CAIR-BGD-2025 Annotated Dataset\Bottle Gourd Disease Augmented Dataset\Dry Leaf\Dry Leaf00319_shifted_1098.jpg || D:\AI_Agriculture_Dataset\RAW_DATASETS\Bottle_Gourd\BG05_CAIRrlder\CAIR-BGD-2025 Annotated Dataset\Bottle Gourd Disease Augmented Dataset\Dry Leaf\Dry Leaf00319_shifted_1143.jpg
769,d1ae76e0b03ab160a50f5f845f08ec8efd3387263406bbac5c494874aef2ff72,3,WITHIN_DATASET,BG05_CAIR,D:\AI_Agriculture_Dataset\RAW_DATASETS\Bottle_Gourd\BG05_CAIRrlder\CAIR-BGD-2025 Annotated Dataset\Bottle Gourd Disease Augmented Dataset\Dry Leaf\Dry Leaf00321_rotated_1054.jpg || D:\AI_Agriculture_Dataset\RAW_DATASETS\Bottle_Gourd\BG05_CAIRrlder\CAIR-BGD-2025 Annotated Dataset\Bottle Gourd Disease Augmented Dataset\Dry Leaf\Dry Leaf00321_rotated_624.jpg || D:\AI_Agriculture_Dataset\RAW_DATASETS\Bottle_Gourd\BG05_CAIRrlder\CAIR-BGD-2025 Annotated Dataset\Bottle Gourd Disease Augmented Dataset\Dry Leaf\Dry Leaf00321_rotated_662.jpg
770,58d7d37a08bc720c896dfd162765f02023eebd940fa680408bb15a912ce294a8,2,WITHIN_DATASET,BG05_CAIR,D:\AI_Agriculture_Dataset\RAW_DATASETS\Bottle_Gourd\BG05_CAIRrlder\CAIR-BGD-2025 Annotated Dataset\Bottle Gourd Disease Augmented Dataset\Dry Leaf\Dry Leaf00322_rotated_1056.jpg || D:\AI_Agriculture_Dataset\RAW_DATASETS\Bottle_Gourd\BG05_CAIRrlder\CAIR-BGD-2025 Annotated Dataset\Bottle Gourd Disease Augmented Dataset\Dry Leaf\Dry Leaf00322_rotated_207.jpg
771,0caf13fb0b5bbe6f2dea1f16b0b89e40da0633da9319530c0540240757d61fc5,2,WITHIN_DATASET,BG05_CAIR,D:\AI_Agriculture_Dataset\RAW_DATASETS\Bottle_Gourd\BG05_CAIRrlder\CAIR-BGD-2025 Annotated Dataset\Bottle Gourd Disease Augmented Dataset\Dry Leaf\Dry Leaf00323_flipped_456.jpg || D:\AI_Agriculture_Dataset\RAW_DATASETS\Bottle_Gourd\BG05_CAIRrlder\CAIR-BGD-2025 Annotated Dataset\Bottle Gourd Disease Augmented Dataset\Dry Leaf\Dry Leaf00323_flipped_573.jpg
772,7c9e2525739912bc978590d2e8db798ef82cd15e4191666890bd0ecb7455d607,2,WITHIN_DATASET,BG05_CAIR,D:\AI_Agriculture_Dataset\RAW_DATASETS\Bottle_Gourd\BG05_CAIRrlder\CAIR-BGD-2025 Annotated Dataset\Bottle Gourd Disease Augmented Dataset\Dry Leaf\Dry Leaf00324_rotated_1232.jpg || D:\AI_Agriculture_Dataset\RAW_DATASETS\Bottle_Gourd\BG05_CAIRrlder\CAIR-BGD-2025 Annotated Dataset\Bottle Gourd Disease Augmented Dataset\Dry Leaf\Dry Leaf00324_rotated_556.jpg
773,0f4d50deefe94678b07d4801f521e2bf8f0953dd050536405b6769449b13de74,2,WITHIN_DATASET,BG05_CAIR,D:\AI_Agriculture_Dataset\RAW_DATASETS\Bottle_Gourd\BG05_CAIRrlder\CAIR-BGD-2025 Annotated Dataset\Bottle Gourd Disease Augmented Dataset\Dry Leaf\Dry Leaf00326_shifted_1188.jpg || D:\AI_Agriculture_Dataset\RAW_DATASETS\Bottle_Gourd\BG05_CAIRrlder\CAIR-BGD-2025 Annotated Dataset\Bottle Gourd Disease Augmented Dataset\Dry Leaf\Dry Leaf00326_shifted_768.jpg
774,409f99c7373287a4c8de5e67dca3e48981a487dbefbeaa53ea9803dac3550825,2,WITHIN_DATASET,BG05_CAIR,D:\AI_Agriculture_Dataset\RAW_DATASETS\Bottle_Gourd\BG05_CAIRrlder\CAIR-BGD-2025 Annotated Dataset\Bottle Gourd Disease Augmented Dataset\Dry Leaf\Dry Leaf00329_rotated_1152.jpg || D:\AI_Agriculture_Dataset\RAW_DATASETS\Bottle_Gourd\BG05_CAIRrlder\CAIR-BGD-2025 Annotated Dataset\Bottle Gourd Disease Augmented Dataset\Dry Leaf\Dry Leaf00329_rotated_49.jpg
775,cdbcfc44dafc1e5636417912c74934b199b607a4094e18f4fed6eeeccbb5b289,2,WITHIN_DATASET,BG05_CAIR,D:\AI_Agriculture_Dataset\RAW_DATASETS\Bottle_Gourd\BG05_CAIRrlder\CAIR-BGD-2025 Annotated Dataset\Bottle Gourd Disease Augmented Dataset\Dry Leaf\Dry Leaf00333_shifted_1169.jpg || D:\AI_Agriculture_Dataset\RAW_DATASETS\Bottle_Gourd\BG05_CAIRrlder\CAIR-BGD-2025 Annotated Dataset\Bottle Gourd Disease Augmented Dataset\Dry Leaf\Dry Leaf00333_shifted_472.jpg
776,f805d918b037abf934acda1758039c4d08b20b8ef3cbf422ec6abda7887fa795,2,WITHIN_DATASET,BG05_CAIR,D:\AI_Agriculture_Dataset\RAW_DATASETS\Bottle_Gourd\BG05_CAIRrlder\CAIR-BGD-2025 Annotated Dataset\Bottle Gourd Disease Augmented Dataset\Dry Leaf\Dry Leaf00334_flipped_1426.jpg || D:\AI_Agriculture_Dataset\RAW_DATASETS\Bottle_Gourd\BG05_CAIRrlder\CAIR-BGD-2025 Annotated Dataset\Bottle Gourd Disease Augmented Dataset\Dry Leaf\Dry Leaf00334_flipped_496.jpg
777,058e71b2e03f18b253268ad98bc83e110cdb83e43bd858bf49a12b1d630abba9,2,WITHIN_DATASET,BG05_CAIR,D:\AI_Agriculture_Dataset\RAW_DATASETS\Bottle_Gourd\BG05_CAIRrlder\CAIR-BGD-2025 Annotated Dataset\Bottle Gourd Disease Augmented Dataset\Dry Leaf\Dry Leaf00334_shifted_651.jpg || D:\AI_Agriculture_Dataset\RAW_DATASETS\Bottle_Gourd\BG05_CAIRrlder\CAIR-BGD-2025 Annotated Dataset\Bottle Gourd Disease Augmented Dataset\Dry Leaf\Dry Leaf00334_shifted_695.jpg
778,bb6f1b7130903a085f613485dcf25c69ca069da56d0e6734286a36f5f445045a,2,WITHIN_DATASET,BG05_CAIR,D:\AI_Agriculture_Dataset\RAW_DATASETS\Bottle_Gourd\BG05_CAIRrlder\CAIR-BGD-2025 Annotated Dataset\Bottle Gourd Disease Augmented Dataset\Dry Leaf\Dry Leaf00337_rotated_210.jpg || D:\AI_Agriculture_Dataset\RAW_DATASETS\Bottle_Gourd\BG05_CAIRrlder\CAIR-BGD-2025 Annotated Dataset\Bottle Gourd Disease Augmented Dataset\Dry Leaf\Dry Leaf00337_rotated_937.jpg
779,2026e10ca4aab7dc16b2c95b0f4f06148a3c356377a7c75e76e2904b652b734e,2,WITHIN_DATASET,BG05_CAIR,D:\AI_Agriculture_Dataset\RAW_DATASETS\Bottle_Gourd\BG05_CAIRrlder\CAIR-BGD-2025 Annotated Dataset\Bottle Gourd Disease Augmented Dataset\Dry Leaf\Dry Leaf00338_shifted_1062.jpg || D:\AI_Agriculture_Dataset\RAW_DATASETS\Bottle_Gourd\BG05_CAIRrlder\CAIR-BGD-2025 Annotated Dataset\Bottle Gourd Disease Augmented Dataset\Dry Leaf\Dry Leaf00338_shifted_1079.jpg
780,143ed373bc96ed09e63caadc3d5e5a2ae880f52666eec47a68d571634be86705,2,WITHIN_DATASET,BG05_CAIR,D:\AI_Agriculture_Dataset\RAW_DATASETS\Bottle_Gourd\BG05_CAIRrlder\CAIR-BGD-2025 Annotated Dataset\Bottle Gourd Disease Augmented Dataset\Dry Leaf\Dry Leaf00343_rotated_1043.jpg || D:\AI_Agriculture_Dataset\RAW_DATASETS\Bottle_Gourd\BG05_CAIRrlder\CAIR-BGD-2025 Annotated Dataset\Bottle Gourd Disease Augmented Dataset\Dry Leaf\Dry Leaf00343_rotated_1186.jpg
781,da7332f4d9a3421f90f16767106abb64ffcfe9b794fd037710a00ede39e42082,2,WITHIN_DATASET,BG05_CAIR,D:\AI_Agriculture_Dataset\RAW_DATASETS\Bottle_Gourd\BG05_CAIRrlder\CAIR-BGD-2025 Annotated Dataset\Bottle Gourd Disease Augmented Dataset\Dry Leaf\Dry Leaf00345_shifted_109.jpg || D:\AI_Agriculture_Dataset\RAW_DATASETS\Bottle_Gourd\BG05_CAIRrlder\CAIR-BGD-2025 Annotated Dataset\Bottle Gourd Disease Augmented Dataset\Dry Leaf\Dry Leaf00345_shifted_1496.jpg
782,1046701dd4f54d74f5528b539064b5929ffd3d59677333c3e0e68f162b70f234,2,WITHIN_DATASET,BG05_CAIR,D:\AI_Agriculture_Dataset\RAW_DATASETS\Bottle_Gourd\BG05_CAIRrlder\CAIR-BGD-2025 Annotated Dataset\Bottle Gourd Disease Augmented Dataset\Dry Leaf\Dry Leaf00346_shifted_1226.jpg || D:\AI_Agriculture_Dataset\RAW_DATASETS\Bottle_Gourd\BG05_CAIRrlder\CAIR-BGD-2025 Annotated Dataset\Bottle Gourd Disease Augmented Dataset\Dry Leaf\Dry Leaf00346_shifted_882.jpg
783,7457b5b0f5cf1f91921759031b7aa00586f8783f4becd1c0b0ec80b91c11f5ac,2,WITHIN_DATASET,BG05_CAIR,D:\AI_Agriculture_Dataset\RAW_DATASETS\Bottle_Gourd\BG05_CAIRrlder\CAIR-BGD-2025 Annotated Dataset\Bottle Gourd Disease Augmented Dataset\Dry Leaf\Dry Leaf00347_rotated_1393.jpg || D:\AI_Agriculture_Dataset\RAW_DATASETS\Bottle_Gourd\BG05_CAIRrlder\CAIR-BGD-2025 Annotated Dataset\Bottle Gourd Disease Augmented Dataset\Dry Leaf\Dry Leaf00347_rotated_724.jpg
784,5ae6de2d9717c476433a6b80e3c0c04786451f54d00984135562c417fa340897,2,WITHIN_DATASET,BG05_CAIR,D:\AI_Agriculture_Dataset\RAW_DATASETS\Bottle_Gourd\BG05_CAIRrlder\CAIR-BGD-2025 Annotated Dataset\Bottle Gourd Disease Augmented Dataset\Dry Leaf\Dry Leaf00349_flipped_1354.jpg || D:\AI_Agriculture_Dataset\RAW_DATASETS\Bottle_Gourd\BG05_CAIRrlder\CAIR-BGD-2025 Annotated Dataset\Bottle Gourd Disease Augmented Dataset\Dry Leaf\Dry Leaf00349_flipped_1449.jpg
785,8280bee053a5b9ddb25a8501bf70adda281ebe279c4016f3a2e57446f8f1a3e4,2,WITHIN_DATASET,BG05_CAIR,D:\AI_Agriculture_Dataset\RAW_DATASETS\Bottle_Gourd\BG05_CAIRrlder\CAIR-BGD-2025 Annotated Dataset\Bottle Gourd Disease Augmented Dataset\Dry Leaf\Dry Leaf00349_shifted_885.jpg || D:\AI_Agriculture_Dataset\RAW_DATASETS\Bottle_Gourd\BG05_CAIRrlder\CAIR-BGD-2025 Annotated Dataset\Bottle Gourd Disease Augmented Dataset\Dry Leaf\Dry Leaf00349_shifted_931.jpg
786,93cdca89578151934231371374b9d2cfae3b6202562d32b0b0e6fbb7828706e6,2,WITHIN_DATASET,BG05_CAIR,D:\AI_Agriculture_Dataset\RAW_DATASETS\Bottle_Gourd\BG05_CAIRrlder\CAIR-BGD-2025 Annotated Dataset\Bottle Gourd Disease Augmented Dataset\Dry Leaf\Dry Leaf00351_shifted_1389.jpg || D:\AI_Agriculture_Dataset\RAW_DATASETS\Bottle_Gourd\BG05_CAIRrlder\CAIR-BGD-2025 Annotated Dataset\Bottle Gourd Disease Augmented Dataset\Dry Leaf\Dry Leaf00351_shifted_1391.jpg
787,d3c3fceb54c11ea28791b91459d58ccba670080197f60d8cf0bb4b08c64fe496,2,WITHIN_DATASET,BG05_CAIR,D:\AI_Agriculture_Dataset\RAW_DATASETS\Bottle_Gourd\BG05_CAIRrlder\CAIR-BGD-2025 Annotated Dataset\Bottle Gourd Disease Augmented Dataset\Dry Leaf\Dry Leaf00352_flipped_1398.jpg || D:\AI_Agriculture_Dataset\RAW_DATASETS\Bottle_Gourd\BG05_CAIRrlder\CAIR-BGD-2025 Annotated Dataset\Bottle Gourd Disease Augmented Dataset\Dry Leaf\Dry Leaf00352_flipped_314.jpg
788,d30a2afa50a29bc7b15a038cb6684e63d91f27e76d0c25a52027ede03988c4e9,2,WITHIN_DATASET,BG05_CAIR,D:\AI_Agriculture_Dataset\RAW_DATASETS\Bottle_Gourd\BG05_CAIRrlder\CAIR-BGD-2025 Annotated Dataset\Bottle Gourd Disease Augmented Dataset\Dry Leaf\Dry Leaf00356_flipped_1300.jpg || D:\AI_Agriculture_Dataset\RAW_DATASETS\Bottle_Gourd\BG05_CAIRrlder\CAIR-BGD-2025 Annotated Dataset\Bottle Gourd Disease Augmented Dataset\Dry Leaf\Dry Leaf00356_flipped_535.jpg
789,bc3d153600e3e8a497bef33426b30473a5e0ccee80fb1d1b61205284bcd7f5a2,2,WITHIN_DATASET,BG05_CAIR,D:\AI_Agriculture_Dataset\RAW_DATASETS\Bottle_Gourd\BG05_CAIRrlder\CAIR-BGD-2025 Annotated Dataset\Bottle Gourd Disease Augmented Dataset\Dry Leaf\Dry Leaf00357_rotated_39.jpg || D:\AI_Agriculture_Dataset\RAW_DATASETS\Bottle_Gourd\BG05_CAIRrlder\CAIR-BGD-2025 Annotated Dataset\Bottle Gourd Disease Augmented Dataset\Dry Leaf\Dry Leaf00357_rotated_764.jpg
790,2f2e953081fbe42357058a85699951f931d05f93fff0e722030ff2b25749e6d5,3,WITHIN_DATASET,BG05_CAIR,D:\AI_Agriculture_Dataset\RAW_DATASETS\Bottle_Gourd\BG05_CAIRrlder\CAIR-BGD-2025 Annotated Dataset\Bottle Gourd Disease Augmented Dataset\Dry Leaf\Dry Leaf00357_shifted_1334.jpg || D:\AI_Agriculture_Dataset\RAW_DATASETS\Bottle_Gourd\BG05_CAIRrlder\CAIR-BGD-2025 Annotated Dataset\Bottle Gourd Disease Augmented Dataset\Dry Leaf\Dry Leaf00357_shifted_1431.jpg || D:\AI_Agriculture_Dataset\RAW_DATASETS\Bottle_Gourd\BG05_CAIRrlder\CAIR-BGD-2025 Annotated Dataset\Bottle Gourd Disease Augmented Dataset\Dry Leaf\Dry Leaf00357_shifted_446.jpg
791,a884dc1ce5c304e58a6ac6be10833c41d377f54fd9368919da1eff0e01928936,2,WITHIN_DATASET,BG05_CAIR,D:\AI_Agriculture_Dataset\RAW_DATASETS\Bottle_Gourd\BG05_CAIRrlder\CAIR-BGD-2025 Annotated Dataset\Bottle Gourd Disease Augmented Dataset\Dry Leaf\Dry Leaf00358_shifted_108.jpg || D:\AI_Agriculture_Dataset\RAW_DATASETS\Bottle_Gourd\BG05_CAIRrlder\CAIR-BGD-2025 Annotated Dataset\Bottle Gourd Disease Augmented Dataset\Dry Leaf\Dry Leaf00358_shifted_41.jpg
792,d48d875ea7c12ef806a16bae0edcd8fbfab2321d5cf0e095df2e845cb6102aad,2,WITHIN_DATASET,BG05_CAIR,D:\AI_Agriculture_Dataset\RAW_DATASETS\Bottle_Gourd\BG05_CAIRrlder\CAIR-BGD-2025 Annotated Dataset\Bottle Gourd Disease Augmented Dataset\Dry Leaf\Dry Leaf00360_rotated_47.jpg || D:\AI_Agriculture_Dataset\RAW_DATASETS\Bottle_Gourd\BG05_CAIRrlder\CAIR-BGD-2025 Annotated Dataset\Bottle Gourd Disease Augmented Dataset\Dry Leaf\Dry Leaf00360_rotated_736.jpg
793,35deb3457acffc61d5e769483e6913ad6d258b722b1c5f3ed9a7caf5eb1948b7,2,WITHIN_DATASET,BG05_CAIR,D:\AI_Agriculture_Dataset\RAW_DATASETS\Bottle_Gourd\BG05_CAIRrlder\CAIR-BGD-2025 Annotated Dataset\Bottle Gourd Disease Augmented Dataset\Dry Leaf\Dry Leaf00361_rotated_477.jpg || D:\AI_Agriculture_Dataset\RAW_DATASETS\Bottle_Gourd\BG05_CAIRrlder\CAIR-BGD-2025 Annotated Dataset\Bottle Gourd Disease Augmented Dataset\Dry Leaf\Dry Leaf00361_rotated_715.jpg
794,9bcf81eb98b32a5b8534fafe9a68fd7e38fd5b9e2a944d664627440de27243a1,2,WITHIN_DATASET,BG05_CAIR,D:\AI_Agriculture_Dataset\RAW_DATASETS\Bottle_Gourd\BG05_CAIRrlder\CAIR-BGD-2025 Annotated Dataset\Bottle Gourd Disease Augmented Dataset\Healthy Leaf\Healthy Leaf00005_shifted_1027.jpg || D:\AI_Agriculture_Dataset\RAW_DATASETS\Bottle_Gourd\BG05_CAIRrlder\CAIR-BGD-2025 Annotated Dataset\Bottle Gourd Disease Augmented Dataset\Healthy Leaf\Healthy Leaf00005_shifted_885.jpg
795,7f7053faa2473d87de6aaf8d5006939d884a631466ce5104d8fadf2054322fd3,2,WITHIN_DATASET,BG05_CAIR,D:\AI_Agriculture_Dataset\RAW_DATASETS\Bottle_Gourd\BG05_CAIRrlder\CAIR-BGD-2025 Annotated Dataset\Bottle Gourd Disease Augmented Dataset\Healthy Leaf\Healthy Leaf00010_rotated_768.jpg || D:\AI_Agriculture_Dataset\RAW_DATASETS\Bottle_Gourd\BG05_CAIRrlder\CAIR-BGD-2025 Annotated Dataset\Bottle Gourd Disease Augmented Dataset\Healthy Leaf\Healthy Leaf00010_rotated_876.jpg
796,1822cf3efddb8bddd15321fed73272147f5cfddae1358e2c89ecfec024f5e792,2,WITHIN_DATASET,BG05_CAIR,D:\AI_Agriculture_Dataset\RAW_DATASETS\Bottle_Gourd\BG05_CAIRrlder\CAIR-BGD-2025 Annotated Dataset\Bottle Gourd Disease Augmented Dataset\Healthy Leaf\Healthy Leaf00018_shifted_1431.jpg || D:\AI_Agriculture_Dataset\RAW_DATASETS\Bottle_Gourd\BG05_CAIRrlder\CAIR-BGD-2025 Annotated Dataset\Bottle Gourd Disease Augmented Dataset\Healthy Leaf\Healthy Leaf00018_shifted_868.jpg
797,96627a2891de0f67713ec0da3c13c866e0b7829fb738abcf35f3805e6fed3491,2,WITHIN_DATASET,BG05_CAIR,D:\AI_Agriculture_Dataset\RAW_DATASETS\Bottle_Gourd\BG05_CAIRrlder\CAIR-BGD-2025 Annotated Dataset\Bottle Gourd Disease Augmented Dataset\Healthy Leaf\Healthy Leaf00023_rotated_1414.jpg || D:\AI_Agriculture_Dataset\RAW_DATASETS\Bottle_Gourd\BG05_CAIRrlder\CAIR-BGD-2025 Annotated Dataset\Bottle Gourd Disease Augmented Dataset\Healthy Leaf\Healthy Leaf00023_rotated_1460.jpg
798,63bbdeea99305f85c3734e98cc0bedd6a59e4814f6a98dfbd177f8fd5e1204d3,2,WITHIN_DATASET,BG05_CAIR,D:\AI_Agriculture_Dataset\RAW_DATASETS\Bottle_Gourd\BG05_CAIRrlder\CAIR-BGD-2025 Annotated Dataset\Bottle Gourd Disease Augmented Dataset\Healthy Leaf\Healthy Leaf00024_flipped_140.jpg || D:\AI_Agriculture_Dataset\RAW_DATASETS\Bottle_Gourd\BG05_CAIRrlder\CAIR-BGD-2025 Annotated Dataset\Bottle Gourd Disease Augmented Dataset\Healthy Leaf\Healthy Leaf00024_flipped_419.jpg
799,5b5e630cefda61bf696a782fca3ab0e08fba2fffe6f204bc3bcbbcfac772c0c9,4,WITHIN_DATASET,BG05_CAIR,D:\AI_Agriculture_Dataset\RAW_DATASETS\Bottle_Gourd\BG05_CAIRrlder\CAIR-BGD-2025 Annotated Dataset\Bottle Gourd Disease Augmented Dataset\Healthy Leaf\Healthy Leaf00024_shifted_1127.jpg || D:\AI_Agriculture_Dataset\RAW_DATASETS\Bottle_Gourd\BG05_CAIRrlder\CAIR-BGD-2025 Annotated Dataset\Bottle Gourd Disease Augmented Dataset\Healthy Leaf\Healthy Leaf00024_shifted_1447.jpg || D:\AI_Agriculture_Dataset\RAW_DATASETS\Bottle_Gourd\BG05_CAIRrlder\CAIR-BGD-2025 Annotated Dataset\Bottle Gourd Disease Augmented Dataset\Healthy Leaf\Healthy Leaf00024_shifted_274.jpg || D:\AI_Agriculture_Dataset\RAW_DATASETS\Bottle_Gourd\BG05_CAIRrlder\CAIR-BGD-2025 Annotated Dataset\Bottle Gourd Disease Augmented Dataset\Healthy Leaf\Healthy Leaf00024_shifted_936.jpg
800,be3b11b762b02f1b40ef4b40df1f31717e6bf9d395f6031170090ab928ca142f,2,WITHIN_DATASET,BG05_CAIR,D:\AI_Agriculture_Dataset\RAW_DATASETS\Bottle_Gourd\BG05_CAIRrlder\CAIR-BGD-2025 Annotated Dataset\Bottle Gourd Disease Augmented Dataset\Healthy Leaf\Healthy Leaf00027_flipped_1042.jpg || D:\AI_Agriculture_Dataset\RAW_DATASETS\Bottle_Gourd\BG05_CAIRrlder\CAIR-BGD-2025 Annotated Dataset\Bottle Gourd Disease Augmented Dataset\Healthy Leaf\Healthy Leaf00027_flipped_1297.jpg
801,e16dcd061b6b7f79f20228e8bf68d508a5598383bd3c9bb47a87085c789685ee,2,WITHIN_DATASET,BG05_CAIR,D:\AI_Agriculture_Dataset\RAW_DATASETS\Bottle_Gourd\BG05_CAIRrlder\CAIR-BGD-2025 Annotated Dataset\Bottle Gourd Disease Augmented Dataset\Healthy Leaf\Healthy Leaf00028_rotated_148.jpg || D:\AI_Agriculture_Dataset\RAW_DATASETS\Bottle_Gourd\BG05_CAIRrlder\CAIR-BGD-2025 Annotated Dataset\Bottle Gourd Disease Augmented Dataset\Healthy Leaf\Healthy Leaf00028_rotated_334.jpg
802,cd7f35edb262de7579d3b23c5f130fa756f7f3db59c9c07e3f30ff8192fb9412,2,WITHIN_DATASET,BG05_CAIR,D:\AI_Agriculture_Dataset\RAW_DATASETS\Bottle_Gourd\BG05_CAIRrlder\CAIR-BGD-2025 Annotated Dataset\Bottle Gourd Disease Augmented Dataset\Healthy Leaf\Healthy Leaf00030_shifted_466.jpg || D:\AI_Agriculture_Dataset\RAW_DATASETS\Bottle_Gourd\BG05_CAIRrlder\CAIR-BGD-2025 Annotated Dataset\Bottle Gourd Disease Augmented Dataset\Healthy Leaf\Healthy Leaf00030_shifted_559.jpg
803,1feb7b48705493e6fff65401a49eb7bf33ad2f2c0355395d4fe4f37942981ad8,3,WITHIN_DATASET,BG05_CAIR,D:\AI_Agriculture_Dataset\RAW_DATASETS\Bottle_Gourd\BG05_CAIRrlder\CAIR-BGD-2025 Annotated Dataset\Bottle Gourd Disease Augmented Dataset\Healthy Leaf\Healthy Leaf00032_shifted_354.jpg || D:\AI_Agriculture_Dataset\RAW_DATASETS\Bottle_Gourd\BG05_CAIRrlder\CAIR-BGD-2025 Annotated Dataset\Bottle Gourd Disease Augmented Dataset\Healthy Leaf\Healthy Leaf00032_shifted_511.jpg || D:\AI_Agriculture_Dataset\RAW_DATASETS\Bottle_Gourd\BG05_CAIRrlder\CAIR-BGD-2025 Annotated Dataset\Bottle Gourd Disease Augmented Dataset\Healthy Leaf\Healthy Leaf00032_shifted_883.jpg
804,5de873a10489763d29ee5b712261fe0541a2f1f0aaed71e234705e26f531e93f,2,WITHIN_DATASET,BG05_CAIR,D:\AI_Agriculture_Dataset\RAW_DATASETS\Bottle_Gourd\BG05_CAIRrlder\CAIR-BGD-2025 Annotated Dataset\Bottle Gourd Disease Augmented Dataset\Healthy Leaf\Healthy Leaf00034_rotated_1495.jpg || D:\AI_Agriculture_Dataset\RAW_DATASETS\Bottle_Gourd\BG05_CAIRrlder\CAIR-BGD-2025 Annotated Dataset\Bottle Gourd Disease Augmented Dataset\Healthy Leaf\Healthy Leaf00034_rotated_418.jpg
805,e3dee9ec42b1ecacff40ad7f2530cfb2ace341dc6b235b7b3a227090232c2aa2,2,WITHIN_DATASET,BG05_CAIR,D:\AI_Agriculture_Dataset\RAW_DATASETS\Bottle_Gourd\BG05_CAIRrlder\CAIR-BGD-2025 Annotated Dataset\Bottle Gourd Disease Augmented Dataset\Healthy Leaf\Healthy Leaf00035_flipped_834.jpg || D:\AI_Agriculture_Dataset\RAW_DATASETS\Bottle_Gourd\BG05_CAIRrlder\CAIR-BGD-2025 Annotated Dataset\Bottle Gourd Disease Augmented Dataset\Healthy Leaf\Healthy Leaf00035_flipped_86.jpg
806,71ee37d73196a8e76f8bede1886b19fb49c775e11cc3c2d9e8796c2ccef6cbae,2,WITHIN_DATASET,BG05_CAIR,D:\AI_Agriculture_Dataset\RAW_DATASETS\Bottle_Gourd\BG05_CAIRrlder\CAIR-BGD-2025 Annotated Dataset\Bottle Gourd Disease Augmented Dataset\Healthy Leaf\Healthy Leaf00040_flipped_391.jpg || D:\AI_Agriculture_Dataset\RAW_DATASETS\Bottle_Gourd\BG05_CAIRrlder\CAIR-BGD-2025 Annotated Dataset\Bottle Gourd Disease Augmented Dataset\Healthy Leaf\Healthy Leaf00040_flipped_617.jpg
807,dc67e0f9b9ab05a1ebf8d955afdbfe01da0b837f455286939562c62297587ca0,2,WITHIN_DATASET,BG05_CAIR,D:\AI_Agriculture_Dataset\RAW_DATASETS\Bottle_Gourd\BG05_CAIRrlder\CAIR-BGD-2025 Annotated Dataset\Bottle Gourd Disease Augmented Dataset\Healthy Leaf\Healthy Leaf00040_shifted_584.jpg || D:\AI_Agriculture_Dataset\RAW_DATASETS\Bottle_Gourd\BG05_CAIRrlder\CAIR-BGD-2025 Annotated Dataset\Bottle Gourd Disease Augmented Dataset\Healthy Leaf\Healthy Leaf00040_shifted_943.jpg
808,2c2e1762be7a7c0c38e7cfe209de5e8eb2d550016d1e4b12ac514f70e1ddc327,2,WITHIN_DATASET,BG05_CAIR,D:\AI_Agriculture_Dataset\RAW_DATASETS\Bottle_Gourd\BG05_CAIRrlder\CAIR-BGD-2025 Annotated Dataset\Bottle Gourd Disease Augmented Dataset\Healthy Leaf\Healthy Leaf00042_flipped_375.jpg || D:\AI_Agriculture_Dataset\RAW_DATASETS\Bottle_Gourd\BG05_CAIRrlder\CAIR-BGD-2025 Annotated Dataset\Bottle Gourd Disease Augmented Dataset\Healthy Leaf\Healthy Leaf00042_flipped_502.jpg
809,7bc5247f9f8e2cad8f80eee825add673ddd776f7b050a73cbbd673805dfb332a,2,WITHIN_DATASET,BG05_CAIR,D:\AI_Agriculture_Dataset\RAW_DATASETS\Bottle_Gourd\BG05_CAIRrlder\CAIR-BGD-2025 Annotated Dataset\Bottle Gourd Disease Augmented Dataset\Healthy Leaf\Healthy Leaf00043_flipped_1302.jpg || D:\AI_Agriculture_Dataset\RAW_DATASETS\Bottle_Gourd\BG05_CAIRrlder\CAIR-BGD-2025 Annotated Dataset\Bottle Gourd Disease Augmented Dataset\Healthy Leaf\Healthy Leaf00043_flipped_1473.jpg
810,f28dee11e11932f165d203deea9f5801a12f9f0926551fef31ba1993dde8d950,2,WITHIN_DATASET,BG05_CAIR,D:\AI_Agriculture_Dataset\RAW_DATASETS\Bottle_Gourd\BG05_CAIRrlder\CAIR-BGD-2025 Annotated Dataset\Bottle Gourd Disease Augmented Dataset\Healthy Leaf\Healthy Leaf00044_flipped_1161.jpg || D:\AI_Agriculture_Dataset\RAW_DATASETS\Bottle_Gourd\BG05_CAIRrlder\CAIR-BGD-2025 Annotated Dataset\Bottle Gourd Disease Augmented Dataset\Healthy Leaf\Healthy Leaf00044_flipped_427.jpg
811,4c21168b5f7e311323532b1e16b48c1a87d865285ddf9afe5084c828cca3a365,2,WITHIN_DATASET,BG05_CAIR,D:\AI_Agriculture_Dataset\RAW_DATASETS\Bottle_Gourd\BG05_CAIRrlder\CAIR-BGD-2025 Annotated Dataset\Bottle Gourd Disease Augmented Dataset\Healthy Leaf\Healthy Leaf00045_flipped_28.jpg || D:\AI_Agriculture_Dataset\RAW_DATASETS\Bottle_Gourd\BG05_CAIRrlder\CAIR-BGD-2025 Annotated Dataset\Bottle Gourd Disease Augmented Dataset\Healthy Leaf\Healthy Leaf00045_flipped_710.jpg
812,8a2c094640b6fb8181f20023d2618e66e5cfdb9600ba965e450d98d79d3373ae,2,WITHIN_DATASET,BG05_CAIR,D:\AI_Agriculture_Dataset\RAW_DATASETS\Bottle_Gourd\BG05_CAIRrlder\CAIR-BGD-2025 Annotated Dataset\Bottle Gourd Disease Augmented Dataset\Healthy Leaf\Healthy Leaf00047_flipped_1008.jpg || D:\AI_Agriculture_Dataset\RAW_DATASETS\Bottle_Gourd\BG05_CAIRrlder\CAIR-BGD-2025 Annotated Dataset\Bottle Gourd Disease Augmented Dataset\Healthy Leaf\Healthy Leaf00047_flipped_1329.jpg
813,e42da5ba5bad3658542afb08f3c7f605677ed4034f8637caf7b07af1820fcf6b,2,WITHIN_DATASET,BG05_CAIR,D:\AI_Agriculture_Dataset\RAW_DATASETS\Bottle_Gourd\BG05_CAIRrlder\CAIR-BGD-2025 Annotated Dataset\Bottle Gourd Disease Augmented Dataset\Healthy Leaf\Healthy Leaf00049_rotated_1123.jpg || D:\AI_Agriculture_Dataset\RAW_DATASETS\Bottle_Gourd\BG05_CAIRrlder\CAIR-BGD-2025 Annotated Dataset\Bottle Gourd Disease Augmented Dataset\Healthy Leaf\Healthy Leaf00049_rotated_384.jpg
814,2af306e8619236136c5288b5d0ff0079e70d869d2de9a009e6fa543db7b02cbd,2,WITHIN_DATASET,BG05_CAIR,D:\AI_Agriculture_Dataset\RAW_DATASETS\Bottle_Gourd\BG05_CAIRrlder\CAIR-BGD-2025 Annotated Dataset\Bottle Gourd Disease Augmented Dataset\Healthy Leaf\Healthy Leaf00051_rotated_1328.jpg || D:\AI_Agriculture_Dataset\RAW_DATASETS\Bottle_Gourd\BG05_CAIRrlder\CAIR-BGD-2025 Annotated Dataset\Bottle Gourd Disease Augmented Dataset\Healthy Leaf\Healthy Leaf00051_rotated_863.jpg
815,8374d9724a9f31b2c6c645eef3749d7179a8e08649d1f194cad3e7235bdf4988,2,WITHIN_DATASET,BG05_CAIR,D:\AI_Agriculture_Dataset\RAW_DATASETS\Bottle_Gourd\BG05_CAIRrlder\CAIR-BGD-2025 Annotated Dataset\Bottle Gourd Disease Augmented Dataset\Healthy Leaf\Healthy Leaf00054_flipped_326.jpg || D:\AI_Agriculture_Dataset\RAW_DATASETS\Bottle_Gourd\BG05_CAIRrlder\CAIR-BGD-2025 Annotated Dataset\Bottle Gourd Disease Augmented Dataset\Healthy Leaf\Healthy Leaf00054_flipped_984.jpg
816,2363330a211fdc065ae25bda48766a31d79cf9a91f55c64564b779170fec02ee,2,WITHIN_DATASET,BG05_CAIR,D:\AI_Agriculture_Dataset\RAW_DATASETS\Bottle_Gourd\BG05_CAIRrlder\CAIR-BGD-2025 Annotated Dataset\Bottle Gourd Disease Augmented Dataset\Healthy Leaf\Healthy Leaf00061_shifted_172.jpg || D:\AI_Agriculture_Dataset\RAW_DATASETS\Bottle_Gourd\BG05_CAIRrlder\CAIR-BGD-2025 Annotated Dataset\Bottle Gourd Disease Augmented Dataset\Healthy Leaf\Healthy Leaf00061_shifted_520.jpg
817,9ce6526b02bfc8d17b0880d71ad1849457d5b05b68fff643c7f6ceb34d73454c,2,WITHIN_DATASET,BG05_CAIR,D:\AI_Agriculture_Dataset\RAW_DATASETS\Bottle_Gourd\BG05_CAIRrlder\CAIR-BGD-2025 Annotated Dataset\Bottle Gourd Disease Augmented Dataset\Healthy Leaf\Healthy Leaf00064_shifted_1197.jpg || D:\AI_Agriculture_Dataset\RAW_DATASETS\Bottle_Gourd\BG05_CAIRrlder\CAIR-BGD-2025 Annotated Dataset\Bottle Gourd Disease Augmented Dataset\Healthy Leaf\Healthy Leaf00064_shifted_39.jpg
818,a48b6afc5dc4ab0c44465dc1f0cc484b4dcc096ba24963fe22495bad4c20cca5,2,WITHIN_DATASET,BG05_CAIR,D:\AI_Agriculture_Dataset\RAW_DATASETS\Bottle_Gourd\BG05_CAIRrlder\CAIR-BGD-2025 Annotated Dataset\Bottle Gourd Disease Augmented Dataset\Healthy Leaf\Healthy Leaf00065_shifted_571.jpg || D:\AI_Agriculture_Dataset\RAW_DATASETS\Bottle_Gourd\BG05_CAIRrlder\CAIR-BGD-2025 Annotated Dataset\Bottle Gourd Disease Augmented Dataset\Healthy Leaf\Healthy Leaf00065_shifted_697.jpg
819,fe45b96e4b715774b52972c104d4921573b240c7e8b63f2c89599433f7df75ab,2,WITHIN_DATASET,BG05_CAIR,D:\AI_Agriculture_Dataset\RAW_DATASETS\Bottle_Gourd\BG05_CAIRrlder\CAIR-BGD-2025 Annotated Dataset\Bottle Gourd Disease Augmented Dataset\Healthy Leaf\Healthy Leaf00068_shifted_612.jpg || D:\AI_Agriculture_Dataset\RAW_DATASETS\Bottle_Gourd\BG05_CAIRrlder\CAIR-BGD-2025 Annotated Dataset\Bottle Gourd Disease Augmented Dataset\Healthy Leaf\Healthy Leaf00068_shifted_793.jpg
820,ae8f2c59822cc547979d3d0940bba5d076b102750178aecfaa653718618a5df9,2,WITHIN_DATASET,BG05_CAIR,D:\AI_Agriculture_Dataset\RAW_DATASETS\Bottle_Gourd\BG05_CAIRrlder\CAIR-BGD-2025 Annotated Dataset\Bottle Gourd Disease Augmented Dataset\Healthy Leaf\Healthy Leaf00073_flipped_1320.jpg || D:\AI_Agriculture_Dataset\RAW_DATASETS\Bottle_Gourd\BG05_CAIRrlder\CAIR-BGD-2025 Annotated Dataset\Bottle Gourd Disease Augmented Dataset\Healthy Leaf\Healthy Leaf00073_flipped_365.jpg
821,ad45ff5a69147591613da6abb5c0048393595053042911cbcd3d86a281b2bf04,2,WITHIN_DATASET,BG05_CAIR,D:\AI_Agriculture_Dataset\RAW_DATASETS\Bottle_Gourd\BG05_CAIRrlder\CAIR-BGD-2025 Annotated Dataset\Bottle Gourd Disease Augmented Dataset\Healthy Leaf\Healthy Leaf00076_flipped_380.jpg || D:\AI_Agriculture_Dataset\RAW_DATASETS\Bottle_Gourd\BG05_CAIRrlder\CAIR-BGD-2025 Annotated Dataset\Bottle Gourd Disease Augmented Dataset\Healthy Leaf\Healthy Leaf00076_flipped_754.jpg
822,8338bec057cfbc0e11e4460847a3d511d34561e1248fe3c534936e2474f65e40,2,WITHIN_DATASET,BG05_CAIR,D:\AI_Agriculture_Dataset\RAW_DATASETS\Bottle_Gourd\BG05_CAIRrlder\CAIR-BGD-2025 Annotated Dataset\Bottle Gourd Disease Augmented Dataset\Healthy Leaf\Healthy Leaf00077_rotated_149.jpg || D:\AI_Agriculture_Dataset\RAW_DATASETS\Bottle_Gourd\BG05_CAIRrlder\CAIR-BGD-2025 Annotated Dataset\Bottle Gourd Disease Augmented Dataset\Healthy Leaf\Healthy Leaf00077_rotated_939.jpg
823,4762c3befe25570420d659391d8ebd10fd79dd15f1737a236691512353d9431a,2,WITHIN_DATASET,BG05_CAIR,D:\AI_Agriculture_Dataset\RAW_DATASETS\Bottle_Gourd\BG05_CAIRrlder\CAIR-BGD-2025 Annotated Dataset\Bottle Gourd Disease Augmented Dataset\Healthy Leaf\Healthy Leaf00078_shifted_1359.jpg || D:\AI_Agriculture_Dataset\RAW_DATASETS\Bottle_Gourd\BG05_CAIRrlder\CAIR-BGD-2025 Annotated Dataset\Bottle Gourd Disease Augmented Dataset\Healthy Leaf\Healthy Leaf00078_shifted_9.jpg
824,9c69033b0a5cdaf5275fb0872fb8b86ec818eb92178705366bc0884461d239e1,2,WITHIN_DATASET,BG05_CAIR,D:\AI_Agriculture_Dataset\RAW_DATASETS\Bottle_Gourd\BG05_CAIRrlder\CAIR-BGD-2025 Annotated Dataset\Bottle Gourd Disease Augmented Dataset\Healthy Leaf\Healthy Leaf00079_rotated_503.jpg || D:\AI_Agriculture_Dataset\RAW_DATASETS\Bottle_Gourd\BG05_CAIRrlder\CAIR-BGD-2025 Annotated Dataset\Bottle Gourd Disease Augmented Dataset\Healthy Leaf\Healthy Leaf00079_rotated_950.jpg
825,ee563f1d45cdfdafc71d01e6fbc152610650a4e6422c650b61c4ede0a004ba34,2,WITHIN_DATASET,BG05_CAIR,D:\AI_Agriculture_Dataset\RAW_DATASETS\Bottle_Gourd\BG05_CAIRrlder\CAIR-BGD-2025 Annotated Dataset\Bottle Gourd Disease Augmented Dataset\Healthy Leaf\Healthy Leaf00080_flipped_1226.jpg || D:\AI_Agriculture_Dataset\RAW_DATASETS\Bottle_Gourd\BG05_CAIRrlder\CAIR-BGD-2025 Annotated Dataset\Bottle Gourd Disease Augmented Dataset\Healthy Leaf\Healthy Leaf00080_flipped_719.jpg
826,3407f944efaccfe46a0b35a5ad0abbf0ea4f5ac09c2ae969e68ae1fdf80e1ff4,2,WITHIN_DATASET,BG05_CAIR,D:\AI_Agriculture_Dataset\RAW_DATASETS\Bottle_Gourd\BG05_CAIRrlder\CAIR-BGD-2025 Annotated Dataset\Bottle Gourd Disease Augmented Dataset\Healthy Leaf\Healthy Leaf00082_rotated_1391.jpg || D:\AI_Agriculture_Dataset\RAW_DATASETS\Bottle_Gourd\BG05_CAIRrlder\CAIR-BGD-2025 Annotated Dataset\Bottle Gourd Disease Augmented Dataset\Healthy Leaf\Healthy Leaf00082_rotated_907.jpg
827,6a8f2d7cca11481780a460a97d34111d6cce9d8efd95974ae76817f1b978997e,2,WITHIN_DATASET,BG05_CAIR,D:\AI_Agriculture_Dataset\RAW_DATASETS\Bottle_Gourd\BG05_CAIRrlder\CAIR-BGD-2025 Annotated Dataset\Bottle Gourd Disease Augmented Dataset\Healthy Leaf\Healthy Leaf00083_rotated_1340.jpg || D:\AI_Agriculture_Dataset\RAW_DATASETS\Bottle_Gourd\BG05_CAIRrlder\CAIR-BGD-2025 Annotated Dataset\Bottle Gourd Disease Augmented Dataset\Healthy Leaf\Healthy Leaf00083_rotated_1399.jpg
828,4620fc34e6957572d8e0301d8c62245f4781fe4ad916d3aae8a009e521caca48,2,WITHIN_DATASET,BG05_CAIR,D:\AI_Agriculture_Dataset\RAW_DATASETS\Bottle_Gourd\BG05_CAIRrlder\CAIR-BGD-2025 Annotated Dataset\Bottle Gourd Disease Augmented Dataset\Healthy Leaf\Healthy Leaf00086_flipped_587.jpg || D:\AI_Agriculture_Dataset\RAW_DATASETS\Bottle_Gourd\BG05_CAIRrlder\CAIR-BGD-2025 Annotated Dataset\Bottle Gourd Disease Augmented Dataset\Healthy Leaf\Healthy Leaf00086_flipped_860.jpg
829,4388b36a0c32a46b99d50a571a2517224e19c9630a31654634c45645de3d9f36,2,WITHIN_DATASET,BG05_CAIR,D:\AI_Agriculture_Dataset\RAW_DATASETS\Bottle_Gourd\BG05_CAIRrlder\CAIR-BGD-2025 Annotated Dataset\Bottle Gourd Disease Augmented Dataset\Healthy Leaf\Healthy Leaf00092_rotated_1175.jpg || D:\AI_Agriculture_Dataset\RAW_DATASETS\Bottle_Gourd\BG05_CAIRrlder\CAIR-BGD-2025 Annotated Dataset\Bottle Gourd Disease Augmented Dataset\Healthy Leaf\Healthy Leaf00092_rotated_170.jpg
830,fee81b7df6a5d69bcb41b040e724054e3af9c56e0f3dcfa80790728bd28d8254,4,WITHIN_DATASET,BG05_CAIR,D:\AI_Agriculture_Dataset\RAW_DATASETS\Bottle_Gourd\BG05_CAIRrlder\CAIR-BGD-2025 Annotated Dataset\Bottle Gourd Disease Augmented Dataset\Healthy Leaf\Healthy Leaf00092_shifted_1177.jpg || D:\AI_Agriculture_Dataset\RAW_DATASETS\Bottle_Gourd\BG05_CAIRrlder\CAIR-BGD-2025 Annotated Dataset\Bottle Gourd Disease Augmented Dataset\Healthy Leaf\Healthy Leaf00092_shifted_394.jpg || D:\AI_Agriculture_Dataset\RAW_DATASETS\Bottle_Gourd\BG05_CAIRrlder\CAIR-BGD-2025 Annotated Dataset\Bottle Gourd Disease Augmented Dataset\Healthy Leaf\Healthy Leaf00092_shifted_556.jpg || D:\AI_Agriculture_Dataset\RAW_DATASETS\Bottle_Gourd\BG05_CAIRrlder\CAIR-BGD-2025 Annotated Dataset\Bottle Gourd Disease Augmented Dataset\Healthy Leaf\Healthy Leaf00092_shifted_857.jpg
831,e00711f99cda5816870a5f3be4909b6ef618a32247b4550a491622f976fefbf1,2,WITHIN_DATASET,BG05_CAIR,D:\AI_Agriculture_Dataset\RAW_DATASETS\Bottle_Gourd\BG05_CAIRrlder\CAIR-BGD-2025 Annotated Dataset\Bottle Gourd Disease Augmented Dataset\Healthy Leaf\Healthy Leaf00097_flipped_249.jpg || D:\AI_Agriculture_Dataset\RAW_DATASETS\Bottle_Gourd\BG05_CAIRrlder\CAIR-BGD-2025 Annotated Dataset\Bottle Gourd Disease Augmented Dataset\Healthy Leaf\Healthy Leaf00097_flipped_91.jpg
832,3b826a87ae1606d2b8aa5c6c7cfabb193cb61afef4eafd88fe786d6bb569e65e,2,WITHIN_DATASET,BG05_CAIR,D:\AI_Agriculture_Dataset\RAW_DATASETS\Bottle_Gourd\BG05_CAIRrlder\CAIR-BGD-2025 Annotated Dataset\Bottle Gourd Disease Augmented Dataset\Healthy Leaf\Healthy Leaf00115_flipped_1176.jpg || D:\AI_Agriculture_Dataset\RAW_DATASETS\Bottle_Gourd\BG05_CAIRrlder\CAIR-BGD-2025 Annotated Dataset\Bottle Gourd Disease Augmented Dataset\Healthy Leaf\Healthy Leaf00115_flipped_194.jpg
833,74e4b446a5146606869f73ed2e1f6317219c62d8f4f0fa2eaf77683b366906ef,2,WITHIN_DATASET,BG05_CAIR,D:\AI_Agriculture_Dataset\RAW_DATASETS\Bottle_Gourd\BG05_CAIRrlder\CAIR-BGD-2025 Annotated Dataset\Bottle Gourd Disease Augmented Dataset\Healthy Leaf\Healthy Leaf00121_rotated_1038.jpg || D:\AI_Agriculture_Dataset\RAW_DATASETS\Bottle_Gourd\BG05_CAIRrlder\CAIR-BGD-2025 Annotated Dataset\Bottle Gourd Disease Augmented Dataset\Healthy Leaf\Healthy Leaf00121_rotated_858.jpg
834,6acb9adbb7f4d31a8803b0a7c6fa8fd0512d898f96e434924cc13b1f35dc9661,3,WITHIN_DATASET,BG05_CAIR,D:\AI_Agriculture_Dataset\RAW_DATASETS\Bottle_Gourd\BG05_CAIRrlder\CAIR-BGD-2025 Annotated Dataset\Bottle Gourd Disease Augmented Dataset\Healthy Leaf\Healthy Leaf00123_rotated_1089.jpg || D:\AI_Agriculture_Dataset\RAW_DATASETS\Bottle_Gourd\BG05_CAIRrlder\CAIR-BGD-2025 Annotated Dataset\Bottle Gourd Disease Augmented Dataset\Healthy Leaf\Healthy Leaf00123_rotated_626.jpg || D:\AI_Agriculture_Dataset\RAW_DATASETS\Bottle_Gourd\BG05_CAIRrlder\CAIR-BGD-2025 Annotated Dataset\Bottle Gourd Disease Augmented Dataset\Healthy Leaf\Healthy Leaf00123_rotated_99.jpg
835,66d421ffd4153e1f95b8a086aefebdd19167cdd89c105810f4365e688c6e49fc,2,WITHIN_DATASET,BG05_CAIR,D:\AI_Agriculture_Dataset\RAW_DATASETS\Bottle_Gourd\BG05_CAIRrlder\CAIR-BGD-2025 Annotated Dataset\Bottle Gourd Disease Augmented Dataset\Healthy Leaf\Healthy Leaf00123_shifted_535.jpg || D:\AI_Agriculture_Dataset\RAW_DATASETS\Bottle_Gourd\BG05_CAIRrlder\CAIR-BGD-2025 Annotated Dataset\Bottle Gourd Disease Augmented Dataset\Healthy Leaf\Healthy Leaf00123_shifted_932.jpg
836,5e92449dddd48cbd2b8340184ffc13655585fe93a2a8a7bab14a928bdd28f70c,2,WITHIN_DATASET,BG05_CAIR,D:\AI_Agriculture_Dataset\RAW_DATASETS\Bottle_Gourd\BG05_CAIRrlder\CAIR-BGD-2025 Annotated Dataset\Bottle Gourd Disease Augmented Dataset\Healthy Leaf\Healthy Leaf00124_rotated_459.jpg || D:\AI_Agriculture_Dataset\RAW_DATASETS\Bottle_Gourd\BG05_CAIRrlder\CAIR-BGD-2025 Annotated Dataset\Bottle Gourd Disease Augmented Dataset\Healthy Leaf\Healthy Leaf00124_rotated_52.jpg
837,5e7d7e658c88bfa74691f95e4f8b9fa1ac128a8139b4eb0d0fc12a99cbdfbdd1,2,WITHIN_DATASET,BG05_CAIR,D:\AI_Agriculture_Dataset\RAW_DATASETS\Bottle_Gourd\BG05_CAIRrlder\CAIR-BGD-2025 Annotated Dataset\Bottle Gourd Disease Augmented Dataset\Healthy Leaf\Healthy Leaf00125_rotated_315.jpg || D:\AI_Agriculture_Dataset\RAW_DATASETS\Bottle_Gourd\BG05_CAIRrlder\CAIR-BGD-2025 Annotated Dataset\Bottle Gourd Disease Augmented Dataset\Healthy Leaf\Healthy Leaf00125_rotated_966.jpg
838,0cdcaf60dab456ab8b49aaa0ca79f4dba8af83c7c07adf8f7794f0dcccdc85ff,2,WITHIN_DATASET,BG05_CAIR,D:\AI_Agriculture_Dataset\RAW_DATASETS\Bottle_Gourd\BG05_CAIRrlder\CAIR-BGD-2025 Annotated Dataset\Bottle Gourd Disease Augmented Dataset\Healthy Leaf\Healthy Leaf00125_shifted_146.jpg || D:\AI_Agriculture_Dataset\RAW_DATASETS\Bottle_Gourd\BG05_CAIRrlder\CAIR-BGD-2025 Annotated Dataset\Bottle Gourd Disease Augmented Dataset\Healthy Leaf\Healthy Leaf00125_shifted_811.jpg
839,0e2f81efc4375272b701065f1153b6382c9e33ddbcd843d7926ae2b9f96e7a43,2,WITHIN_DATASET,BG05_CAIR,D:\AI_Agriculture_Dataset\RAW_DATASETS\Bottle_Gourd\BG05_CAIRrlder\CAIR-BGD-2025 Annotated Dataset\Bottle Gourd Disease Augmented Dataset\Healthy Leaf\Healthy Leaf00126_rotated_603.jpg || D:\AI_Agriculture_Dataset\RAW_DATASETS\Bottle_Gourd\BG05_CAIRrlder\CAIR-BGD-2025 Annotated Dataset\Bottle Gourd Disease Augmented Dataset\Healthy Leaf\Healthy Leaf00126_rotated_855.jpg
840,a36fc65deb71d5b6fbf3abacf354e272046d56e399b4fc82b26d0d2d59538698,2,WITHIN_DATASET,BG05_CAIR,D:\AI_Agriculture_Dataset\RAW_DATASETS\Bottle_Gourd\BG05_CAIRrlder\CAIR-BGD-2025 Annotated Dataset\Bottle Gourd Disease Augmented Dataset\Healthy Leaf\Healthy Leaf00128_flipped_69.jpg || D:\AI_Agriculture_Dataset\RAW_DATASETS\Bottle_Gourd\BG05_CAIRrlder\CAIR-BGD-2025 Annotated Dataset\Bottle Gourd Disease Augmented Dataset\Healthy Leaf\Healthy Leaf00128_flipped_931.jpg
841,8564f1d2e4c87962d8cd43728605a5ba04849e4ae3a99e5ca6587a37986f27da,2,WITHIN_DATASET,BG05_CAIR,D:\AI_Agriculture_Dataset\RAW_DATASETS\Bottle_Gourd\BG05_CAIRrlder\CAIR-BGD-2025 Annotated Dataset\Bottle Gourd Disease Augmented Dataset\Healthy Leaf\Healthy Leaf00128_rotated_1125.jpg || D:\AI_Agriculture_Dataset\RAW_DATASETS\Bottle_Gourd\BG05_CAIRrlder\CAIR-BGD-2025 Annotated Dataset\Bottle Gourd Disease Augmented Dataset\Healthy Leaf\Healthy Leaf00128_rotated_90.jpg
842,cce56b73d8620fa733eb044ec112cb3b2ef6ea143a5e498a4c8a6d10e05cca00,2,WITHIN_DATASET,BG05_CAIR,D:\AI_Agriculture_Dataset\RAW_DATASETS\Bottle_Gourd\BG05_CAIRrlder\CAIR-BGD-2025 Annotated Dataset\Bottle Gourd Disease Augmented Dataset\Healthy Leaf\Healthy Leaf00131_rotated_645.jpg || D:\AI_Agriculture_Dataset\RAW_DATASETS\Bottle_Gourd\BG05_CAIRrlder\CAIR-BGD-2025 Annotated Dataset\Bottle Gourd Disease Augmented Dataset\Healthy Leaf\Healthy Leaf00131_rotated_757.jpg
843,5a33a0a1afde27c857e6fc47058784e36936b30e8a357bfd64613a77c6eef620,2,WITHIN_DATASET,BG05_CAIR,D:\AI_Agriculture_Dataset\RAW_DATASETS\Bottle_Gourd\BG05_CAIRrlder\CAIR-BGD-2025 Annotated Dataset\Bottle Gourd Disease Augmented Dataset\Healthy Leaf\Healthy Leaf00132_flipped_671.jpg || D:\AI_Agriculture_Dataset\RAW_DATASETS\Bottle_Gourd\BG05_CAIRrlder\CAIR-BGD-2025 Annotated Dataset\Bottle Gourd Disease Augmented Dataset\Healthy Leaf\Healthy Leaf00132_flipped_993.jpg
844,abc77cc957f32dfed0b3b48dab2ea7c6df818d397f2c66eb6c144fe91876c052,2,WITHIN_DATASET,BG05_CAIR,D:\AI_Agriculture_Dataset\RAW_DATASETS\Bottle_Gourd\BG05_CAIRrlder\CAIR-BGD-2025 Annotated Dataset\Bottle Gourd Disease Augmented Dataset\Healthy Leaf\Healthy Leaf00141_shifted_1061.jpg || D:\AI_Agriculture_Dataset\RAW_DATASETS\Bottle_Gourd\BG05_CAIRrlder\CAIR-BGD-2025 Annotated Dataset\Bottle Gourd Disease Augmented Dataset\Healthy Leaf\Healthy Leaf00141_shifted_305.jpg
845,a5b8eef7e65add6f79647dd64df6386660aeb150336305dc91abd670c92f84d4,2,WITHIN_DATASET,BG05_CAIR,D:\AI_Agriculture_Dataset\RAW_DATASETS\Bottle_Gourd\BG05_CAIRrlder\CAIR-BGD-2025 Annotated Dataset\Bottle Gourd Disease Augmented Dataset\Healthy Leaf\Healthy Leaf00143_shifted_276.jpg || D:\AI_Agriculture_Dataset\RAW_DATASETS\Bottle_Gourd\BG05_CAIRrlder\CAIR-BGD-2025 Annotated Dataset\Bottle Gourd Disease Augmented Dataset\Healthy Leaf\Healthy Leaf00143_shifted_715.jpg
846,51f5f35cbdf83978792f1ec14d932116b3754362905045ba3483ea8478e42314,3,WITHIN_DATASET,BG05_CAIR,D:\AI_Agriculture_Dataset\RAW_DATASETS\Bottle_Gourd\BG05_CAIRrlder\CAIR-BGD-2025 Annotated Dataset\Bottle Gourd Disease Augmented Dataset\Healthy Leaf\Healthy Leaf00144_rotated_1113.jpg || D:\AI_Agriculture_Dataset\RAW_DATASETS\Bottle_Gourd\BG05_CAIRrlder\CAIR-BGD-2025 Annotated Dataset\Bottle Gourd Disease Augmented Dataset\Healthy Leaf\Healthy Leaf00144_rotated_414.jpg || D:\AI_Agriculture_Dataset\RAW_DATASETS\Bottle_Gourd\BG05_CAIRrlder\CAIR-BGD-2025 Annotated Dataset\Bottle Gourd Disease Augmented Dataset\Healthy Leaf\Healthy Leaf00144_rotated_960.jpg
847,c84ea372d32665ca0de48bc12b8aef70f42642df5da50a9a3fdd7559978bd5c8,3,WITHIN_DATASET,BG05_CAIR,D:\AI_Agriculture_Dataset\RAW_DATASETS\Bottle_Gourd\BG05_CAIRrlder\CAIR-BGD-2025 Annotated Dataset\Bottle Gourd Disease Augmented Dataset\Healthy Leaf\Healthy Leaf00149_flipped_598.jpg || D:\AI_Agriculture_Dataset\RAW_DATASETS\Bottle_Gourd\BG05_CAIRrlder\CAIR-BGD-2025 Annotated Dataset\Bottle Gourd Disease Augmented Dataset\Healthy Leaf\Healthy Leaf00149_flipped_828.jpg || D:\AI_Agriculture_Dataset\RAW_DATASETS\Bottle_Gourd\BG05_CAIRrlder\CAIR-BGD-2025 Annotated Dataset\Bottle Gourd Disease Augmented Dataset\Healthy Leaf\Healthy Leaf00149_flipped_924.jpg
848,22b35f68692502d5242e5496fa8afa6cb9db7d8df896a2ab637734b259661a9e,2,WITHIN_DATASET,BG05_CAIR,D:\AI_Agriculture_Dataset\RAW_DATASETS\Bottle_Gourd\BG05_CAIRrlder\CAIR-BGD-2025 Annotated Dataset\Bottle Gourd Disease Augmented Dataset\Healthy Leaf\Healthy Leaf00149_shifted_498.jpg || D:\AI_Agriculture_Dataset\RAW_DATASETS\Bottle_Gourd\BG05_CAIRrlder\CAIR-BGD-2025 Annotated Dataset\Bottle Gourd Disease Augmented Dataset\Healthy Leaf\Healthy Leaf00149_shifted_941.jpg
849,65c6ab4a239c8e36c7bfe134e05255f5c8c78faa929858c2b8a250c474b11615,4,WITHIN_DATASET,BG05_CAIR,D:\AI_Agriculture_Dataset\RAW_DATASETS\Bottle_Gourd\BG05_CAIRrlder\CAIR-BGD-2025 Annotated Dataset\Bottle Gourd Disease Augmented Dataset\Healthy Leaf\Healthy Leaf00152_flipped_1419.jpg || D:\AI_Agriculture_Dataset\RAW_DATASETS\Bottle_Gourd\BG05_CAIRrlder\CAIR-BGD-2025 Annotated Dataset\Bottle Gourd Disease Augmented Dataset\Healthy Leaf\Healthy Leaf00152_flipped_1423.jpg || D:\AI_Agriculture_Dataset\RAW_DATASETS\Bottle_Gourd\BG05_CAIRrlder\CAIR-BGD-2025 Annotated Dataset\Bottle Gourd Disease Augmented Dataset\Healthy Leaf\Healthy Leaf00152_flipped_373.jpg || D:\AI_Agriculture_Dataset\RAW_DATASETS\Bottle_Gourd\BG05_CAIRrlder\CAIR-BGD-2025 Annotated Dataset\Bottle Gourd Disease Augmented Dataset\Healthy Leaf\Healthy Leaf00152_flipped_623.jpg
850,129918b8c7910e8ddb8d05525070bbc492b86fe21bb5a46a09816de9a3c7c25d,2,WITHIN_DATASET,BG05_CAIR,D:\AI_Agriculture_Dataset\RAW_DATASETS\Bottle_Gourd\BG05_CAIRrlder\CAIR-BGD-2025 Annotated Dataset\Bottle Gourd Disease Augmented Dataset\Healthy Leaf\Healthy Leaf00152_shifted_1017.jpg || D:\AI_Agriculture_Dataset\RAW_DATASETS\Bottle_Gourd\BG05_CAIRrlder\CAIR-BGD-2025 Annotated Dataset\Bottle Gourd Disease Augmented Dataset\Healthy Leaf\Healthy Leaf00152_shifted_977.jpg
851,d29c23ed78bef58bc724e0629e32db0d553764350f4b45d00c652fdb98d8fab5,2,WITHIN_DATASET,BG05_CAIR,D:\AI_Agriculture_Dataset\RAW_DATASETS\Bottle_Gourd\BG05_CAIRrlder\CAIR-BGD-2025 Annotated Dataset\Bottle Gourd Disease Augmented Dataset\Healthy Leaf\Healthy Leaf00157_rotated_464.jpg || D:\AI_Agriculture_Dataset\RAW_DATASETS\Bottle_Gourd\BG05_CAIRrlder\CAIR-BGD-2025 Annotated Dataset\Bottle Gourd Disease Augmented Dataset\Healthy Leaf\Healthy Leaf00157_rotated_736.jpg
852,78018a72897720e1eddbd72c3ad567522fb1248c8e2c320c5232ce952128437d,2,WITHIN_DATASET,BG05_CAIR,D:\AI_Agriculture_Dataset\RAW_DATASETS\Bottle_Gourd\BG05_CAIRrlder\CAIR-BGD-2025 Annotated Dataset\Bottle Gourd Disease Augmented Dataset\Healthy Leaf\Healthy Leaf00158_rotated_1106.jpg || D:\AI_Agriculture_Dataset\RAW_DATASETS\Bottle_Gourd\BG05_CAIRrlder\CAIR-BGD-2025 Annotated Dataset\Bottle Gourd Disease Augmented Dataset\Healthy Leaf\Healthy Leaf00158_rotated_1418.jpg
853,1f0dc12589f163c363acdc95f2a4f9fafaae58345d665e4daf0f17e7c7299e4b,3,WITHIN_DATASET,BG05_CAIR,D:\AI_Agriculture_Dataset\RAW_DATASETS\Bottle_Gourd\BG05_CAIRrlder\CAIR-BGD-2025 Annotated Dataset\Bottle Gourd Disease Augmented Dataset\Healthy Leaf\Healthy Leaf00159_shifted_1185.jpg || D:\AI_Agriculture_Dataset\RAW_DATASETS\Bottle_Gourd\BG05_CAIRrlder\CAIR-BGD-2025 Annotated Dataset\Bottle Gourd Disease Augmented Dataset\Healthy Leaf\Healthy Leaf00159_shifted_1222.jpg || D:\AI_Agriculture_Dataset\RAW_DATASETS\Bottle_Gourd\BG05_CAIRrlder\CAIR-BGD-2025 Annotated Dataset\Bottle Gourd Disease Augmented Dataset\Healthy Leaf\Healthy Leaf00159_shifted_573.jpg
854,068f7d6d3c8e98785e94eda8cb367da63e4044c97af9955a39358d7ed9f5061c,2,WITHIN_DATASET,BG05_CAIR,D:\AI_Agriculture_Dataset\RAW_DATASETS\Bottle_Gourd\BG05_CAIRrlder\CAIR-BGD-2025 Annotated Dataset\Bottle Gourd Disease Augmented Dataset\Healthy Leaf\Healthy Leaf00163_shifted_261.jpg || D:\AI_Agriculture_Dataset\RAW_DATASETS\Bottle_Gourd\BG05_CAIRrlder\CAIR-BGD-2025 Annotated Dataset\Bottle Gourd Disease Augmented Dataset\Healthy Leaf\Healthy Leaf00163_shifted_272.jpg
855,7d2078508b8a07671664affd46df5ef1335dc9f99157729364e2c12c9f3a408d,2,WITHIN_DATASET,BG05_CAIR,D:\AI_Agriculture_Dataset\RAW_DATASETS\Bottle_Gourd\BG05_CAIRrlder\CAIR-BGD-2025 Annotated Dataset\Bottle Gourd Disease Augmented Dataset\Healthy Leaf\Healthy Leaf00165_shifted_214.jpg || D:\AI_Agriculture_Dataset\RAW_DATASETS\Bottle_Gourd\BG05_CAIRrlder\CAIR-BGD-2025 Annotated Dataset\Bottle Gourd Disease Augmented Dataset\Healthy Leaf\Healthy Leaf00165_shifted_910.jpg
856,6543dd4fd60b5d7788df153c0cac62228c3b3a0ff3e32f089d3de0314be5b471,2,WITHIN_DATASET,BG05_CAIR,D:\AI_Agriculture_Dataset\RAW_DATASETS\Bottle_Gourd\BG05_CAIRrlder\CAIR-BGD-2025 Annotated Dataset\Bottle Gourd Disease Augmented Dataset\Healthy Leaf\Healthy Leaf00166_flipped_398.jpg || D:\AI_Agriculture_Dataset\RAW_DATASETS\Bottle_Gourd\BG05_CAIRrlder\CAIR-BGD-2025 Annotated Dataset\Bottle Gourd Disease Augmented Dataset\Healthy Leaf\Healthy Leaf00166_flipped_484.jpg
857,848ec98a64486f7dede7f1d86cb38dd554389f5e0ae0b290b4d34936e5719fb0,2,WITHIN_DATASET,BG05_CAIR,D:\AI_Agriculture_Dataset\RAW_DATASETS\Bottle_Gourd\BG05_CAIRrlder\CAIR-BGD-2025 Annotated Dataset\Bottle Gourd Disease Augmented Dataset\Healthy Leaf\Healthy Leaf00168_shifted_174.jpg || D:\AI_Agriculture_Dataset\RAW_DATASETS\Bottle_Gourd\BG05_CAIRrlder\CAIR-BGD-2025 Annotated Dataset\Bottle Gourd Disease Augmented Dataset\Healthy Leaf\Healthy Leaf00168_shifted_4.jpg
858,777e8901bc743fc8c6f4d8076bd1fa01c948904839d4dc71a8b25eab98c8292f,4,WITHIN_DATASET,BG05_CAIR,D:\AI_Agriculture_Dataset\RAW_DATASETS\Bottle_Gourd\BG05_CAIRrlder\CAIR-BGD-2025 Annotated Dataset\Bottle Gourd Disease Augmented Dataset\Healthy Leaf\Healthy Leaf00170_flipped_1107.jpg || D:\AI_Agriculture_Dataset\RAW_DATASETS\Bottle_Gourd\BG05_CAIRrlder\CAIR-BGD-2025 Annotated Dataset\Bottle Gourd Disease Augmented Dataset\Healthy Leaf\Healthy Leaf00170_flipped_491.jpg || D:\AI_Agriculture_Dataset\RAW_DATASETS\Bottle_Gourd\BG05_CAIRrlder\CAIR-BGD-2025 Annotated Dataset\Bottle Gourd Disease Augmented Dataset\Healthy Leaf\Healthy Leaf00170_flipped_718.jpg || D:\AI_Agriculture_Dataset\RAW_DATASETS\Bottle_Gourd\BG05_CAIRrlder\CAIR-BGD-2025 Annotated Dataset\Bottle Gourd Disease Augmented Dataset\Healthy Leaf\Healthy Leaf00170_flipped_830.jpg
859,abf7540e9b82f25d31169b57e897192109ad053c7b6455e3770429a343cea4f2,2,WITHIN_DATASET,BG05_CAIR,D:\AI_Agriculture_Dataset\RAW_DATASETS\Bottle_Gourd\BG05_CAIRrlder\CAIR-BGD-2025 Annotated Dataset\Bottle Gourd Disease Augmented Dataset\Healthy Leaf\Healthy Leaf00181_flipped_1457.jpg || D:\AI_Agriculture_Dataset\RAW_DATASETS\Bottle_Gourd\BG05_CAIRrlder\CAIR-BGD-2025 Annotated Dataset\Bottle Gourd Disease Augmented Dataset\Healthy Leaf\Healthy Leaf00181_flipped_647.jpg
860,f4991de363e34697db1bb33c67e669417eccedbaac3a2999456a5ce7c9810c0e,2,WITHIN_DATASET,BG05_CAIR,D:\AI_Agriculture_Dataset\RAW_DATASETS\Bottle_Gourd\BG05_CAIRrlder\CAIR-BGD-2025 Annotated Dataset\Bottle Gourd Disease Augmented Dataset\Healthy Leaf\Healthy Leaf00182_shifted_1024.jpg || D:\AI_Agriculture_Dataset\RAW_DATASETS\Bottle_Gourd\BG05_CAIRrlder\CAIR-BGD-2025 Annotated Dataset\Bottle Gourd Disease Augmented Dataset\Healthy Leaf\Healthy Leaf00182_shifted_442.jpg
861,7e1a13629209744aab0cf74d9edc1bcca69e1ee23a53a8264ae55a37c748c8d9,2,WITHIN_DATASET,BG05_CAIR,D:\AI_Agriculture_Dataset\RAW_DATASETS\Bottle_Gourd\BG05_CAIRrlder\CAIR-BGD-2025 Annotated Dataset\Bottle Gourd Disease Augmented Dataset\Healthy Leaf\Healthy Leaf00183_shifted_1426.jpg || D:\AI_Agriculture_Dataset\RAW_DATASETS\Bottle_Gourd\BG05_CAIRrlder\CAIR-BGD-2025 Annotated Dataset\Bottle Gourd Disease Augmented Dataset\Healthy Leaf\Healthy Leaf00183_shifted_353.jpg
862,19bdd3c06f00db907433efe34d8ed7b8c20bb84106f0757cc4fbd4b0481bf68f,2,WITHIN_DATASET,BG05_CAIR,D:\AI_Agriculture_Dataset\RAW_DATASETS\Bottle_Gourd\BG05_CAIRrlder\CAIR-BGD-2025 Annotated Dataset\Bottle Gourd Disease Augmented Dataset\Healthy Leaf\Healthy Leaf00184_shifted_1114.jpg || D:\AI_Agriculture_Dataset\RAW_DATASETS\Bottle_Gourd\BG05_CAIRrlder\CAIR-BGD-2025 Annotated Dataset\Bottle Gourd Disease Augmented Dataset\Healthy Leaf\Healthy Leaf00184_shifted_1140.jpg
863,abcfde54c14d5b9ec73f634a08685b2e02509265cd388460a592f5ca54550caf,2,WITHIN_DATASET,BG05_CAIR,D:\AI_Agriculture_Dataset\RAW_DATASETS\Bottle_Gourd\BG05_CAIRrlder\CAIR-BGD-2025 Annotated Dataset\Bottle Gourd Disease Augmented Dataset\Healthy Leaf\Healthy Leaf00186_rotated_1314.jpg || D:\AI_Agriculture_Dataset\RAW_DATASETS\Bottle_Gourd\BG05_CAIRrlder\CAIR-BGD-2025 Annotated Dataset\Bottle Gourd Disease Augmented Dataset\Healthy Leaf\Healthy Leaf00186_rotated_1425.jpg
864,4c9cefd499d20d7b5bc60cc4022ff96aab1edc5245adafd45159eebd72c58143,3,WITHIN_DATASET,BG05_CAIR,D:\AI_Agriculture_Dataset\RAW_DATASETS\Bottle_Gourd\BG05_CAIRrlder\CAIR-BGD-2025 Annotated Dataset\Bottle Gourd Disease Augmented Dataset\Healthy Leaf\Healthy Leaf00188_rotated_1003.jpg || D:\AI_Agriculture_Dataset\RAW_DATASETS\Bottle_Gourd\BG05_CAIRrlder\CAIR-BGD-2025 Annotated Dataset\Bottle Gourd Disease Augmented Dataset\Healthy Leaf\Healthy Leaf00188_rotated_21.jpg || D:\AI_Agriculture_Dataset\RAW_DATASETS\Bottle_Gourd\BG05_CAIRrlder\CAIR-BGD-2025 Annotated Dataset\Bottle Gourd Disease Augmented Dataset\Healthy Leaf\Healthy Leaf00188_rotated_604.jpg
865,b29ce262fb8a45f5e1b946face3da75cfa8b670a2ba01ecc0207ef2c3e5b2817,2,WITHIN_DATASET,BG05_CAIR,D:\AI_Agriculture_Dataset\RAW_DATASETS\Bottle_Gourd\BG05_CAIRrlder\CAIR-BGD-2025 Annotated Dataset\Bottle Gourd Disease Augmented Dataset\Healthy Leaf\Healthy Leaf00189_flipped_1394.jpg || D:\AI_Agriculture_Dataset\RAW_DATASETS\Bottle_Gourd\BG05_CAIRrlder\CAIR-BGD-2025 Annotated Dataset\Bottle Gourd Disease Augmented Dataset\Healthy Leaf\Healthy Leaf00189_flipped_948.jpg
866,f01560d80a2ba9a3ca6157675b845916df4928268bd3d9c7e47a4294fb97e941,2,WITHIN_DATASET,BG05_CAIR,D:\AI_Agriculture_Dataset\RAW_DATASETS\Bottle_Gourd\BG05_CAIRrlder\CAIR-BGD-2025 Annotated Dataset\Bottle Gourd Disease Augmented Dataset\Healthy Leaf\Healthy Leaf00190_rotated_268.jpg || D:\AI_Agriculture_Dataset\RAW_DATASETS\Bottle_Gourd\BG05_CAIRrlder\CAIR-BGD-2025 Annotated Dataset\Bottle Gourd Disease Augmented Dataset\Healthy Leaf\Healthy Leaf00190_rotated_748.jpg
867,c89ab0898a0c3cb9178023db917850db171d19da33c54915d81ba9cf1a5da45b,2,WITHIN_DATASET,BG05_CAIR,D:\AI_Agriculture_Dataset\RAW_DATASETS\Bottle_Gourd\BG05_CAIRrlder\CAIR-BGD-2025 Annotated Dataset\Bottle Gourd Disease Augmented Dataset\Healthy Leaf\Healthy Leaf00192_flipped_1015.jpg || D:\AI_Agriculture_Dataset\RAW_DATASETS\Bottle_Gourd\BG05_CAIRrlder\CAIR-BGD-2025 Annotated Dataset\Bottle Gourd Disease Augmented Dataset\Healthy Leaf\Healthy Leaf00192_flipped_928.jpg
868,f5b2ce94053a7ddcc105411b382d3f3992480cd408c0de20967972a61e7f5cb1,2,WITHIN_DATASET,BG05_CAIR,D:\AI_Agriculture_Dataset\RAW_DATASETS\Bottle_Gourd\BG05_CAIRrlder\CAIR-BGD-2025 Annotated Dataset\Bottle Gourd Disease Augmented Dataset\Healthy Leaf\Healthy Leaf00193_shifted_232.jpg || D:\AI_Agriculture_Dataset\RAW_DATASETS\Bottle_Gourd\BG05_CAIRrlder\CAIR-BGD-2025 Annotated Dataset\Bottle Gourd Disease Augmented Dataset\Healthy Leaf\Healthy Leaf00193_shifted_446.jpg
869,2fb66094c1236ab234d5fe8cfb8fb864f8c1ec963ab1590e5afd3d689c3c9cfa,2,WITHIN_DATASET,BG05_CAIR,D:\AI_Agriculture_Dataset\RAW_DATASETS\Bottle_Gourd\BG05_CAIRrlder\CAIR-BGD-2025 Annotated Dataset\Bottle Gourd Disease Augmented Dataset\Healthy Leaf\Healthy Leaf00194_shifted_263.jpg || D:\AI_Agriculture_Dataset\RAW_DATASETS\Bottle_Gourd\BG05_CAIRrlder\CAIR-BGD-2025 Annotated Dataset\Bottle Gourd Disease Augmented Dataset\Healthy Leaf\Healthy Leaf00194_shifted_445.jpg
870,6ca1ba606a0c38709c7fcbf049449eeb18a12a7a7998f10ba8ee57f5d6e06715,2,WITHIN_DATASET,BG05_CAIR,D:\AI_Agriculture_Dataset\RAW_DATASETS\Bottle_Gourd\BG05_CAIRrlder\CAIR-BGD-2025 Annotated Dataset\Bottle Gourd Disease Augmented Dataset\Healthy Leaf\Healthy Leaf00195_flipped_688.jpg || D:\AI_Agriculture_Dataset\RAW_DATASETS\Bottle_Gourd\BG05_CAIRrlder\CAIR-BGD-2025 Annotated Dataset\Bottle Gourd Disease Augmented Dataset\Healthy Leaf\Healthy Leaf00195_flipped_747.jpg
871,b25fcb6274e91c7a0e47e65d43564abdd9f6bf3592bbffd3804a0c0d616a89cb,2,WITHIN_DATASET,BG05_CAIR,D:\AI_Agriculture_Dataset\RAW_DATASETS\Bottle_Gourd\BG05_CAIRrlder\CAIR-BGD-2025 Annotated Dataset\Bottle Gourd Disease Augmented Dataset\Healthy Leaf\Healthy Leaf00200_shifted_1143.jpg || D:\AI_Agriculture_Dataset\RAW_DATASETS\Bottle_Gourd\BG05_CAIRrlder\CAIR-BGD-2025 Annotated Dataset\Bottle Gourd Disease Augmented Dataset\Healthy Leaf\Healthy Leaf00200_shifted_204.jpg
872,b0daaac14f849d779b7f3c437eb91fcf435590d5ba70b4a246ffff46c5a6b805,2,WITHIN_DATASET,BG05_CAIR,D:\AI_Agriculture_Dataset\RAW_DATASETS\Bottle_Gourd\BG05_CAIRrlder\CAIR-BGD-2025 Annotated Dataset\Bottle Gourd Disease Augmented Dataset\Healthy Leaf\Healthy Leaf00201_flipped_1438.jpg || D:\AI_Agriculture_Dataset\RAW_DATASETS\Bottle_Gourd\BG05_CAIRrlder\CAIR-BGD-2025 Annotated Dataset\Bottle Gourd Disease Augmented Dataset\Healthy Leaf\Healthy Leaf00201_flipped_184.jpg
873,b1c28440b1c006cc0f4e40ab9fa3d10d20090f61f1c38141852940eb768fc127,3,WITHIN_DATASET,BG05_CAIR,D:\AI_Agriculture_Dataset\RAW_DATASETS\Bottle_Gourd\BG05_CAIRrlder\CAIR-BGD-2025 Annotated Dataset\Bottle Gourd Disease Augmented Dataset\Healthy Leaf\Healthy Leaf00208_flipped_143.jpg || D:\AI_Agriculture_Dataset\RAW_DATASETS\Bottle_Gourd\BG05_CAIRrlder\CAIR-BGD-2025 Annotated Dataset\Bottle Gourd Disease Augmented Dataset\Healthy Leaf\Healthy Leaf00208_flipped_159.jpg || D:\AI_Agriculture_Dataset\RAW_DATASETS\Bottle_Gourd\BG05_CAIRrlder\CAIR-BGD-2025 Annotated Dataset\Bottle Gourd Disease Augmented Dataset\Healthy Leaf\Healthy Leaf00208_flipped_724.jpg
874,3007cd3d0b7f9e48ba16563f048d8a2a7e53d4202b315c447aa5e057ba1c90bc,3,WITHIN_DATASET,BG05_CAIR,D:\AI_Agriculture_Dataset\RAW_DATASETS\Bottle_Gourd\BG05_CAIRrlder\CAIR-BGD-2025 Annotated Dataset\Bottle Gourd Disease Augmented Dataset\Healthy Leaf\Healthy Leaf00216_flipped_1013.jpg || D:\AI_Agriculture_Dataset\RAW_DATASETS\Bottle_Gourd\BG05_CAIRrlder\CAIR-BGD-2025 Annotated Dataset\Bottle Gourd Disease Augmented Dataset\Healthy Leaf\Healthy Leaf00216_flipped_288.jpg || D:\AI_Agriculture_Dataset\RAW_DATASETS\Bottle_Gourd\BG05_CAIRrlder\CAIR-BGD-2025 Annotated Dataset\Bottle Gourd Disease Augmented Dataset\Healthy Leaf\Healthy Leaf00216_flipped_292.jpg
875,5db93e198e70db240b66580753d6d2101785e81448cf7fc609cd35a7c4c337a8,4,WITHIN_DATASET,BG05_CAIR,D:\AI_Agriculture_Dataset\RAW_DATASETS\Bottle_Gourd\BG05_CAIRrlder\CAIR-BGD-2025 Annotated Dataset\Bottle Gourd Disease Augmented Dataset\Healthy Leaf\Healthy Leaf00216_shifted_1405.jpg || D:\AI_Agriculture_Dataset\RAW_DATASETS\Bottle_Gourd\BG05_CAIRrlder\CAIR-BGD-2025 Annotated Dataset\Bottle Gourd Disease Augmented Dataset\Healthy Leaf\Healthy Leaf00216_shifted_301.jpg || D:\AI_Agriculture_Dataset\RAW_DATASETS\Bottle_Gourd\BG05_CAIRrlder\CAIR-BGD-2025 Annotated Dataset\Bottle Gourd Disease Augmented Dataset\Healthy Leaf\Healthy Leaf00216_shifted_682.jpg || D:\AI_Agriculture_Dataset\RAW_DATASETS\Bottle_Gourd\BG05_CAIRrlder\CAIR-BGD-2025 Annotated Dataset\Bottle Gourd Disease Augmented Dataset\Healthy Leaf\Healthy Leaf00216_shifted_972.jpg
876,92cf771fc1644930e575b339dafe49db4afa794332c7e44457c2dbbba174d6ea,2,WITHIN_DATASET,BG05_CAIR,D:\AI_Agriculture_Dataset\RAW_DATASETS\Bottle_Gourd\BG05_CAIRrlder\CAIR-BGD-2025 Annotated Dataset\Bottle Gourd Disease Augmented Dataset\Healthy Leaf\Healthy Leaf00219_shifted_538.jpg || D:\AI_Agriculture_Dataset\RAW_DATASETS\Bottle_Gourd\BG05_CAIRrlder\CAIR-BGD-2025 Annotated Dataset\Bottle Gourd Disease Augmented Dataset\Healthy Leaf\Healthy Leaf00219_shifted_930.jpg
877,4d6b7316fb12d70e3e30d15effa566f398ebb07454e5e818d9125c1dc9ae3c43,2,WITHIN_DATASET,BG05_CAIR,D:\AI_Agriculture_Dataset\RAW_DATASETS\Bottle_Gourd\BG05_CAIRrlder\CAIR-BGD-2025 Annotated Dataset\Bottle Gourd Disease Augmented Dataset\Healthy Leaf\Healthy Leaf00220_rotated_1490.jpg || D:\AI_Agriculture_Dataset\RAW_DATASETS\Bottle_Gourd\BG05_CAIRrlder\CAIR-BGD-2025 Annotated Dataset\Bottle Gourd Disease Augmented Dataset\Healthy Leaf\Healthy Leaf00220_rotated_210.jpg
878,f33446a019fc10c355f606c209bcd28643984047aee6eac182d153a76dd207ce,2,WITHIN_DATASET,BG05_CAIR,D:\AI_Agriculture_Dataset\RAW_DATASETS\Bottle_Gourd\BG05_CAIRrlder\CAIR-BGD-2025 Annotated Dataset\Bottle Gourd Disease Augmented Dataset\Healthy Leaf\Healthy Leaf00224_flipped_265.jpg || D:\AI_Agriculture_Dataset\RAW_DATASETS\Bottle_Gourd\BG05_CAIRrlder\CAIR-BGD-2025 Annotated Dataset\Bottle Gourd Disease Augmented Dataset\Healthy Leaf\Healthy Leaf00224_flipped_455.jpg
879,937ddc80c5d413f169aca1b54b6bd4335b74122bd7888b784b2259695e2314b2,2,WITHIN_DATASET,BG05_CAIR,D:\AI_Agriculture_Dataset\RAW_DATASETS\Bottle_Gourd\BG05_CAIRrlder\CAIR-BGD-2025 Annotated Dataset\Bottle Gourd Disease Augmented Dataset\Healthy Leaf\Healthy Leaf00224_shifted_1385.jpg || D:\AI_Agriculture_Dataset\RAW_DATASETS\Bottle_Gourd\BG05_CAIRrlder\CAIR-BGD-2025 Annotated Dataset\Bottle Gourd Disease Augmented Dataset\Healthy Leaf\Healthy Leaf00224_shifted_82.jpg
880,7a11583f7a34a365370a120df5695c59c1559a2c700af7d1351dca14d665449e,2,WITHIN_DATASET,BG05_CAIR,D:\AI_Agriculture_Dataset\RAW_DATASETS\Bottle_Gourd\BG05_CAIRrlder\CAIR-BGD-2025 Annotated Dataset\Bottle Gourd Disease Augmented Dataset\Healthy Leaf\Healthy Leaf00227_rotated_1112.jpg || D:\AI_Agriculture_Dataset\RAW_DATASETS\Bottle_Gourd\BG05_CAIRrlder\CAIR-BGD-2025 Annotated Dataset\Bottle Gourd Disease Augmented Dataset\Healthy Leaf\Healthy Leaf00227_rotated_888.jpg
881,8a42f511990e06e5087163c955403bf9c49b222b8170435b18102cf04418f8dc,2,WITHIN_DATASET,BG05_CAIR,D:\AI_Agriculture_Dataset\RAW_DATASETS\Bottle_Gourd\BG05_CAIRrlder\CAIR-BGD-2025 Annotated Dataset\Bottle Gourd Disease Augmented Dataset\Healthy Leaf\Healthy Leaf00231_rotated_1403.jpg || D:\AI_Agriculture_Dataset\RAW_DATASETS\Bottle_Gourd\BG05_CAIRrlder\CAIR-BGD-2025 Annotated Dataset\Bottle Gourd Disease Augmented Dataset\Healthy Leaf\Healthy Leaf00231_rotated_1499.jpg
882,1f54668057ed5f538c258e51ecb9882258c5a9b00f4bb75a795a530b7dd0e33b,3,WITHIN_DATASET,BG05_CAIR,D:\AI_Agriculture_Dataset\RAW_DATASETS\Bottle_Gourd\BG05_CAIRrlder\CAIR-BGD-2025 Annotated Dataset\Bottle Gourd Disease Augmented Dataset\Healthy Leaf\Healthy Leaf00236_rotated_457.jpg || D:\AI_Agriculture_Dataset\RAW_DATASETS\Bottle_Gourd\BG05_CAIRrlder\CAIR-BGD-2025 Annotated Dataset\Bottle Gourd Disease Augmented Dataset\Healthy Leaf\Healthy Leaf00236_rotated_879.jpg || D:\AI_Agriculture_Dataset\RAW_DATASETS\Bottle_Gourd\BG05_CAIRrlder\CAIR-BGD-2025 Annotated Dataset\Bottle Gourd Disease Augmented Dataset\Healthy Leaf\Healthy Leaf00236_rotated_957.jpg
883,d3bb631926b8ec2292ea03acec6c352bdf0e6ae2e6b02cff4b18957a783894e7,2,WITHIN_DATASET,BG05_CAIR,D:\AI_Agriculture_Dataset\RAW_DATASETS\Bottle_Gourd\BG05_CAIRrlder\CAIR-BGD-2025 Annotated Dataset\Bottle Gourd Disease Augmented Dataset\Healthy Leaf\Healthy Leaf00237_shifted_1158.jpg || D:\AI_Agriculture_Dataset\RAW_DATASETS\Bottle_Gourd\BG05_CAIRrlder\CAIR-BGD-2025 Annotated Dataset\Bottle Gourd Disease Augmented Dataset\Healthy Leaf\Healthy Leaf00237_shifted_836.jpg
884,d12742ef2c67db981b92bcce231906f8080a04440a30f41818e43ee0580672c1,2,WITHIN_DATASET,BG05_CAIR,D:\AI_Agriculture_Dataset\RAW_DATASETS\Bottle_Gourd\BG05_CAIRrlder\CAIR-BGD-2025 Annotated Dataset\Bottle Gourd Disease Augmented Dataset\Healthy Leaf\Healthy Leaf00238_rotated_1273.jpg || D:\AI_Agriculture_Dataset\RAW_DATASETS\Bottle_Gourd\BG05_CAIRrlder\CAIR-BGD-2025 Annotated Dataset\Bottle Gourd Disease Augmented Dataset\Healthy Leaf\Healthy Leaf00238_rotated_1374.jpg
885,d270b076c0b091c8365cd8a581c88091d6b5e4492a4d47af450be5b68f17b90e,2,WITHIN_DATASET,BG05_CAIR,D:\AI_Agriculture_Dataset\RAW_DATASETS\Bottle_Gourd\BG05_CAIRrlder\CAIR-BGD-2025 Annotated Dataset\Bottle Gourd Disease Augmented Dataset\Healthy Leaf\Healthy Leaf00240_rotated_1065.jpg || D:\AI_Agriculture_Dataset\RAW_DATASETS\Bottle_Gourd\BG05_CAIRrlder\CAIR-BGD-2025 Annotated Dataset\Bottle Gourd Disease Augmented Dataset\Healthy Leaf\Healthy Leaf00240_rotated_982.jpg
886,c9ab6e80443ce8a758e11c54e9c48cac024442679aad69b6e60aaff71f29122a,3,WITHIN_DATASET,BG05_CAIR,D:\AI_Agriculture_Dataset\RAW_DATASETS\Bottle_Gourd\BG05_CAIRrlder\CAIR-BGD-2025 Annotated Dataset\Bottle Gourd Disease Augmented Dataset\Healthy Leaf\Healthy Leaf00241_flipped_242.jpg || D:\AI_Agriculture_Dataset\RAW_DATASETS\Bottle_Gourd\BG05_CAIRrlder\CAIR-BGD-2025 Annotated Dataset\Bottle Gourd Disease Augmented Dataset\Healthy Leaf\Healthy Leaf00241_flipped_243.jpg || D:\AI_Agriculture_Dataset\RAW_DATASETS\Bottle_Gourd\BG05_CAIRrlder\CAIR-BGD-2025 Annotated Dataset\Bottle Gourd Disease Augmented Dataset\Healthy Leaf\Healthy Leaf00241_flipped_874.jpg
887,d4c522abbb7dc840a74930201e8c045a3edaf86a41097956044a7c122925c35b,3,WITHIN_DATASET,BG05_CAIR,D:\AI_Agriculture_Dataset\RAW_DATASETS\Bottle_Gourd\BG05_CAIRrlder\CAIR-BGD-2025 Annotated Dataset\Bottle Gourd Disease Augmented Dataset\Healthy Leaf\Healthy Leaf00244_flipped_1232.jpg || D:\AI_Agriculture_Dataset\RAW_DATASETS\Bottle_Gourd\BG05_CAIRrlder\CAIR-BGD-2025 Annotated Dataset\Bottle Gourd Disease Augmented Dataset\Healthy Leaf\Healthy Leaf00244_flipped_239.jpg || D:\AI_Agriculture_Dataset\RAW_DATASETS\Bottle_Gourd\BG05_CAIRrlder\CAIR-BGD-2025 Annotated Dataset\Bottle Gourd Disease Augmented Dataset\Healthy Leaf\Healthy Leaf00244_flipped_634.jpg
888,42579cf2ac5b32b2db9016c1d187d39d4d37c9287c57f5b80ad4a7629dfb936d,2,WITHIN_DATASET,BG05_CAIR,D:\AI_Agriculture_Dataset\RAW_DATASETS\Bottle_Gourd\BG05_CAIRrlder\CAIR-BGD-2025 Annotated Dataset\Bottle Gourd Disease Augmented Dataset\Healthy Leaf\Healthy Leaf00250_flipped_1145.jpg || D:\AI_Agriculture_Dataset\RAW_DATASETS\Bottle_Gourd\BG05_CAIRrlder\CAIR-BGD-2025 Annotated Dataset\Bottle Gourd Disease Augmented Dataset\Healthy Leaf\Healthy Leaf00250_flipped_34.jpg
889,1de12896c39502dcdd760b410a7af4e0ab38f17a4560e8da6e90eb959c55352e,2,WITHIN_DATASET,BG05_CAIR,D:\AI_Agriculture_Dataset\RAW_DATASETS\Bottle_Gourd\BG05_CAIRrlder\CAIR-BGD-2025 Annotated Dataset\Bottle Gourd Disease Augmented Dataset\Healthy Leaf\Healthy Leaf00250_rotated_120.jpg || D:\AI_Agriculture_Dataset\RAW_DATASETS\Bottle_Gourd\BG05_CAIRrlder\CAIR-BGD-2025 Annotated Dataset\Bottle Gourd Disease Augmented Dataset\Healthy Leaf\Healthy Leaf00250_rotated_54.jpg
890,a5274b6909d29c52c0ea160a3f1886b4aeb794de927e5b97ce1504b93223cf4c,2,WITHIN_DATASET,BG05_CAIR,D:\AI_Agriculture_Dataset\RAW_DATASETS\Bottle_Gourd\BG05_CAIRrlder\CAIR-BGD-2025 Annotated Dataset\Bottle Gourd Disease Augmented Dataset\Healthy Leaf\Healthy Leaf00253_shifted_1116.jpg || D:\AI_Agriculture_Dataset\RAW_DATASETS\Bottle_Gourd\BG05_CAIRrlder\CAIR-BGD-2025 Annotated Dataset\Bottle Gourd Disease Augmented Dataset\Healthy Leaf\Healthy Leaf00253_shifted_904.jpg
891,fab57eba6f4a641c7138b6359a14ba14d022e224c2a698f040ed9c9536aa92d7,2,WITHIN_DATASET,BG05_CAIR,D:\AI_Agriculture_Dataset\RAW_DATASETS\Bottle_Gourd\BG05_CAIRrlder\CAIR-BGD-2025 Annotated Dataset\Bottle Gourd Disease Augmented Dataset\Healthy Leaf\Healthy Leaf00255_rotated_1120.jpg || D:\AI_Agriculture_Dataset\RAW_DATASETS\Bottle_Gourd\BG05_CAIRrlder\CAIR-BGD-2025 Annotated Dataset\Bottle Gourd Disease Augmented Dataset\Healthy Leaf\Healthy Leaf00255_rotated_113.jpg
892,bd838f9f82408cc209840c1cbd0ae8122c7e240b5267cf122c31abfb7b3154bf,2,WITHIN_DATASET,BG05_CAIR,D:\AI_Agriculture_Dataset\RAW_DATASETS\Bottle_Gourd\BG05_CAIRrlder\CAIR-BGD-2025 Annotated Dataset\Bottle Gourd Disease Augmented Dataset\Healthy Leaf\Healthy Leaf00264_flipped_1151.jpg || D:\AI_Agriculture_Dataset\RAW_DATASETS\Bottle_Gourd\BG05_CAIRrlder\CAIR-BGD-2025 Annotated Dataset\Bottle Gourd Disease Augmented Dataset\Healthy Leaf\Healthy Leaf00264_flipped_1355.jpg
893,0bbd48dd237869d8cadc55b2705d2758821919feec6d8f309acaa4d5ac598f18,4,WITHIN_DATASET,BG05_CAIR,D:\AI_Agriculture_Dataset\RAW_DATASETS\Bottle_Gourd\BG05_CAIRrlder\CAIR-BGD-2025 Annotated Dataset\Bottle Gourd Disease Augmented Dataset\Healthy Leaf\Healthy Leaf00266_rotated_1198.jpg || D:\AI_Agriculture_Dataset\RAW_DATASETS\Bottle_Gourd\BG05_CAIRrlder\CAIR-BGD-2025 Annotated Dataset\Bottle Gourd Disease Augmented Dataset\Healthy Leaf\Healthy Leaf00266_rotated_532.jpg || D:\AI_Agriculture_Dataset\RAW_DATASETS\Bottle_Gourd\BG05_CAIRrlder\CAIR-BGD-2025 Annotated Dataset\Bottle Gourd Disease Augmented Dataset\Healthy Leaf\Healthy Leaf00266_rotated_602.jpg || D:\AI_Agriculture_Dataset\RAW_DATASETS\Bottle_Gourd\BG05_CAIRrlder\CAIR-BGD-2025 Annotated Dataset\Bottle Gourd Disease Augmented Dataset\Healthy Leaf\Healthy Leaf00266_rotated_872.jpg
894,01eb31fe572a38a5d843cbe245e56868a9c59985b05905ffc531583c6519c8d9,2,WITHIN_DATASET,BG05_CAIR,D:\AI_Agriculture_Dataset\RAW_DATASETS\Bottle_Gourd\BG05_CAIRrlder\CAIR-BGD-2025 Annotated Dataset\Bottle Gourd Disease Augmented Dataset\Healthy Leaf\Healthy Leaf00267_rotated_316.jpg || D:\AI_Agriculture_Dataset\RAW_DATASETS\Bottle_Gourd\BG05_CAIRrlder\CAIR-BGD-2025 Annotated Dataset\Bottle Gourd Disease Augmented Dataset\Healthy Leaf\Healthy Leaf00267_rotated_903.jpg
895,0bea30687ccd035c5a66ce510ff38602055cff274d31e22cac8965c42f5d9b42,3,WITHIN_DATASET,BG05_CAIR,D:\AI_Agriculture_Dataset\RAW_DATASETS\Bottle_Gourd\BG05_CAIRrlder\CAIR-BGD-2025 Annotated Dataset\Bottle Gourd Disease Augmented Dataset\Healthy Leaf\Healthy Leaf00268_shifted_713.jpg || D:\AI_Agriculture_Dataset\RAW_DATASETS\Bottle_Gourd\BG05_CAIRrlder\CAIR-BGD-2025 Annotated Dataset\Bottle Gourd Disease Augmented Dataset\Healthy Leaf\Healthy Leaf00268_shifted_737.jpg || D:\AI_Agriculture_Dataset\RAW_DATASETS\Bottle_Gourd\BG05_CAIRrlder\CAIR-BGD-2025 Annotated Dataset\Bottle Gourd Disease Augmented Dataset\Healthy Leaf\Healthy Leaf00268_shifted_947.jpg
896,c8300759d41b6333f32d0131ec51de2afcb3d7905fe8ab9266990c1c6dd633bb,2,WITHIN_DATASET,BG05_CAIR,D:\AI_Agriculture_Dataset\RAW_DATASETS\Bottle_Gourd\BG05_CAIRrlder\CAIR-BGD-2025 Annotated Dataset\Bottle Gourd Disease Augmented Dataset\Healthy Leaf\Healthy Leaf00269_shifted_1104.jpg || D:\AI_Agriculture_Dataset\RAW_DATASETS\Bottle_Gourd\BG05_CAIRrlder\CAIR-BGD-2025 Annotated Dataset\Bottle Gourd Disease Augmented Dataset\Healthy Leaf\Healthy Leaf00269_shifted_1118.jpg
897,fbacd6d870239d7ba99e8f696c0a742e734a6dca12da6943e15ac3f25a3c8a15,3,WITHIN_DATASET,BG05_CAIR,D:\AI_Agriculture_Dataset\RAW_DATASETS\Bottle_Gourd\BG05_CAIRrlder\CAIR-BGD-2025 Annotated Dataset\Bottle Gourd Disease Augmented Dataset\Healthy Leaf\Healthy Leaf00272_rotated_1087.jpg || D:\AI_Agriculture_Dataset\RAW_DATASETS\Bottle_Gourd\BG05_CAIRrlder\CAIR-BGD-2025 Annotated Dataset\Bottle Gourd Disease Augmented Dataset\Healthy Leaf\Healthy Leaf00272_rotated_1167.jpg || D:\AI_Agriculture_Dataset\RAW_DATASETS\Bottle_Gourd\BG05_CAIRrlder\CAIR-BGD-2025 Annotated Dataset\Bottle Gourd Disease Augmented Dataset\Healthy Leaf\Healthy Leaf00272_rotated_579.jpg
898,e9a312b58e1e0483ea7d7f6af9b0cefeedf8cb428a7b1bfb8e988064b2a5634a,3,WITHIN_DATASET,BG05_CAIR,D:\AI_Agriculture_Dataset\RAW_DATASETS\Bottle_Gourd\BG05_CAIRrlder\CAIR-BGD-2025 Annotated Dataset\Bottle Gourd Disease Augmented Dataset\Healthy Leaf\Healthy Leaf00272_shifted_1115.jpg || D:\AI_Agriculture_Dataset\RAW_DATASETS\Bottle_Gourd\BG05_CAIRrlder\CAIR-BGD-2025 Annotated Dataset\Bottle Gourd Disease Augmented Dataset\Healthy Leaf\Healthy Leaf00272_shifted_1363.jpg || D:\AI_Agriculture_Dataset\RAW_DATASETS\Bottle_Gourd\BG05_CAIRrlder\CAIR-BGD-2025 Annotated Dataset\Bottle Gourd Disease Augmented Dataset\Healthy Leaf\Healthy Leaf00272_shifted_865.jpg
899,9545e204e85f72c33ed928dbaa17768eb73dcae6e99d2ba172a56e2bc6dd3425,2,WITHIN_DATASET,BG05_CAIR,D:\AI_Agriculture_Dataset\RAW_DATASETS\Bottle_Gourd\BG05_CAIRrlder\CAIR-BGD-2025 Annotated Dataset\Bottle Gourd Disease Augmented Dataset\Healthy Leaf\Healthy Leaf00278_shifted_1390.jpg || D:\AI_Agriculture_Dataset\RAW_DATASETS\Bottle_Gourd\BG05_CAIRrlder\CAIR-BGD-2025 Annotated Dataset\Bottle Gourd Disease Augmented Dataset\Healthy Leaf\Healthy Leaf00278_shifted_1398.jpg
900,811c3d92bc1abf730b38cebbb8f96931cb253c0075d7f7cf6a9c1a34c4e237ed,2,WITHIN_DATASET,BG05_CAIR,D:\AI_Agriculture_Dataset\RAW_DATASETS\Bottle_Gourd\BG05_CAIRrlder\CAIR-BGD-2025 Annotated Dataset\Bottle Gourd Disease Augmented Dataset\Healthy Leaf\Healthy Leaf00280_flipped_1489.jpg || D:\AI_Agriculture_Dataset\RAW_DATASETS\Bottle_Gourd\BG05_CAIRrlder\CAIR-BGD-2025 Annotated Dataset\Bottle Gourd Disease Augmented Dataset\Healthy Leaf\Healthy Leaf00280_flipped_797.jpg
901,5cf382e96dbc14266c55405f40b0822f12c970b40cdd67f852521bf2489ab956,2,WITHIN_DATASET,BG05_CAIR,D:\AI_Agriculture_Dataset\RAW_DATASETS\Bottle_Gourd\BG05_CAIRrlder\CAIR-BGD-2025 Annotated Dataset\Bottle Gourd Disease Augmented Dataset\Healthy Leaf\Healthy Leaf00285_flipped_1142.jpg || D:\AI_Agriculture_Dataset\RAW_DATASETS\Bottle_Gourd\BG05_CAIRrlder\CAIR-BGD-2025 Annotated Dataset\Bottle Gourd Disease Augmented Dataset\Healthy Leaf\Healthy Leaf00285_flipped_945.jpg
902,19f863186fbcd5f0f5be0e183012257bf6d10eb7bd6e0a011dded3d3240c82bb,2,WITHIN_DATASET,BG05_CAIR,D:\AI_Agriculture_Dataset\RAW_DATASETS\Bottle_Gourd\BG05_CAIRrlder\CAIR-BGD-2025 Annotated Dataset\Bottle Gourd Disease Augmented Dataset\Healthy Leaf\Healthy Leaf00289_flipped_1246.jpg || D:\AI_Agriculture_Dataset\RAW_DATASETS\Bottle_Gourd\BG05_CAIRrlder\CAIR-BGD-2025 Annotated Dataset\Bottle Gourd Disease Augmented Dataset\Healthy Leaf\Healthy Leaf00289_flipped_990.jpg
903,1d2c07491c2feb7a55cf6aaf751df8769359e47b7a274997d1e77bb96bc5b878,2,WITHIN_DATASET,BG05_CAIR,D:\AI_Agriculture_Dataset\RAW_DATASETS\Bottle_Gourd\BG05_CAIRrlder\CAIR-BGD-2025 Annotated Dataset\Bottle Gourd Disease Augmented Dataset\Healthy Leaf\Healthy Leaf00290_shifted_1352.jpg || D:\AI_Agriculture_Dataset\RAW_DATASETS\Bottle_Gourd\BG05_CAIRrlder\CAIR-BGD-2025 Annotated Dataset\Bottle Gourd Disease Augmented Dataset\Healthy Leaf\Healthy Leaf00290_shifted_32.jpg
904,b0927a130cc1efe8ca41c1b582553dbd910830ec7a3e967d9a759c058567b931,2,WITHIN_DATASET,BG05_CAIR,D:\AI_Agriculture_Dataset\RAW_DATASETS\Bottle_Gourd\BG05_CAIRrlder\CAIR-BGD-2025 Annotated Dataset\Bottle Gourd Disease Augmented Dataset\Healthy Leaf\Healthy Leaf00291_rotated_1257.jpg || D:\AI_Agriculture_Dataset\RAW_DATASETS\Bottle_Gourd\BG05_CAIRrlder\CAIR-BGD-2025 Annotated Dataset\Bottle Gourd Disease Augmented Dataset\Healthy Leaf\Healthy Leaf00291_rotated_1476.jpg
905,089a90b103f74ede13655b7493972f7a6a8bd6f3a44f166663f593ec375d73cf,2,WITHIN_DATASET,BG05_CAIR,D:\AI_Agriculture_Dataset\RAW_DATASETS\Bottle_Gourd\BG05_CAIRrlder\CAIR-BGD-2025 Annotated Dataset\Bottle Gourd Disease Augmented Dataset\Healthy Leaf\Healthy Leaf00293_rotated_141.jpg || D:\AI_Agriculture_Dataset\RAW_DATASETS\Bottle_Gourd\BG05_CAIRrlder\CAIR-BGD-2025 Annotated Dataset\Bottle Gourd Disease Augmented Dataset\Healthy Leaf\Healthy Leaf00293_rotated_632.jpg
906,918ca8dfc1b1cb4182e6a6e6c2323100d6ed2602829a50c33c01ff3b309bcf41,2,WITHIN_DATASET,BG05_CAIR,D:\AI_Agriculture_Dataset\RAW_DATASETS\Bottle_Gourd\BG05_CAIRrlder\CAIR-BGD-2025 Annotated Dataset\Bottle Gourd Disease Augmented Dataset\Healthy Leaf\Healthy Leaf00294_rotated_1156.jpg || D:\AI_Agriculture_Dataset\RAW_DATASETS\Bottle_Gourd\BG05_CAIRrlder\CAIR-BGD-2025 Annotated Dataset\Bottle Gourd Disease Augmented Dataset\Healthy Leaf\Healthy Leaf00294_rotated_302.jpg
907,fe715adc9990028a8a37f58c6cf74ba26c082c93fdcdde5e3a0b6333f3611a7a,3,WITHIN_DATASET,BG05_CAIR,D:\AI_Agriculture_Dataset\RAW_DATASETS\Bottle_Gourd\BG05_CAIRrlder\CAIR-BGD-2025 Annotated Dataset\Bottle Gourd Disease Augmented Dataset\Healthy Leaf\Healthy Leaf00295_shifted_347.jpg || D:\AI_Agriculture_Dataset\RAW_DATASETS\Bottle_Gourd\BG05_CAIRrlder\CAIR-BGD-2025 Annotated Dataset\Bottle Gourd Disease Augmented Dataset\Healthy Leaf\Healthy Leaf00295_shifted_742.jpg || D:\AI_Agriculture_Dataset\RAW_DATASETS\Bottle_Gourd\BG05_CAIRrlder\CAIR-BGD-2025 Annotated Dataset\Bottle Gourd Disease Augmented Dataset\Healthy Leaf\Healthy Leaf00295_shifted_847.jpg
908,d5b02fef2ab7f3db79f089764f62a70bf0446db44e521f89273eaa3b5c06fe7e,2,WITHIN_DATASET,BG05_CAIR,D:\AI_Agriculture_Dataset\RAW_DATASETS\Bottle_Gourd\BG05_CAIRrlder\CAIR-BGD-2025 Annotated Dataset\Bottle Gourd Disease Augmented Dataset\Healthy Leaf\Healthy Leaf00299_flipped_1268.jpg || D:\AI_Agriculture_Dataset\RAW_DATASETS\Bottle_Gourd\BG05_CAIRrlder\CAIR-BGD-2025 Annotated Dataset\Bottle Gourd Disease Augmented Dataset\Healthy Leaf\Healthy Leaf00299_flipped_433.jpg
909,ed2cbfaea8479110a1a7ac3549f2e40b3cf7e9985b94f6ab6ae8e48bd5f3f6d7,2,WITHIN_DATASET,BG05_CAIR,D:\AI_Agriculture_Dataset\RAW_DATASETS\Bottle_Gourd\BG05_CAIRrlder\CAIR-BGD-2025 Annotated Dataset\Bottle Gourd Disease Augmented Dataset\Healthy Leaf\Healthy Leaf00302_flipped_1046.jpg || D:\AI_Agriculture_Dataset\RAW_DATASETS\Bottle_Gourd\BG05_CAIRrlder\CAIR-BGD-2025 Annotated Dataset\Bottle Gourd Disease Augmented Dataset\Healthy Leaf\Healthy Leaf00302_flipped_1406.jpg
910,14fbdd3083cc6db0f7534aba57ab4f31069aca8a5be463e5227905c641f243ab,3,WITHIN_DATASET,BG05_CAIR,D:\AI_Agriculture_Dataset\RAW_DATASETS\Bottle_Gourd\BG05_CAIRrlder\CAIR-BGD-2025 Annotated Dataset\Bottle Gourd Disease Augmented Dataset\Healthy Leaf\Healthy Leaf00303_flipped_266.jpg || D:\AI_Agriculture_Dataset\RAW_DATASETS\Bottle_Gourd\BG05_CAIRrlder\CAIR-BGD-2025 Annotated Dataset\Bottle Gourd Disease Augmented Dataset\Healthy Leaf\Healthy Leaf00303_flipped_286.jpg || D:\AI_Agriculture_Dataset\RAW_DATASETS\Bottle_Gourd\BG05_CAIRrlder\CAIR-BGD-2025 Annotated Dataset\Bottle Gourd Disease Augmented Dataset\Healthy Leaf\Healthy Leaf00303_flipped_722.jpg
911,814365c060378f2e478cc0d95d93b2028fd5bbf977c1a24842ae99a06449ad66,2,WITHIN_DATASET,BG05_CAIR,D:\AI_Agriculture_Dataset\RAW_DATASETS\Bottle_Gourd\BG05_CAIRrlder\CAIR-BGD-2025 Annotated Dataset\Bottle Gourd Disease Augmented Dataset\Healthy Leaf\Healthy Leaf00304_flipped_1059.jpg || D:\AI_Agriculture_Dataset\RAW_DATASETS\Bottle_Gourd\BG05_CAIRrlder\CAIR-BGD-2025 Annotated Dataset\Bottle Gourd Disease Augmented Dataset\Healthy Leaf\Healthy Leaf00304_flipped_1327.jpg
912,131ea91e02770e15eb5de2bfb6e91c6860e8f8f3a0e575ccc14d2268b7c22267,2,WITHIN_DATASET,BG05_CAIR,D:\AI_Agriculture_Dataset\RAW_DATASETS\Bottle_Gourd\BG05_CAIRrlder\CAIR-BGD-2025 Annotated Dataset\Bottle Gourd Disease Augmented Dataset\Healthy Leaf\Healthy Leaf00304_rotated_349.jpg || D:\AI_Agriculture_Dataset\RAW_DATASETS\Bottle_Gourd\BG05_CAIRrlder\CAIR-BGD-2025 Annotated Dataset\Bottle Gourd Disease Augmented Dataset\Healthy Leaf\Healthy Leaf00304_rotated_477.jpg
913,570988d8578f77fcbb4f84b6554b33fca4f2042f48ab97b8f426c3a818b96837,2,WITHIN_DATASET,BG05_CAIR,D:\AI_Agriculture_Dataset\RAW_DATASETS\Bottle_Gourd\BG05_CAIRrlder\CAIR-BGD-2025 Annotated Dataset\Bottle Gourd Disease Augmented Dataset\Healthy Leaf\Healthy Leaf00306_shifted_324.jpg || D:\AI_Agriculture_Dataset\RAW_DATASETS\Bottle_Gourd\BG05_CAIRrlder\CAIR-BGD-2025 Annotated Dataset\Bottle Gourd Disease Augmented Dataset\Healthy Leaf\Healthy Leaf00306_shifted_661.jpg
914,6c04d6e014a49262b005e17cadfb208298eb7ebf598bb099aa69b1a12c682ce1,4,WITHIN_DATASET,BG05_CAIR,D:\AI_Agriculture_Dataset\RAW_DATASETS\Bottle_Gourd\BG05_CAIRrlder\CAIR-BGD-2025 Annotated Dataset\Bottle Gourd Disease Augmented Dataset\Healthy Leaf\Healthy Leaf00307_shifted_1487.jpg || D:\AI_Agriculture_Dataset\RAW_DATASETS\Bottle_Gourd\BG05_CAIRrlder\CAIR-BGD-2025 Annotated Dataset\Bottle Gourd Disease Augmented Dataset\Healthy Leaf\Healthy Leaf00307_shifted_463.jpg || D:\AI_Agriculture_Dataset\RAW_DATASETS\Bottle_Gourd\BG05_CAIRrlder\CAIR-BGD-2025 Annotated Dataset\Bottle Gourd Disease Augmented Dataset\Healthy Leaf\Healthy Leaf00307_shifted_732.jpg || D:\AI_Agriculture_Dataset\RAW_DATASETS\Bottle_Gourd\BG05_CAIRrlder\CAIR-BGD-2025 Annotated Dataset\Bottle Gourd Disease Augmented Dataset\Healthy Leaf\Healthy Leaf00307_shifted_955.jpg
915,c6e924856e971e93a5d45bdcb48d4928dbf179d77da0efd55efa65837c3af371,2,WITHIN_DATASET,BG05_CAIR,D:\AI_Agriculture_Dataset\RAW_DATASETS\Bottle_Gourd\BG05_CAIRrlder\CAIR-BGD-2025 Annotated Dataset\Bottle Gourd Disease Augmented Dataset\Healthy Leaf\Healthy Leaf00311_flipped_38.jpg || D:\AI_Agriculture_Dataset\RAW_DATASETS\Bottle_Gourd\BG05_CAIRrlder\CAIR-BGD-2025 Annotated Dataset\Bottle Gourd Disease Augmented Dataset\Healthy Leaf\Healthy Leaf00311_flipped_441.jpg
916,ab72e736303fcde7069cf357c9cd45383aa3b79c8b9a2356cf5cb902be5083ab,2,WITHIN_DATASET,BG05_CAIR,D:\AI_Agriculture_Dataset\RAW_DATASETS\Bottle_Gourd\BG05_CAIRrlder\CAIR-BGD-2025 Annotated Dataset\Bottle Gourd Disease Augmented Dataset\Healthy Leaf\Healthy Leaf00315_rotated_1178.jpg || D:\AI_Agriculture_Dataset\RAW_DATASETS\Bottle_Gourd\BG05_CAIRrlder\CAIR-BGD-2025 Annotated Dataset\Bottle Gourd Disease Augmented Dataset\Healthy Leaf\Healthy Leaf00315_rotated_562.jpg
917,bc17963f1dee532b0786c7b70cc0fe8ee5867c83dec341c142d8926d16411b48,2,WITHIN_DATASET,BG05_CAIR,D:\AI_Agriculture_Dataset\RAW_DATASETS\Bottle_Gourd\BG05_CAIRrlder\CAIR-BGD-2025 Annotated Dataset\Bottle Gourd Disease Augmented Dataset\Healthy Leaf\Healthy Leaf00323_flipped_1219.jpg || D:\AI_Agriculture_Dataset\RAW_DATASETS\Bottle_Gourd\BG05_CAIRrlder\CAIR-BGD-2025 Annotated Dataset\Bottle Gourd Disease Augmented Dataset\Healthy Leaf\Healthy Leaf00323_flipped_896.jpg
918,acfec8903a95e2b73fb788ed0f96c71ff1afd887358445b8c061af20b61d3d49,3,WITHIN_DATASET,BG05_CAIR,D:\AI_Agriculture_Dataset\RAW_DATASETS\Bottle_Gourd\BG05_CAIRrlder\CAIR-BGD-2025 Annotated Dataset\Bottle Gourd Disease Augmented Dataset\Healthy Leaf\Healthy Leaf00323_shifted_576.jpg || D:\AI_Agriculture_Dataset\RAW_DATASETS\Bottle_Gourd\BG05_CAIRrlder\CAIR-BGD-2025 Annotated Dataset\Bottle Gourd Disease Augmented Dataset\Healthy Leaf\Healthy Leaf00323_shifted_670.jpg || D:\AI_Agriculture_Dataset\RAW_DATASETS\Bottle_Gourd\BG05_CAIRrlder\CAIR-BGD-2025 Annotated Dataset\Bottle Gourd Disease Augmented Dataset\Healthy Leaf\Healthy Leaf00323_shifted_744.jpg
919,dab2ac2844fb494c2ee7fcc91c3e1ba427fb7510f45cf81cca0908997520e0a8,2,WITHIN_DATASET,BG05_CAIR,D:\AI_Agriculture_Dataset\RAW_DATASETS\Bottle_Gourd\BG05_CAIRrlder\CAIR-BGD-2025 Annotated Dataset\Bottle Gourd Disease Augmented Dataset\Healthy Leaf\Healthy Leaf00324_rotated_1154.jpg || D:\AI_Agriculture_Dataset\RAW_DATASETS\Bottle_Gourd\BG05_CAIRrlder\CAIR-BGD-2025 Annotated Dataset\Bottle Gourd Disease Augmented Dataset\Healthy Leaf\Healthy Leaf00324_rotated_259.jpg
920,08271c1ab3c151a96685da28d93df0faa7b973fc5b98e1ae634f928bafc00990,2,WITHIN_DATASET,BG05_CAIR,D:\AI_Agriculture_Dataset\RAW_DATASETS\Bottle_Gourd\BG05_CAIRrlder\CAIR-BGD-2025 Annotated Dataset\Bottle Gourd Disease Augmented Dataset\Healthy Leaf\Healthy Leaf00325_shifted_139.jpg || D:\AI_Agriculture_Dataset\RAW_DATASETS\Bottle_Gourd\BG05_CAIRrlder\CAIR-BGD-2025 Annotated Dataset\Bottle Gourd Disease Augmented Dataset\Healthy Leaf\Healthy Leaf00325_shifted_151.jpg
921,d5e38c80cebe7445964c3051127422285d18c5887f4761f7efecb94f8b244935,2,WITHIN_DATASET,BG05_CAIR,D:\AI_Agriculture_Dataset\RAW_DATASETS\Bottle_Gourd\BG05_CAIRrlder\CAIR-BGD-2025 Annotated Dataset\Bottle Gourd Disease Augmented Dataset\Healthy Leaf\Healthy Leaf00327_flipped_109.jpg || D:\AI_Agriculture_Dataset\RAW_DATASETS\Bottle_Gourd\BG05_CAIRrlder\CAIR-BGD-2025 Annotated Dataset\Bottle Gourd Disease Augmented Dataset\Healthy Leaf\Healthy Leaf00327_flipped_1280.jpg
922,2d2d00930c93bbeaf875df589ae662b0f2d7794080eb4075d4b9991209dac44e,2,WITHIN_DATASET,BG05_CAIR,D:\AI_Agriculture_Dataset\RAW_DATASETS\Bottle_Gourd\BG05_CAIRrlder\CAIR-BGD-2025 Annotated Dataset\Bottle Gourd Disease Augmented Dataset\Healthy Leaf\Healthy Leaf00328_rotated_350.jpg || D:\AI_Agriculture_Dataset\RAW_DATASETS\Bottle_Gourd\BG05_CAIRrlder\CAIR-BGD-2025 Annotated Dataset\Bottle Gourd Disease Augmented Dataset\Healthy Leaf\Healthy Leaf00328_rotated_485.jpg
923,26a4720f084c2b334f6fda5d876016ec67392003575b6f0f630c45abb474464c,2,WITHIN_DATASET,BG05_CAIR,D:\AI_Agriculture_Dataset\RAW_DATASETS\Bottle_Gourd\BG05_CAIRrlder\CAIR-BGD-2025 Annotated Dataset\Bottle Gourd Disease Augmented Dataset\Healthy Leaf\Healthy Leaf00331_shifted_228.jpg || D:\AI_Agriculture_Dataset\RAW_DATASETS\Bottle_Gourd\BG05_CAIRrlder\CAIR-BGD-2025 Annotated Dataset\Bottle Gourd Disease Augmented Dataset\Healthy Leaf\Healthy Leaf00331_shifted_743.jpg
924,122e049e2d66d6993c936c9c2a7d6dd61e2b229202498360d4c6b6b4da3505b3,2,WITHIN_DATASET,BG05_CAIR,D:\AI_Agriculture_Dataset\RAW_DATASETS\Bottle_Gourd\BG05_CAIRrlder\CAIR-BGD-2025 Annotated Dataset\Bottle Gourd Disease Augmented Dataset\Healthy Leaf\Healthy Leaf00333_rotated_127.jpg || D:\AI_Agriculture_Dataset\RAW_DATASETS\Bottle_Gourd\BG05_CAIRrlder\CAIR-BGD-2025 Annotated Dataset\Bottle Gourd Disease Augmented Dataset\Healthy Leaf\Healthy Leaf00333_rotated_95.jpg
925,88bd567ec120b414fe218a4e7ea932a67403eb87057df0e8acff04ae889ac76f,2,WITHIN_DATASET,BG05_CAIR,D:\AI_Agriculture_Dataset\RAW_DATASETS\Bottle_Gourd\BG05_CAIRrlder\CAIR-BGD-2025 Annotated Dataset\Bottle Gourd Disease Augmented Dataset\Healthy Leaf\Healthy Leaf00336_flipped_377.jpg || D:\AI_Agriculture_Dataset\RAW_DATASETS\Bottle_Gourd\BG05_CAIRrlder\CAIR-BGD-2025 Annotated Dataset\Bottle Gourd Disease Augmented Dataset\Healthy Leaf\Healthy Leaf00336_flipped_545.jpg
926,4db31ca3a0511003c3ef452fbd7ac94c6a032f11e971d0ebb819812a4a77396e,2,WITHIN_DATASET,BG05_CAIR,D:\AI_Agriculture_Dataset\RAW_DATASETS\Bottle_Gourd\BG05_CAIRrlder\CAIR-BGD-2025 Annotated Dataset\Bottle Gourd Disease Augmented Dataset\Healthy Leaf\Healthy Leaf00337_rotated_1036.jpg || D:\AI_Agriculture_Dataset\RAW_DATASETS\Bottle_Gourd\BG05_CAIRrlder\CAIR-BGD-2025 Annotated Dataset\Bottle Gourd Disease Augmented Dataset\Healthy Leaf\Healthy Leaf00337_rotated_824.jpg
927,8490404aabae138942fa7e46ccaf7ea470226e68abfd00729b03bad258d243e0,2,WITHIN_DATASET,BG05_CAIR,D:\AI_Agriculture_Dataset\RAW_DATASETS\Bottle_Gourd\BG05_CAIRrlder\CAIR-BGD-2025 Annotated Dataset\Bottle Gourd Disease Augmented Dataset\Healthy Leaf\Healthy Leaf00338_rotated_501.jpg || D:\AI_Agriculture_Dataset\RAW_DATASETS\Bottle_Gourd\BG05_CAIRrlder\CAIR-BGD-2025 Annotated Dataset\Bottle Gourd Disease Augmented Dataset\Healthy Leaf\Healthy Leaf00338_rotated_905.jpg
928,15881782481a8122bb4da8662bcd7e59d303e830bc0ebceeb661d55a6a88acae,2,WITHIN_DATASET,BG05_CAIR,D:\AI_Agriculture_Dataset\RAW_DATASETS\Bottle_Gourd\BG05_CAIRrlder\CAIR-BGD-2025 Annotated Dataset\Bottle Gourd Disease Augmented Dataset\Healthy Leaf\Healthy Leaf00340_rotated_1173.jpg || D:\AI_Agriculture_Dataset\RAW_DATASETS\Bottle_Gourd\BG05_CAIRrlder\CAIR-BGD-2025 Annotated Dataset\Bottle Gourd Disease Augmented Dataset\Healthy Leaf\Healthy Leaf00340_rotated_1299.jpg
929,74a02581b799a1e28802cf14302cfdb919981e99c9c4460281b4ac4aefa4c518,2,WITHIN_DATASET,BG05_CAIR,D:\AI_Agriculture_Dataset\RAW_DATASETS\Bottle_Gourd\BG05_CAIRrlder\CAIR-BGD-2025 Annotated Dataset\Bottle Gourd Disease Augmented Dataset\Healthy Leaf\Healthy Leaf00341_rotated_111.jpg || D:\AI_Agriculture_Dataset\RAW_DATASETS\Bottle_Gourd\BG05_CAIRrlder\CAIR-BGD-2025 Annotated Dataset\Bottle Gourd Disease Augmented Dataset\Healthy Leaf\Healthy Leaf00341_rotated_1441.jpg
930,b5b15a3717a7afbf6e96060b5999e84f29fcfc6492fb2d64dd9de772e81c6c67,2,WITHIN_DATASET,BG05_CAIR,D:\AI_Agriculture_Dataset\RAW_DATASETS\Bottle_Gourd\BG05_CAIRrlder\CAIR-BGD-2025 Annotated Dataset\Bottle Gourd Disease Augmented Dataset\Healthy Leaf\Healthy Leaf00345_rotated_352.jpg || D:\AI_Agriculture_Dataset\RAW_DATASETS\Bottle_Gourd\BG05_CAIRrlder\CAIR-BGD-2025 Annotated Dataset\Bottle Gourd Disease Augmented Dataset\Healthy Leaf\Healthy Leaf00345_rotated_700.jpg
931,b38a03d0ad643be576e428cf7e542a2e108f1ea637124392f7ff270ced31e901,2,WITHIN_DATASET,BG05_CAIR,D:\AI_Agriculture_Dataset\RAW_DATASETS\Bottle_Gourd\BG05_CAIRrlder\CAIR-BGD-2025 Annotated Dataset\Bottle Gourd Disease Augmented Dataset\Healthy Leaf\Healthy Leaf00351_flipped_1189.jpg || D:\AI_Agriculture_Dataset\RAW_DATASETS\Bottle_Gourd\BG05_CAIRrlder\CAIR-BGD-2025 Annotated Dataset\Bottle Gourd Disease Augmented Dataset\Healthy Leaf\Healthy Leaf00351_flipped_582.jpg
932,6222d0bc3cb17beb87412e8b41094dc8cee36d59e33854eca814e38eea3abdde,2,WITHIN_DATASET,BG05_CAIR,D:\AI_Agriculture_Dataset\RAW_DATASETS\Bottle_Gourd\BG05_CAIRrlder\CAIR-BGD-2025 Annotated Dataset\Bottle Gourd Disease Augmented Dataset\Healthy Leaf\Healthy Leaf00353_flipped_1040.jpg || D:\AI_Agriculture_Dataset\RAW_DATASETS\Bottle_Gourd\BG05_CAIRrlder\CAIR-BGD-2025 Annotated Dataset\Bottle Gourd Disease Augmented Dataset\Healthy Leaf\Healthy Leaf00353_flipped_716.jpg
933,4152b3db5caa55a0ffeef07ae2742236ce858c29a1b765a2c657f493ebe660d6,2,WITHIN_DATASET,BG05_CAIR,D:\AI_Agriculture_Dataset\RAW_DATASETS\Bottle_Gourd\BG05_CAIRrlder\CAIR-BGD-2025 Annotated Dataset\Bottle Gourd Disease Augmented Dataset\Healthy Leaf\Healthy Leaf00354_rotated_1305.jpg || D:\AI_Agriculture_Dataset\RAW_DATASETS\Bottle_Gourd\BG05_CAIRrlder\CAIR-BGD-2025 Annotated Dataset\Bottle Gourd Disease Augmented Dataset\Healthy Leaf\Healthy Leaf00354_rotated_1373.jpg
934,e7e3399e017c8ecea88ab7175b2bc96a81696d6808017f513e894bd4b60bcd6b,2,WITHIN_DATASET,BG05_CAIR,D:\AI_Agriculture_Dataset\RAW_DATASETS\Bottle_Gourd\BG05_CAIRrlder\CAIR-BGD-2025 Annotated Dataset\Bottle Gourd Disease Augmented Dataset\Healthy Leaf\Healthy Leaf00356_flipped_0.jpg || D:\AI_Agriculture_Dataset\RAW_DATASETS\Bottle_Gourd\BG05_CAIRrlder\CAIR-BGD-2025 Annotated Dataset\Bottle Gourd Disease Augmented Dataset\Healthy Leaf\Healthy Leaf00356_flipped_611.jpg
935,b13544827bbc60da634e26300b45d36a5331a007bf8a20b9274c140bee801651,2,WITHIN_DATASET,BG05_CAIR,D:\AI_Agriculture_Dataset\RAW_DATASETS\Bottle_Gourd\BG05_CAIRrlder\CAIR-BGD-2025 Annotated Dataset\Bottle Gourd Disease Augmented Dataset\Healthy Leaf\Healthy Leaf00357_rotated_1293.jpg || D:\AI_Agriculture_Dataset\RAW_DATASETS\Bottle_Gourd\BG05_CAIRrlder\CAIR-BGD-2025 Annotated Dataset\Bottle Gourd Disease Augmented Dataset\Healthy Leaf\Healthy Leaf00357_rotated_878.jpg
936,d5eb7afe0f45fde27aca8e3a8ec999056885e6d9b9cde3b1f4498cdc50ec0da3,2,WITHIN_DATASET,BG05_CAIR,D:\AI_Agriculture_Dataset\RAW_DATASETS\Bottle_Gourd\BG05_CAIRrlder\CAIR-BGD-2025 Annotated Dataset\Bottle Gourd Disease Augmented Dataset\Healthy Leaf\Healthy Leaf00359_shifted_507.jpg || D:\AI_Agriculture_Dataset\RAW_DATASETS\Bottle_Gourd\BG05_CAIRrlder\CAIR-BGD-2025 Annotated Dataset\Bottle Gourd Disease Augmented Dataset\Healthy Leaf\Healthy Leaf00359_shifted_551.jpg
937,ecd3b1f993eda9b2029f97e59a8358a44e96c3d6c09cead0ba7888a1937a9b8a,2,WITHIN_DATASET,BG05_CAIR,D:\AI_Agriculture_Dataset\RAW_DATASETS\Bottle_Gourd\BG05_CAIRrlder\CAIR-BGD-2025 Annotated Dataset\Bottle Gourd Disease Augmented Dataset\Healthy Leaf\Healthy Leaf00363_shifted_44.jpg || D:\AI_Agriculture_Dataset\RAW_DATASETS\Bottle_Gourd\BG05_CAIRrlder\CAIR-BGD-2025 Annotated Dataset\Bottle Gourd Disease Augmented Dataset\Healthy Leaf\Healthy Leaf00363_shifted_911.jpg
938,56a5cd0bf243785216baca4fab2b210f78efd58e32fb5f63217b7ed9e264189e,2,WITHIN_DATASET,BG05_CAIR,D:\AI_Agriculture_Dataset\RAW_DATASETS\Bottle_Gourd\BG05_CAIRrlder\CAIR-BGD-2025 Annotated Dataset\Bottle Gourd Disease Augmented Dataset\Healthy Leaf\Healthy Leaf00365_rotated_1169.jpg || D:\AI_Agriculture_Dataset\RAW_DATASETS\Bottle_Gourd\BG05_CAIRrlder\CAIR-BGD-2025 Annotated Dataset\Bottle Gourd Disease Augmented Dataset\Healthy Leaf\Healthy Leaf00365_rotated_1397.jpg
939,1f109f23c8c8e05c06953b82bc42d255f64a025775510ad4a79b63482ce29a55,2,WITHIN_DATASET,BG05_CAIR,D:\AI_Agriculture_Dataset\RAW_DATASETS\Bottle_Gourd\BG05_CAIRrlder\CAIR-BGD-2025 Annotated Dataset\Bottle Gourd Disease Augmented Dataset\Healthy Leaf\Healthy Leaf00366_shifted_235.jpg || D:\AI_Agriculture_Dataset\RAW_DATASETS\Bottle_Gourd\BG05_CAIRrlder\CAIR-BGD-2025 Annotated Dataset\Bottle Gourd Disease Augmented Dataset\Healthy Leaf\Healthy Leaf00366_shifted_402.jpg
940,4546fc515e6c8576a4b0c5150e0e68b0dc38b55cf142392fd709435eabb857af,2,WITHIN_DATASET,BG05_CAIR,D:\AI_Agriculture_Dataset\RAW_DATASETS\Bottle_Gourd\BG05_CAIRrlder\CAIR-BGD-2025 Annotated Dataset\Bottle Gourd Disease Augmented Dataset\Healthy Leaf\Healthy Leaf00368_rotated_125.jpg || D:\AI_Agriculture_Dataset\RAW_DATASETS\Bottle_Gourd\BG05_CAIRrlder\CAIR-BGD-2025 Annotated Dataset\Bottle Gourd Disease Augmented Dataset\Healthy Leaf\Healthy Leaf00368_rotated_424.jpg
941,d623308f9d9fb3014dba3ab2540f499d8dba91c02b9a8ff10d1c3f7d1646e6d6,3,WITHIN_DATASET,BG05_CAIR,D:\AI_Agriculture_Dataset\RAW_DATASETS\Bottle_Gourd\BG05_CAIRrlder\CAIR-BGD-2025 Annotated Dataset\Bottle Gourd Disease Augmented Dataset\Healthy Leaf\Healthy Leaf00369_rotated_195.jpg || D:\AI_Agriculture_Dataset\RAW_DATASETS\Bottle_Gourd\BG05_CAIRrlder\CAIR-BGD-2025 Annotated Dataset\Bottle Gourd Disease Augmented Dataset\Healthy Leaf\Healthy Leaf00369_rotated_481.jpg || D:\AI_Agriculture_Dataset\RAW_DATASETS\Bottle_Gourd\BG05_CAIRrlder\CAIR-BGD-2025 Annotated Dataset\Bottle Gourd Disease Augmented Dataset\Healthy Leaf\Healthy Leaf00369_rotated_622.jpg
942,5c310e182fa418197d5316c8c349335d93de00adbdf7d893c0755075f288f09d,2,WITHIN_DATASET,BG05_CAIR,D:\AI_Agriculture_Dataset\RAW_DATASETS\Bottle_Gourd\BG05_CAIRrlder\CAIR-BGD-2025 Annotated Dataset\Bottle Gourd Disease Augmented Dataset\Healthy Leaf\Healthy Leaf00373_flipped_234.jpg || D:\AI_Agriculture_Dataset\RAW_DATASETS\Bottle_Gourd\BG05_CAIRrlder\CAIR-BGD-2025 Annotated Dataset\Bottle Gourd Disease Augmented Dataset\Healthy Leaf\Healthy Leaf00373_flipped_751.jpg
943,1b9c3c296e97df1806e341fb6ab666378117c256a9470eb0eafb9a31e673076c,2,WITHIN_DATASET,BG05_CAIR,D:\AI_Agriculture_Dataset\RAW_DATASETS\Bottle_Gourd\BG05_CAIRrlder\CAIR-BGD-2025 Annotated Dataset\Bottle Gourd Disease Augmented Dataset\Healthy Leaf\Healthy Leaf00373_rotated_447.jpg || D:\AI_Agriculture_Dataset\RAW_DATASETS\Bottle_Gourd\BG05_CAIRrlder\CAIR-BGD-2025 Annotated Dataset\Bottle Gourd Disease Augmented Dataset\Healthy Leaf\Healthy Leaf00373_rotated_909.jpg
944,d2b1fc323a1a82d3ae8935f3dec60edc8a7995deefb130a6a0e2241b76460888,2,WITHIN_DATASET,BG05_CAIR,D:\AI_Agriculture_Dataset\RAW_DATASETS\Bottle_Gourd\BG05_CAIRrlder\CAIR-BGD-2025 Annotated Dataset\Bottle Gourd Disease Augmented Dataset\Healthy Leaf\Healthy Leaf00377_shifted_108.jpg || D:\AI_Agriculture_Dataset\RAW_DATASETS\Bottle_Gourd\BG05_CAIRrlder\CAIR-BGD-2025 Annotated Dataset\Bottle Gourd Disease Augmented Dataset\Healthy Leaf\Healthy Leaf00377_shifted_613.jpg
945,22bf3b92c8601cbd5b6dce91daff9f00421ae9e46a455df140446a8978f1f22e,2,WITHIN_DATASET,BG05_CAIR,D:\AI_Agriculture_Dataset\RAW_DATASETS\Bottle_Gourd\BG05_CAIRrlder\CAIR-BGD-2025 Annotated Dataset\Bottle Gourd Disease Augmented Dataset\Healthy Leaf\Healthy Leaf00378_flipped_1387.jpg || D:\AI_Agriculture_Dataset\RAW_DATASETS\Bottle_Gourd\BG05_CAIRrlder\CAIR-BGD-2025 Annotated Dataset\Bottle Gourd Disease Augmented Dataset\Healthy Leaf\Healthy Leaf00378_flipped_614.jpg
946,b684b47e593395389acbdef163828f42600fbcfbd7a7f4cf37afb74090710f5a,2,WITHIN_DATASET,BG05_CAIR,D:\AI_Agriculture_Dataset\RAW_DATASETS\Bottle_Gourd\BG05_CAIRrlder\CAIR-BGD-2025 Annotated Dataset\Bottle Gourd Disease Augmented Dataset\Healthy Leaf\Healthy Leaf00380_rotated_385.jpg || D:\AI_Agriculture_Dataset\RAW_DATASETS\Bottle_Gourd\BG05_CAIRrlder\CAIR-BGD-2025 Annotated Dataset\Bottle Gourd Disease Augmented Dataset\Healthy Leaf\Healthy Leaf00380_rotated_574.jpg
947,4e86a9bfd9e7d3c1edee7b060f538b78ea8329deb5a398ad6e19f2b9e7a27234,2,WITHIN_DATASET,BG05_CAIR,D:\AI_Agriculture_Dataset\RAW_DATASETS\Bottle_Gourd\BG05_CAIRrlder\CAIR-BGD-2025 Annotated Dataset\Bottle Gourd Disease Augmented Dataset\Healthy Leaf\Healthy Leaf00382_flipped_1026.jpg || D:\AI_Agriculture_Dataset\RAW_DATASETS\Bottle_Gourd\BG05_CAIRrlder\CAIR-BGD-2025 Annotated Dataset\Bottle Gourd Disease Augmented Dataset\Healthy Leaf\Healthy Leaf00382_flipped_1091.jpg
948,d45b8e001e3cf6b4753cf2738050cd502d8112981ef8629b67de7ad31c25f661,2,WITHIN_DATASET,BG05_CAIR,D:\AI_Agriculture_Dataset\RAW_DATASETS\Bottle_Gourd\BG05_CAIRrlder\CAIR-BGD-2025 Annotated Dataset\Bottle Gourd Disease Augmented Dataset\Healthy Leaf\Healthy Leaf00387_shifted_675.jpg || D:\AI_Agriculture_Dataset\RAW_DATASETS\Bottle_Gourd\BG05_CAIRrlder\CAIR-BGD-2025 Annotated Dataset\Bottle Gourd Disease Augmented Dataset\Healthy Leaf\Healthy Leaf00387_shifted_771.jpg
949,e85254a3a7985ebbc428b6230269bba8b57c8ab750c9eeeb8677549e0b15511b,2,WITHIN_DATASET,BG05_CAIR,D:\AI_Agriculture_Dataset\RAW_DATASETS\Bottle_Gourd\BG05_CAIRrlder\CAIR-BGD-2025 Annotated Dataset\Bottle Gourd Disease Augmented Dataset\Healthy Leaf\Healthy Leaf00388_rotated_1454.jpg || D:\AI_Agriculture_Dataset\RAW_DATASETS\Bottle_Gourd\BG05_CAIRrlder\CAIR-BGD-2025 Annotated Dataset\Bottle Gourd Disease Augmented Dataset\Healthy Leaf\Healthy Leaf00388_rotated_435.jpg
950,e4c259b470abd9f16dbe29d5d583024dea0ee741be5d8319fb7e982aba46d78c,2,WITHIN_DATASET,BG05_CAIR,D:\AI_Agriculture_Dataset\RAW_DATASETS\Bottle_Gourd\BG05_CAIRrlder\CAIR-BGD-2025 Annotated Dataset\Bottle Gourd Disease Augmented Dataset\Healthy Leaf\Healthy Leaf00389_shifted_629.jpg || D:\AI_Agriculture_Dataset\RAW_DATASETS\Bottle_Gourd\BG05_CAIRrlder\CAIR-BGD-2025 Annotated Dataset\Bottle Gourd Disease Augmented Dataset\Healthy Leaf\Healthy Leaf00389_shifted_681.jpg
951,d7bafab50c86162d4a89e7f64527bd06e9e4d3be4e59b86791e34dcfadb44b15,2,WITHIN_DATASET,BG05_CAIR,D:\AI_Agriculture_Dataset\RAW_DATASETS\Bottle_Gourd\BG05_CAIRrlder\CAIR-BGD-2025 Annotated Dataset\Bottle Gourd Disease Augmented Dataset\Healthy Leaf\Healthy Leaf00391_shifted_285.jpg || D:\AI_Agriculture_Dataset\RAW_DATASETS\Bottle_Gourd\BG05_CAIRrlder\CAIR-BGD-2025 Annotated Dataset\Bottle Gourd Disease Augmented Dataset\Healthy Leaf\Healthy Leaf00391_shifted_444.jpg
952,1cd90ff617913766f24739dc176f45ea0ef3b13ab625b9f890bee1a6b1829bc5,2,WITHIN_DATASET,BG05_CAIR,D:\AI_Agriculture_Dataset\RAW_DATASETS\Bottle_Gourd\BG05_CAIRrlder\CAIR-BGD-2025 Annotated Dataset\Bottle Gourd Disease Augmented Dataset\Healthy Leaf\Healthy Leaf00394_flipped_1262.jpg || D:\AI_Agriculture_Dataset\RAW_DATASETS\Bottle_Gourd\BG05_CAIRrlder\CAIR-BGD-2025 Annotated Dataset\Bottle Gourd Disease Augmented Dataset\Healthy Leaf\Healthy Leaf00394_flipped_999.jpg
953,758e6b0493b0b71b5d3f0b3a57ca8803ec95f931406ec1978d9e5ed5fcf77c8c,2,WITHIN_DATASET,BG05_CAIR,D:\AI_Agriculture_Dataset\RAW_DATASETS\Bottle_Gourd\BG05_CAIRrlder\CAIR-BGD-2025 Annotated Dataset\Bottle Gourd Disease Augmented Dataset\Healthy Leaf\Healthy Leaf00396_flipped_1430.jpg || D:\AI_Agriculture_Dataset\RAW_DATASETS\Bottle_Gourd\BG05_CAIRrlder\CAIR-BGD-2025 Annotated Dataset\Bottle Gourd Disease Augmented Dataset\Healthy Leaf\Healthy Leaf00396_flipped_360.jpg
954,39277bfc8e8419a0f5f0356235cf17618e7bc29c429a034407e358e0cd2afdf6,2,WITHIN_DATASET,BG05_CAIR,D:\AI_Agriculture_Dataset\RAW_DATASETS\Bottle_Gourd\BG05_CAIRrlder\CAIR-BGD-2025 Annotated Dataset\Bottle Gourd Disease Augmented Dataset\Healthy Leaf\Healthy Leaf00396_rotated_1234.jpg || D:\AI_Agriculture_Dataset\RAW_DATASETS\Bottle_Gourd\BG05_CAIRrlder\CAIR-BGD-2025 Annotated Dataset\Bottle Gourd Disease Augmented Dataset\Healthy Leaf\Healthy Leaf00396_rotated_201.jpg
955,baac16fa1a50567cf54efeffb5c99c0c5601bee1585cfbe7c20beb96302a048f,2,WITHIN_DATASET,BG05_CAIR,D:\AI_Agriculture_Dataset\RAW_DATASETS\Bottle_Gourd\BG05_CAIRrlder\CAIR-BGD-2025 Annotated Dataset\Bottle Gourd Disease Augmented Dataset\Healthy Leaf\Healthy Leaf00398_shifted_1035.jpg || D:\AI_Agriculture_Dataset\RAW_DATASETS\Bottle_Gourd\BG05_CAIRrlder\CAIR-BGD-2025 Annotated Dataset\Bottle Gourd Disease Augmented Dataset\Healthy Leaf\Healthy Leaf00398_shifted_212.jpg
956,a2d0640d3fcdbd302034f5182a2f72e357e259cf9d7ce59cb3794ec636f1f1cc,4,WITHIN_DATASET,BG05_CAIR,D:\AI_Agriculture_Dataset\RAW_DATASETS\Bottle_Gourd\BG05_CAIRrlder\CAIR-BGD-2025 Annotated Dataset\Bottle Gourd Disease Augmented Dataset\Healthy Leaf\Healthy Leaf00399_rotated_1345.jpg || D:\AI_Agriculture_Dataset\RAW_DATASETS\Bottle_Gourd\BG05_CAIRrlder\CAIR-BGD-2025 Annotated Dataset\Bottle Gourd Disease Augmented Dataset\Healthy Leaf\Healthy Leaf00399_rotated_237.jpg || D:\AI_Agriculture_Dataset\RAW_DATASETS\Bottle_Gourd\BG05_CAIRrlder\CAIR-BGD-2025 Annotated Dataset\Bottle Gourd Disease Augmented Dataset\Healthy Leaf\Healthy Leaf00399_rotated_270.jpg || D:\AI_Agriculture_Dataset\RAW_DATASETS\Bottle_Gourd\BG05_CAIRrlder\CAIR-BGD-2025 Annotated Dataset\Bottle Gourd Disease Augmented Dataset\Healthy Leaf\Healthy Leaf00399_rotated_702.jpg
957,9c82c1bdeee25dfc71471fb5db7a6ab0517ab89f9b4dcc85e2310b1bfa3d8ddc,2,WITHIN_DATASET,BG05_CAIR,D:\AI_Agriculture_Dataset\RAW_DATASETS\Bottle_Gourd\BG05_CAIRrlder\CAIR-BGD-2025 Annotated Dataset\Bottle Gourd Disease Augmented Dataset\Healthy Leaf\Healthy Leaf00400_rotated_580.jpg || D:\AI_Agriculture_Dataset\RAW_DATASETS\Bottle_Gourd\BG05_CAIRrlder\CAIR-BGD-2025 Annotated Dataset\Bottle Gourd Disease Augmented Dataset\Healthy Leaf\Healthy Leaf00400_rotated_916.jpg
958,c7675836ae00dc339ef5c8a6033639bda6c1b095c4a4eaf6343a0d4b3a8e50e1,3,WITHIN_DATASET,BG05_CAIR,D:\AI_Agriculture_Dataset\RAW_DATASETS\Bottle_Gourd\BG05_CAIRrlder\CAIR-BGD-2025 Annotated Dataset\Bottle Gourd Disease Augmented Dataset\Healthy Leaf\Healthy Leaf00401_rotated_1277.jpg || D:\AI_Agriculture_Dataset\RAW_DATASETS\Bottle_Gourd\BG05_CAIRrlder\CAIR-BGD-2025 Annotated Dataset\Bottle Gourd Disease Augmented Dataset\Healthy Leaf\Healthy Leaf00401_rotated_478.jpg || D:\AI_Agriculture_Dataset\RAW_DATASETS\Bottle_Gourd\BG05_CAIRrlder\CAIR-BGD-2025 Annotated Dataset\Bottle Gourd Disease Augmented Dataset\Healthy Leaf\Healthy Leaf00401_rotated_527.jpg
959,cce89857a9ae524d9db7c99104bd28d155d086341b13f04fd692f31b30bbddfe,2,WITHIN_DATASET,BG05_CAIR,D:\AI_Agriculture_Dataset\RAW_DATASETS\Bottle_Gourd\BG05_CAIRrlder\CAIR-BGD-2025 Annotated Dataset\Bottle Gourd Disease Augmented Dataset\Healthy Leaf\Healthy Leaf00405_flipped_600.jpg || D:\AI_Agriculture_Dataset\RAW_DATASETS\Bottle_Gourd\BG05_CAIRrlder\CAIR-BGD-2025 Annotated Dataset\Bottle Gourd Disease Augmented Dataset\Healthy Leaf\Healthy Leaf00405_flipped_8.jpg
960,e5ba007757917fde572e8b4ca1f4689e78bd1c2dbb392fccc90041c062cfd2e0,2,WITHIN_DATASET,BG05_CAIR,D:\AI_Agriculture_Dataset\RAW_DATASETS\Bottle_Gourd\BG05_CAIRrlder\CAIR-BGD-2025 Annotated Dataset\Bottle Gourd Disease Augmented Dataset\Healthy Leaf\Healthy Leaf00409_shifted_1215.jpg || D:\AI_Agriculture_Dataset\RAW_DATASETS\Bottle_Gourd\BG05_CAIRrlder\CAIR-BGD-2025 Annotated Dataset\Bottle Gourd Disease Augmented Dataset\Healthy Leaf\Healthy Leaf00409_shifted_657.jpg
961,b85e1f245c53f10e3702ee2a20a72679260f39df23065e5459877d654159328d,3,WITHIN_DATASET,BG05_CAIR,D:\AI_Agriculture_Dataset\RAW_DATASETS\Bottle_Gourd\BG05_CAIRrlder\CAIR-BGD-2025 Annotated Dataset\Bottle Gourd Disease Augmented Dataset\Healthy Leaf\Healthy Leaf00417_rotated_1053.jpg || D:\AI_Agriculture_Dataset\RAW_DATASETS\Bottle_Gourd\BG05_CAIRrlder\CAIR-BGD-2025 Annotated Dataset\Bottle Gourd Disease Augmented Dataset\Healthy Leaf\Healthy Leaf00417_rotated_1184.jpg || D:\AI_Agriculture_Dataset\RAW_DATASETS\Bottle_Gourd\BG05_CAIRrlder\CAIR-BGD-2025 Annotated Dataset\Bottle Gourd Disease Augmented Dataset\Healthy Leaf\Healthy Leaf00417_rotated_1356.jpg
962,9f15b783f2c58d75214478a2b987cb54e8e501d7bb1422979d95098a8cd9de4d,2,WITHIN_DATASET,BG05_CAIR,D:\AI_Agriculture_Dataset\RAW_DATASETS\Bottle_Gourd\BG05_CAIRrlder\CAIR-BGD-2025 Annotated Dataset\Bottle Gourd Disease Augmented Dataset\Healthy Leaf\Healthy Leaf00417_shifted_1010.jpg || D:\AI_Agriculture_Dataset\RAW_DATASETS\Bottle_Gourd\BG05_CAIRrlder\CAIR-BGD-2025 Annotated Dataset\Bottle Gourd Disease Augmented Dataset\Healthy Leaf\Healthy Leaf00417_shifted_423.jpg
963,2d3bbae70e761796aaadc55bf1ab52c569d07fbaa311e1d59ec02de181442b2c,2,WITHIN_DATASET,BG05_CAIR,D:\AI_Agriculture_Dataset\RAW_DATASETS\Bottle_Gourd\BG05_CAIRrlder\CAIR-BGD-2025 Annotated Dataset\Bottle Gourd Disease Augmented Dataset\Nutrition Deficiency\Nutrition Deficiency00001_flipped_0.jpg || D:\AI_Agriculture_Dataset\RAW_DATASETS\Bottle_Gourd\BG05_CAIRrlder\CAIR-BGD-2025 Annotated Dataset\Bottle Gourd Disease Augmented Dataset\Nutrition Deficiency\Nutrition Deficiency00001_flipped_6.jpg
964,16288a4fa29eecf2a8e9b93f09a6d7e06c8fec2108651431e48f6d2d41a92613,2,WITHIN_DATASET,BG05_CAIR,D:\AI_Agriculture_Dataset\RAW_DATASETS\Bottle_Gourd\BG05_CAIRrlder\CAIR-BGD-2025 Annotated Dataset\Bottle Gourd Disease Augmented Dataset\Nutrition Deficiency\Nutrition Deficiency00001_rotated_1.jpg || D:\AI_Agriculture_Dataset\RAW_DATASETS\Bottle_Gourd\BG05_CAIRrlder\CAIR-BGD-2025 Annotated Dataset\Bottle Gourd Disease Augmented Dataset\Nutrition Deficiency\Nutrition Deficiency00001_rotated_7.jpg
965,62651dd67c14c125c77c7c17f3c883f9cd7b094cd95e7b2430fdd932a1902104,2,WITHIN_DATASET,BG05_CAIR,D:\AI_Agriculture_Dataset\RAW_DATASETS\Bottle_Gourd\BG05_CAIRrlder\CAIR-BGD-2025 Annotated Dataset\Bottle Gourd Disease Augmented Dataset\Nutrition Deficiency\Nutrition Deficiency00001_shifted_2.jpg || D:\AI_Agriculture_Dataset\RAW_DATASETS\Bottle_Gourd\BG05_CAIRrlder\CAIR-BGD-2025 Annotated Dataset\Bottle Gourd Disease Augmented Dataset\Nutrition Deficiency\Nutrition Deficiency00001_shifted_8.jpg
966,e2dfe3f9eb606dd0a75aa01a92dce3c514af8d2a3c71279a7acf413f341fe6d2,3,WITHIN_DATASET,BG05_CAIR,D:\AI_Agriculture_Dataset\RAW_DATASETS\Bottle_Gourd\BG05_CAIRrlder\CAIR-BGD-2025 Annotated Dataset\Bottle Gourd Disease Augmented Dataset\Nutrition Deficiency\Nutrition Deficiency00002_flipped_12.jpg || D:\AI_Agriculture_Dataset\RAW_DATASETS\Bottle_Gourd\BG05_CAIRrlder\CAIR-BGD-2025 Annotated Dataset\Bottle Gourd Disease Augmented Dataset\Nutrition Deficiency\Nutrition Deficiency00002_flipped_1254.jpg || D:\AI_Agriculture_Dataset\RAW_DATASETS\Bottle_Gourd\BG05_CAIRrlder\CAIR-BGD-2025 Annotated Dataset\Bottle Gourd Disease Augmented Dataset\Nutrition Deficiency\Nutrition Deficiency00002_flipped_18.jpg
967,dcb9e872dcb85cd56240a0eecddb790f9990dfe7e0786369be46403082e2782c,3,WITHIN_DATASET,BG05_CAIR,D:\AI_Agriculture_Dataset\RAW_DATASETS\Bottle_Gourd\BG05_CAIRrlder\CAIR-BGD-2025 Annotated Dataset\Bottle Gourd Disease Augmented Dataset\Nutrition Deficiency\Nutrition Deficiency00002_rotated_1231.jpg || D:\AI_Agriculture_Dataset\RAW_DATASETS\Bottle_Gourd\BG05_CAIRrlder\CAIR-BGD-2025 Annotated Dataset\Bottle Gourd Disease Augmented Dataset\Nutrition Deficiency\Nutrition Deficiency00002_rotated_13.jpg || D:\AI_Agriculture_Dataset\RAW_DATASETS\Bottle_Gourd\BG05_CAIRrlder\CAIR-BGD-2025 Annotated Dataset\Bottle Gourd Disease Augmented Dataset\Nutrition Deficiency\Nutrition Deficiency00002_rotated_19.jpg
968,1b7daea0df6cfc5db89da533c6bf67eee7bf26b804338d642fdff11dc78fc045,2,WITHIN_DATASET,BG05_CAIR,D:\AI_Agriculture_Dataset\RAW_DATASETS\Bottle_Gourd\BG05_CAIRrlder\CAIR-BGD-2025 Annotated Dataset\Bottle Gourd Disease Augmented Dataset\Nutrition Deficiency\Nutrition Deficiency00002_shifted_14.jpg || D:\AI_Agriculture_Dataset\RAW_DATASETS\Bottle_Gourd\BG05_CAIRrlder\CAIR-BGD-2025 Annotated Dataset\Bottle Gourd Disease Augmented Dataset\Nutrition Deficiency\Nutrition Deficiency00002_shifted_20.jpg
969,697c51a8e13f7bc05075d063ebb143d6873cfeb0a9cc1bd769906146c9da37a4,2,WITHIN_DATASET,BG05_CAIR,D:\AI_Agriculture_Dataset\RAW_DATASETS\Bottle_Gourd\BG05_CAIRrlder\CAIR-BGD-2025 Annotated Dataset\Bottle Gourd Disease Augmented Dataset\Nutrition Deficiency\Nutrition Deficiency00003_flipped_24.jpg || D:\AI_Agriculture_Dataset\RAW_DATASETS\Bottle_Gourd\BG05_CAIRrlder\CAIR-BGD-2025 Annotated Dataset\Bottle Gourd Disease Augmented Dataset\Nutrition Deficiency\Nutrition Deficiency00003_flipped_30.jpg
970,2714a05ab61b73433c0392b32fbcd3998e22d5314ce4039109d6efefadbdfc59,2,WITHIN_DATASET,BG05_CAIR,D:\AI_Agriculture_Dataset\RAW_DATASETS\Bottle_Gourd\BG05_CAIRrlder\CAIR-BGD-2025 Annotated Dataset\Bottle Gourd Disease Augmented Dataset\Nutrition Deficiency\Nutrition Deficiency00003_rotated_25.jpg || D:\AI_Agriculture_Dataset\RAW_DATASETS\Bottle_Gourd\BG05_CAIRrlder\CAIR-BGD-2025 Annotated Dataset\Bottle Gourd Disease Augmented Dataset\Nutrition Deficiency\Nutrition Deficiency00003_rotated_31.jpg
971,b693b503b9e97f65281c193524f004fca158b63d4ad65e25e2b0a3b453663246,2,WITHIN_DATASET,BG05_CAIR,D:\AI_Agriculture_Dataset\RAW_DATASETS\Bottle_Gourd\BG05_CAIRrlder\CAIR-BGD-2025 Annotated Dataset\Bottle Gourd Disease Augmented Dataset\Nutrition Deficiency\Nutrition Deficiency00003_shifted_26.jpg || D:\AI_Agriculture_Dataset\RAW_DATASETS\Bottle_Gourd\BG05_CAIRrlder\CAIR-BGD-2025 Annotated Dataset\Bottle Gourd Disease Augmented Dataset\Nutrition Deficiency\Nutrition Deficiency00003_shifted_32.jpg
972,4e795932973e9de385b2cf1b9d095d298f4b943a5dcb1357814be591b1186e41,3,WITHIN_DATASET,BG05_CAIR,D:\AI_Agriculture_Dataset\RAW_DATASETS\Bottle_Gourd\BG05_CAIRrlder\CAIR-BGD-2025 Annotated Dataset\Bottle Gourd Disease Augmented Dataset\Nutrition Deficiency\Nutrition Deficiency00004_flipped_1249.jpg || D:\AI_Agriculture_Dataset\RAW_DATASETS\Bottle_Gourd\BG05_CAIRrlder\CAIR-BGD-2025 Annotated Dataset\Bottle Gourd Disease Augmented Dataset\Nutrition Deficiency\Nutrition Deficiency00004_flipped_36.jpg || D:\AI_Agriculture_Dataset\RAW_DATASETS\Bottle_Gourd\BG05_CAIRrlder\CAIR-BGD-2025 Annotated Dataset\Bottle Gourd Disease Augmented Dataset\Nutrition Deficiency\Nutrition Deficiency00004_flipped_42.jpg
973,81d9da17a23cadc8b7706feca6ac6e927bfac39c4b8baa51f605f0b0e6d47287,2,WITHIN_DATASET,BG05_CAIR,D:\AI_Agriculture_Dataset\RAW_DATASETS\Bottle_Gourd\BG05_CAIRrlder\CAIR-BGD-2025 Annotated Dataset\Bottle Gourd Disease Augmented Dataset\Nutrition Deficiency\Nutrition Deficiency00004_rotated_37.jpg || D:\AI_Agriculture_Dataset\RAW_DATASETS\Bottle_Gourd\BG05_CAIRrlder\CAIR-BGD-2025 Annotated Dataset\Bottle Gourd Disease Augmented Dataset\Nutrition Deficiency\Nutrition Deficiency00004_rotated_43.jpg
974,98ebc00d56f2e4a0b6a0b311af3f9e4fbeea13ede1d8694ccbe01348738857d3,2,WITHIN_DATASET,BG05_CAIR,D:\AI_Agriculture_Dataset\RAW_DATASETS\Bottle_Gourd\BG05_CAIRrlder\CAIR-BGD-2025 Annotated Dataset\Bottle Gourd Disease Augmented Dataset\Nutrition Deficiency\Nutrition Deficiency00004_shifted_38.jpg || D:\AI_Agriculture_Dataset\RAW_DATASETS\Bottle_Gourd\BG05_CAIRrlder\CAIR-BGD-2025 Annotated Dataset\Bottle Gourd Disease Augmented Dataset\Nutrition Deficiency\Nutrition Deficiency00004_shifted_44.jpg
975,7883284c307343f3e798398ef89a332a0fe831bfb9dc9dbbb282a364a7cd8112,2,WITHIN_DATASET,BG05_CAIR,D:\AI_Agriculture_Dataset\RAW_DATASETS\Bottle_Gourd\BG05_CAIRrlder\CAIR-BGD-2025 Annotated Dataset\Bottle Gourd Disease Augmented Dataset\Nutrition Deficiency\Nutrition Deficiency00005_flipped_48.jpg || D:\AI_Agriculture_Dataset\RAW_DATASETS\Bottle_Gourd\BG05_CAIRrlder\CAIR-BGD-2025 Annotated Dataset\Bottle Gourd Disease Augmented Dataset\Nutrition Deficiency\Nutrition Deficiency00005_flipped_54.jpg
976,94f3475a2b343d3be57883f7927c04047958915c8ee0997407acfe553ea3338c,3,WITHIN_DATASET,BG05_CAIR,D:\AI_Agriculture_Dataset\RAW_DATASETS\Bottle_Gourd\BG05_CAIRrlder\CAIR-BGD-2025 Annotated Dataset\Bottle Gourd Disease Augmented Dataset\Nutrition Deficiency\Nutrition Deficiency00005_rotated_1205.jpg || D:\AI_Agriculture_Dataset\RAW_DATASETS\Bottle_Gourd\BG05_CAIRrlder\CAIR-BGD-2025 Annotated Dataset\Bottle Gourd Disease Augmented Dataset\Nutrition Deficiency\Nutrition Deficiency00005_rotated_49.jpg || D:\AI_Agriculture_Dataset\RAW_DATASETS\Bottle_Gourd\BG05_CAIRrlder\CAIR-BGD-2025 Annotated Dataset\Bottle Gourd Disease Augmented Dataset\Nutrition Deficiency\Nutrition Deficiency00005_rotated_55.jpg
977,e2619ceca5ecd944b107698f5a355d4787554ca4386e748bb5988b9b962a35b1,2,WITHIN_DATASET,BG05_CAIR,D:\AI_Agriculture_Dataset\RAW_DATASETS\Bottle_Gourd\BG05_CAIRrlder\CAIR-BGD-2025 Annotated Dataset\Bottle Gourd Disease Augmented Dataset\Nutrition Deficiency\Nutrition Deficiency00005_shifted_50.jpg || D:\AI_Agriculture_Dataset\RAW_DATASETS\Bottle_Gourd\BG05_CAIRrlder\CAIR-BGD-2025 Annotated Dataset\Bottle Gourd Disease Augmented Dataset\Nutrition Deficiency\Nutrition Deficiency00005_shifted_56.jpg
978,ebefe3f2bfeea2add326a007185d1d25f80e64995e713de13f01699a408cf220,2,WITHIN_DATASET,BG05_CAIR,D:\AI_Agriculture_Dataset\RAW_DATASETS\Bottle_Gourd\BG05_CAIRrlder\CAIR-BGD-2025 Annotated Dataset\Bottle Gourd Disease Augmented Dataset\Nutrition Deficiency\Nutrition Deficiency00006_flipped_60.jpg || D:\AI_Agriculture_Dataset\RAW_DATASETS\Bottle_Gourd\BG05_CAIRrlder\CAIR-BGD-2025 Annotated Dataset\Bottle Gourd Disease Augmented Dataset\Nutrition Deficiency\Nutrition Deficiency00006_flipped_66.jpg
979,70b32db7124dc01ca44bef2fdfa3ba2f8e46a96ffc259f5044824ab37d769282,3,WITHIN_DATASET,BG05_CAIR,D:\AI_Agriculture_Dataset\RAW_DATASETS\Bottle_Gourd\BG05_CAIRrlder\CAIR-BGD-2025 Annotated Dataset\Bottle Gourd Disease Augmented Dataset\Nutrition Deficiency\Nutrition Deficiency00006_rotated_1391.jpg || D:\AI_Agriculture_Dataset\RAW_DATASETS\Bottle_Gourd\BG05_CAIRrlder\CAIR-BGD-2025 Annotated Dataset\Bottle Gourd Disease Augmented Dataset\Nutrition Deficiency\Nutrition Deficiency00006_rotated_61.jpg || D:\AI_Agriculture_Dataset\RAW_DATASETS\Bottle_Gourd\BG05_CAIRrlder\CAIR-BGD-2025 Annotated Dataset\Bottle Gourd Disease Augmented Dataset\Nutrition Deficiency\Nutrition Deficiency00006_rotated_67.jpg
980,fb5c9733d0a9700a56af7e757ca6752604429839eb7c445d074f30d342d9d7b9,2,WITHIN_DATASET,BG05_CAIR,D:\AI_Agriculture_Dataset\RAW_DATASETS\Bottle_Gourd\BG05_CAIRrlder\CAIR-BGD-2025 Annotated Dataset\Bottle Gourd Disease Augmented Dataset\Nutrition Deficiency\Nutrition Deficiency00006_shifted_62.jpg || D:\AI_Agriculture_Dataset\RAW_DATASETS\Bottle_Gourd\BG05_CAIRrlder\CAIR-BGD-2025 Annotated Dataset\Bottle Gourd Disease Augmented Dataset\Nutrition Deficiency\Nutrition Deficiency00006_shifted_68.jpg
981,771b53deb176412b9d96b17f6caa7e7366ae446e3515c868587b9afd0ec1fee6,2,WITHIN_DATASET,BG05_CAIR,D:\AI_Agriculture_Dataset\RAW_DATASETS\Bottle_Gourd\BG05_CAIRrlder\CAIR-BGD-2025 Annotated Dataset\Bottle Gourd Disease Augmented Dataset\Nutrition Deficiency\Nutrition Deficiency00007_flipped_72.jpg || D:\AI_Agriculture_Dataset\RAW_DATASETS\Bottle_Gourd\BG05_CAIRrlder\CAIR-BGD-2025 Annotated Dataset\Bottle Gourd Disease Augmented Dataset\Nutrition Deficiency\Nutrition Deficiency00007_flipped_78.jpg
982,1c8518f9ecab51fe9525c466a1942d8fc6de5a3848b0496875db06432250dc07,3,WITHIN_DATASET,BG05_CAIR,D:\AI_Agriculture_Dataset\RAW_DATASETS\Bottle_Gourd\BG05_CAIRrlder\CAIR-BGD-2025 Annotated Dataset\Bottle Gourd Disease Augmented Dataset\Nutrition Deficiency\Nutrition Deficiency00007_rotated_1292.jpg || D:\AI_Agriculture_Dataset\RAW_DATASETS\Bottle_Gourd\BG05_CAIRrlder\CAIR-BGD-2025 Annotated Dataset\Bottle Gourd Disease Augmented Dataset\Nutrition Deficiency\Nutrition Deficiency00007_rotated_73.jpg || D:\AI_Agriculture_Dataset\RAW_DATASETS\Bottle_Gourd\BG05_CAIRrlder\CAIR-BGD-2025 Annotated Dataset\Bottle Gourd Disease Augmented Dataset\Nutrition Deficiency\Nutrition Deficiency00007_rotated_79.jpg
983,102a8c63ae3b0e3dc8dfc6727948b52cc86be4b9950fb624f0b809b8f8dbc182,3,WITHIN_DATASET,BG05_CAIR,D:\AI_Agriculture_Dataset\RAW_DATASETS\Bottle_Gourd\BG05_CAIRrlder\CAIR-BGD-2025 Annotated Dataset\Bottle Gourd Disease Augmented Dataset\Nutrition Deficiency\Nutrition Deficiency00007_shifted_1214.jpg || D:\AI_Agriculture_Dataset\RAW_DATASETS\Bottle_Gourd\BG05_CAIRrlder\CAIR-BGD-2025 Annotated Dataset\Bottle Gourd Disease Augmented Dataset\Nutrition Deficiency\Nutrition Deficiency00007_shifted_74.jpg || D:\AI_Agriculture_Dataset\RAW_DATASETS\Bottle_Gourd\BG05_CAIRrlder\CAIR-BGD-2025 Annotated Dataset\Bottle Gourd Disease Augmented Dataset\Nutrition Deficiency\Nutrition Deficiency00007_shifted_80.jpg
984,df4bb6e333d78a318e9431ca88df1da6bb37930cb44b432e2adc4779a5e00bda,2,WITHIN_DATASET,BG05_CAIR,D:\AI_Agriculture_Dataset\RAW_DATASETS\Bottle_Gourd\BG05_CAIRrlder\CAIR-BGD-2025 Annotated Dataset\Bottle Gourd Disease Augmented Dataset\Nutrition Deficiency\Nutrition Deficiency00008_flipped_84.jpg || D:\AI_Agriculture_Dataset\RAW_DATASETS\Bottle_Gourd\BG05_CAIRrlder\CAIR-BGD-2025 Annotated Dataset\Bottle Gourd Disease Augmented Dataset\Nutrition Deficiency\Nutrition Deficiency00008_flipped_90.jpg
985,a6f2b0273bb304c355179bdcc215f240feaf972fcc0b6e4c50e045f1b18f9d56,2,WITHIN_DATASET,BG05_CAIR,D:\AI_Agriculture_Dataset\RAW_DATASETS\Bottle_Gourd\BG05_CAIRrlder\CAIR-BGD-2025 Annotated Dataset\Bottle Gourd Disease Augmented Dataset\Nutrition Deficiency\Nutrition Deficiency00008_rotated_85.jpg || D:\AI_Agriculture_Dataset\RAW_DATASETS\Bottle_Gourd\BG05_CAIRrlder\CAIR-BGD-2025 Annotated Dataset\Bottle Gourd Disease Augmented Dataset\Nutrition Deficiency\Nutrition Deficiency00008_rotated_91.jpg
986,3d14c9cc3abe973b7872ea05cafd2c6b243a4600e0b37325931bfce3d66aa6c5,4,WITHIN_DATASET,BG05_CAIR,D:\AI_Agriculture_Dataset\RAW_DATASETS\Bottle_Gourd\BG05_CAIRrlder\CAIR-BGD-2025 Annotated Dataset\Bottle Gourd Disease Augmented Dataset\Nutrition Deficiency\Nutrition Deficiency00008_shifted_1383.jpg || D:\AI_Agriculture_Dataset\RAW_DATASETS\Bottle_Gourd\BG05_CAIRrlder\CAIR-BGD-2025 Annotated Dataset\Bottle Gourd Disease Augmented Dataset\Nutrition Deficiency\Nutrition Deficiency00008_shifted_1475.jpg || D:\AI_Agriculture_Dataset\RAW_DATASETS\Bottle_Gourd\BG05_CAIRrlder\CAIR-BGD-2025 Annotated Dataset\Bottle Gourd Disease Augmented Dataset\Nutrition Deficiency\Nutrition Deficiency00008_shifted_86.jpg || D:\AI_Agriculture_Dataset\RAW_DATASETS\Bottle_Gourd\BG05_CAIRrlder\CAIR-BGD-2025 Annotated Dataset\Bottle Gourd Disease Augmented Dataset\Nutrition Deficiency\Nutrition Deficiency00008_shifted_92.jpg
987,4f694ce5304f486614aaafba0b4b410f36afff784b0ff5c4c693eb41c956e674,2,WITHIN_DATASET,BG05_CAIR,D:\AI_Agriculture_Dataset\RAW_DATASETS\Bottle_Gourd\BG05_CAIRrlder\CAIR-BGD-2025 Annotated Dataset\Bottle Gourd Disease Augmented Dataset\Nutrition Deficiency\Nutrition Deficiency00009_flipped_102.jpg || D:\AI_Agriculture_Dataset\RAW_DATASETS\Bottle_Gourd\BG05_CAIRrlder\CAIR-BGD-2025 Annotated Dataset\Bottle Gourd Disease Augmented Dataset\Nutrition Deficiency\Nutrition Deficiency00009_flipped_96.jpg
988,ff9346e7157d14207377fd68b9b9092c6e1228383c593ae1f950ab3d7dfc0838,2,WITHIN_DATASET,BG05_CAIR,D:\AI_Agriculture_Dataset\RAW_DATASETS\Bottle_Gourd\BG05_CAIRrlder\CAIR-BGD-2025 Annotated Dataset\Bottle Gourd Disease Augmented Dataset\Nutrition Deficiency\Nutrition Deficiency00009_rotated_103.jpg || D:\AI_Agriculture_Dataset\RAW_DATASETS\Bottle_Gourd\BG05_CAIRrlder\CAIR-BGD-2025 Annotated Dataset\Bottle Gourd Disease Augmented Dataset\Nutrition Deficiency\Nutrition Deficiency00009_rotated_97.jpg
989,e05813eac11b897a1cc4746b761cd16ea680f0c9bcfaf14e5e49fa9d619ee50c,2,WITHIN_DATASET,BG05_CAIR,D:\AI_Agriculture_Dataset\RAW_DATASETS\Bottle_Gourd\BG05_CAIRrlder\CAIR-BGD-2025 Annotated Dataset\Bottle Gourd Disease Augmented Dataset\Nutrition Deficiency\Nutrition Deficiency00009_shifted_104.jpg || D:\AI_Agriculture_Dataset\RAW_DATASETS\Bottle_Gourd\BG05_CAIRrlder\CAIR-BGD-2025 Annotated Dataset\Bottle Gourd Disease Augmented Dataset\Nutrition Deficiency\Nutrition Deficiency00009_shifted_98.jpg
990,c457f27f011528899646edc0ccd7c6e878b9bcd361efe45d8b861dd0452e068c,2,WITHIN_DATASET,BG05_CAIR,D:\AI_Agriculture_Dataset\RAW_DATASETS\Bottle_Gourd\BG05_CAIRrlder\CAIR-BGD-2025 Annotated Dataset\Bottle Gourd Disease Augmented Dataset\Nutrition Deficiency\Nutrition Deficiency00010_flipped_108.jpg || D:\AI_Agriculture_Dataset\RAW_DATASETS\Bottle_Gourd\BG05_CAIRrlder\CAIR-BGD-2025 Annotated Dataset\Bottle Gourd Disease Augmented Dataset\Nutrition Deficiency\Nutrition Deficiency00010_flipped_114.jpg
991,b89db80f409a2b0bdf64139904a2a404f6e60ef03e281009bd0381933cdeb67e,2,WITHIN_DATASET,BG05_CAIR,D:\AI_Agriculture_Dataset\RAW_DATASETS\Bottle_Gourd\BG05_CAIRrlder\CAIR-BGD-2025 Annotated Dataset\Bottle Gourd Disease Augmented Dataset\Nutrition Deficiency\Nutrition Deficiency00010_rotated_109.jpg || D:\AI_Agriculture_Dataset\RAW_DATASETS\Bottle_Gourd\BG05_CAIRrlder\CAIR-BGD-2025 Annotated Dataset\Bottle Gourd Disease Augmented Dataset\Nutrition Deficiency\Nutrition Deficiency00010_rotated_115.jpg
992,745ac497bbe8b4938d85d03e578e8adc2483cc90aa7f3495aa40293f351ae62a,2,WITHIN_DATASET,BG05_CAIR,D:\AI_Agriculture_Dataset\RAW_DATASETS\Bottle_Gourd\BG05_CAIRrlder\CAIR-BGD-2025 Annotated Dataset\Bottle Gourd Disease Augmented Dataset\Nutrition Deficiency\Nutrition Deficiency00010_shifted_110.jpg || D:\AI_Agriculture_Dataset\RAW_DATASETS\Bottle_Gourd\BG05_CAIRrlder\CAIR-BGD-2025 Annotated Dataset\Bottle Gourd Disease Augmented Dataset\Nutrition Deficiency\Nutrition Deficiency00010_shifted_116.jpg
993,823b8d1067bd634944ed06117186db6480d4ed154aae1b4edf1e307c05afdc9f,3,WITHIN_DATASET,BG05_CAIR,D:\AI_Agriculture_Dataset\RAW_DATASETS\Bottle_Gourd\BG05_CAIRrlder\CAIR-BGD-2025 Annotated Dataset\Bottle Gourd Disease Augmented Dataset\Nutrition Deficiency\Nutrition Deficiency00011_flipped_120.jpg || D:\AI_Agriculture_Dataset\RAW_DATASETS\Bottle_Gourd\BG05_CAIRrlder\CAIR-BGD-2025 Annotated Dataset\Bottle Gourd Disease Augmented Dataset\Nutrition Deficiency\Nutrition Deficiency00011_flipped_126.jpg || D:\AI_Agriculture_Dataset\RAW_DATASETS\Bottle_Gourd\BG05_CAIRrlder\CAIR-BGD-2025 Annotated Dataset\Bottle Gourd Disease Augmented Dataset\Nutrition Deficiency\Nutrition Deficiency00011_flipped_1447.jpg
994,c7ef4c07c28838d4cdbc7abab94df5b7e0ad120be31127d3fc9da05d04dbe4bb,3,WITHIN_DATASET,BG05_CAIR,D:\AI_Agriculture_Dataset\RAW_DATASETS\Bottle_Gourd\BG05_CAIRrlder\CAIR-BGD-2025 Annotated Dataset\Bottle Gourd Disease Augmented Dataset\Nutrition Deficiency\Nutrition Deficiency00011_rotated_121.jpg || D:\AI_Agriculture_Dataset\RAW_DATASETS\Bottle_Gourd\BG05_CAIRrlder\CAIR-BGD-2025 Annotated Dataset\Bottle Gourd Disease Augmented Dataset\Nutrition Deficiency\Nutrition Deficiency00011_rotated_1269.jpg || D:\AI_Agriculture_Dataset\RAW_DATASETS\Bottle_Gourd\BG05_CAIRrlder\CAIR-BGD-2025 Annotated Dataset\Bottle Gourd Disease Augmented Dataset\Nutrition Deficiency\Nutrition Deficiency00011_rotated_127.jpg
995,dbfbc92c0c8397c3244ead56bb7444d69a5fd59346447be37d3478ad0bcd5f0b,3,WITHIN_DATASET,BG05_CAIR,D:\AI_Agriculture_Dataset\RAW_DATASETS\Bottle_Gourd\BG05_CAIRrlder\CAIR-BGD-2025 Annotated Dataset\Bottle Gourd Disease Augmented Dataset\Nutrition Deficiency\Nutrition Deficiency00011_shifted_122.jpg || D:\AI_Agriculture_Dataset\RAW_DATASETS\Bottle_Gourd\BG05_CAIRrlder\CAIR-BGD-2025 Annotated Dataset\Bottle Gourd Disease Augmented Dataset\Nutrition Deficiency\Nutrition Deficiency00011_shifted_1226.jpg || D:\AI_Agriculture_Dataset\RAW_DATASETS\Bottle_Gourd\BG05_CAIRrlder\CAIR-BGD-2025 Annotated Dataset\Bottle Gourd Disease Augmented Dataset\Nutrition Deficiency\Nutrition Deficiency00011_shifted_128.jpg
996,6b183f46d0af429ae05dec854622a64d4918faa3367e052ec008c02beba58781,3,WITHIN_DATASET,BG05_CAIR,D:\AI_Agriculture_Dataset\RAW_DATASETS\Bottle_Gourd\BG05_CAIRrlder\CAIR-BGD-2025 Annotated Dataset\Bottle Gourd Disease Augmented Dataset\Nutrition Deficiency\Nutrition Deficiency00012_flipped_1289.jpg || D:\AI_Agriculture_Dataset\RAW_DATASETS\Bottle_Gourd\BG05_CAIRrlder\CAIR-BGD-2025 Annotated Dataset\Bottle Gourd Disease Augmented Dataset\Nutrition Deficiency\Nutrition Deficiency00012_flipped_132.jpg || D:\AI_Agriculture_Dataset\RAW_DATASETS\Bottle_Gourd\BG05_CAIRrlder\CAIR-BGD-2025 Annotated Dataset\Bottle Gourd Disease Augmented Dataset\Nutrition Deficiency\Nutrition Deficiency00012_flipped_138.jpg
997,0df6abd96daf0d15c4f536a93f5c5da00d1b7660614268f026dd2f7fd719d609,4,WITHIN_DATASET,BG05_CAIR,D:\AI_Agriculture_Dataset\RAW_DATASETS\Bottle_Gourd\BG05_CAIRrlder\CAIR-BGD-2025 Annotated Dataset\Bottle Gourd Disease Augmented Dataset\Nutrition Deficiency\Nutrition Deficiency00012_rotated_1225.jpg || D:\AI_Agriculture_Dataset\RAW_DATASETS\Bottle_Gourd\BG05_CAIRrlder\CAIR-BGD-2025 Annotated Dataset\Bottle Gourd Disease Augmented Dataset\Nutrition Deficiency\Nutrition Deficiency00012_rotated_133.jpg || D:\AI_Agriculture_Dataset\RAW_DATASETS\Bottle_Gourd\BG05_CAIRrlder\CAIR-BGD-2025 Annotated Dataset\Bottle Gourd Disease Augmented Dataset\Nutrition Deficiency\Nutrition Deficiency00012_rotated_139.jpg || D:\AI_Agriculture_Dataset\RAW_DATASETS\Bottle_Gourd\BG05_CAIRrlder\CAIR-BGD-2025 Annotated Dataset\Bottle Gourd Disease Augmented Dataset\Nutrition Deficiency\Nutrition Deficiency00012_rotated_1394.jpg
998,78c35b4298603c1055b917dcf59a89ec92e4231377f86c0f2466cd303769286a,5,WITHIN_DATASET,BG05_CAIR,D:\AI_Agriculture_Dataset\RAW_DATASETS\Bottle_Gourd\BG05_CAIRrlder\CAIR-BGD-2025 Annotated Dataset\Bottle Gourd Disease Augmented Dataset\Nutrition Deficiency\Nutrition Deficiency00012_shifted_1267.jpg || D:\AI_Agriculture_Dataset\RAW_DATASETS\Bottle_Gourd\BG05_CAIRrlder\CAIR-BGD-2025 Annotated Dataset\Bottle Gourd Disease Augmented Dataset\Nutrition Deficiency\Nutrition Deficiency00012_shifted_134.jpg || D:\AI_Agriculture_Dataset\RAW_DATASETS\Bottle_Gourd\BG05_CAIRrlder\CAIR-BGD-2025 Annotated Dataset\Bottle Gourd Disease Augmented Dataset\Nutrition Deficiency\Nutrition Deficiency00012_shifted_1371.jpg || D:\AI_Agriculture_Dataset\RAW_DATASETS\Bottle_Gourd\BG05_CAIRrlder\CAIR-BGD-2025 Annotated Dataset\Bottle Gourd Disease Augmented Dataset\Nutrition Deficiency\Nutrition Deficiency00012_shifted_140.jpg || D:\AI_Agriculture_Dataset\RAW_DATASETS\Bottle_Gourd\BG05_CAIRrlder\CAIR-BGD-2025 Annotated Dataset\Bottle Gourd Disease Augmented Dataset\Nutrition Deficiency\Nutrition Deficiency00012_shifted_1486.jpg
999,ba6394673cd9df47690fab43c64418180e7fb7a998f62acca12f2d28aeb033dc,2,WITHIN_DATASET,BG05_CAIR,D:\AI_Agriculture_Dataset\RAW_DATASETS\Bottle_Gourd\BG05_CAIRrlder\CAIR-BGD-2025 Annotated Dataset\Bottle Gourd Disease Augmented Dataset\Nutrition Deficiency\Nutrition Deficiency00013_flipped_144.jpg || D:\AI_Agriculture_Dataset\RAW_DATASETS\Bottle_Gourd\BG05_CAIRrlder\CAIR-BGD-2025 Annotated Dataset\Bottle Gourd Disease Augmented Dataset\Nutrition Deficiency\Nutrition Deficiency00013_flipped_150.jpg
1000,ad7432811b31e7f650ec6d648311f7ab0b12b588ad214b954eb40cc4bd2b9704,2,WITHIN_DATASET,BG05_CAIR,D:\AI_Agriculture_Dataset\RAW_DATASETS\Bottle_Gourd\BG05_CAIRrlder\CAIR-BGD-2025 Annotated Dataset\Bottle Gourd Disease Augmented Dataset\Nutrition Deficiency\Nutrition Deficiency00013_rotated_145.jpg || D:\AI_Agriculture_Dataset\RAW_DATASETS\Bottle_Gourd\BG05_CAIRrlder\CAIR-BGD-2025 Annotated Dataset\Bottle Gourd Disease Augmented Dataset\Nutrition Deficiency\Nutrition Deficiency00013_rotated_151.jpg
1001,9c5ad26e785835f47a60bc7bf15dd37e8c8005a6abb291e7dd48b068bffa728b,2,WITHIN_DATASET,BG05_CAIR,D:\AI_Agriculture_Dataset\RAW_DATASETS\Bottle_Gourd\BG05_CAIRrlder\CAIR-BGD-2025 Annotated Dataset\Bottle Gourd Disease Augmented Dataset\Nutrition Deficiency\Nutrition Deficiency00013_shifted_146.jpg || D:\AI_Agriculture_Dataset\RAW_DATASETS\Bottle_Gourd\BG05_CAIRrlder\CAIR-BGD-2025 Annotated Dataset\Bottle Gourd Disease Augmented Dataset\Nutrition Deficiency\Nutrition Deficiency00013_shifted_152.jpg
1002,573ea1f7b517667260649ea66eefe3018be1edd8c5421819b898f9c5d7cf9363,3,WITHIN_DATASET,BG05_CAIR,D:\AI_Agriculture_Dataset\RAW_DATASETS\Bottle_Gourd\BG05_CAIRrlder\CAIR-BGD-2025 Annotated Dataset\Bottle Gourd Disease Augmented Dataset\Nutrition Deficiency\Nutrition Deficiency00014_flipped_1463.jpg || D:\AI_Agriculture_Dataset\RAW_DATASETS\Bottle_Gourd\BG05_CAIRrlder\CAIR-BGD-2025 Annotated Dataset\Bottle Gourd Disease Augmented Dataset\Nutrition Deficiency\Nutrition Deficiency00014_flipped_156.jpg || D:\AI_Agriculture_Dataset\RAW_DATASETS\Bottle_Gourd\BG05_CAIRrlder\CAIR-BGD-2025 Annotated Dataset\Bottle Gourd Disease Augmented Dataset\Nutrition Deficiency\Nutrition Deficiency00014_flipped_162.jpg
1003,6bd2b70aca2d4b22aacd0a5549c839b927212b13cd61b07e4b4bca50dc858a7f,2,WITHIN_DATASET,BG05_CAIR,D:\AI_Agriculture_Dataset\RAW_DATASETS\Bottle_Gourd\BG05_CAIRrlder\CAIR-BGD-2025 Annotated Dataset\Bottle Gourd Disease Augmented Dataset\Nutrition Deficiency\Nutrition Deficiency00014_rotated_157.jpg || D:\AI_Agriculture_Dataset\RAW_DATASETS\Bottle_Gourd\BG05_CAIRrlder\CAIR-BGD-2025 Annotated Dataset\Bottle Gourd Disease Augmented Dataset\Nutrition Deficiency\Nutrition Deficiency00014_rotated_163.jpg
1004,54b4d36027407796c9c7d84b78670b4bb1f4b585330d66ede1c46656d7eb51fd,2,WITHIN_DATASET,BG05_CAIR,D:\AI_Agriculture_Dataset\RAW_DATASETS\Bottle_Gourd\BG05_CAIRrlder\CAIR-BGD-2025 Annotated Dataset\Bottle Gourd Disease Augmented Dataset\Nutrition Deficiency\Nutrition Deficiency00014_shifted_158.jpg || D:\AI_Agriculture_Dataset\RAW_DATASETS\Bottle_Gourd\BG05_CAIRrlder\CAIR-BGD-2025 Annotated Dataset\Bottle Gourd Disease Augmented Dataset\Nutrition Deficiency\Nutrition Deficiency00014_shifted_164.jpg
1005,e398810be2fcce50b7ac6194098f725bc5d0e6764392111f2c5bea21921bc06f,2,WITHIN_DATASET,BG05_CAIR,D:\AI_Agriculture_Dataset\RAW_DATASETS\Bottle_Gourd\BG05_CAIRrlder\CAIR-BGD-2025 Annotated Dataset\Bottle Gourd Disease Augmented Dataset\Nutrition Deficiency\Nutrition Deficiency00015_flipped_168.jpg || D:\AI_Agriculture_Dataset\RAW_DATASETS\Bottle_Gourd\BG05_CAIRrlder\CAIR-BGD-2025 Annotated Dataset\Bottle Gourd Disease Augmented Dataset\Nutrition Deficiency\Nutrition Deficiency00015_flipped_174.jpg
1006,adbd3ecebe03d49bab2d524b538e7330364c55d84e0e7d8f5d98dc382bf31dbd,2,WITHIN_DATASET,BG05_CAIR,D:\AI_Agriculture_Dataset\RAW_DATASETS\Bottle_Gourd\BG05_CAIRrlder\CAIR-BGD-2025 Annotated Dataset\Bottle Gourd Disease Augmented Dataset\Nutrition Deficiency\Nutrition Deficiency00015_rotated_169.jpg || D:\AI_Agriculture_Dataset\RAW_DATASETS\Bottle_Gourd\BG05_CAIRrlder\CAIR-BGD-2025 Annotated Dataset\Bottle Gourd Disease Augmented Dataset\Nutrition Deficiency\Nutrition Deficiency00015_rotated_175.jpg
1007,640237468b4b3d8fff89bab96f1b76ad0bba75773f3107ea50fa67ca8419e173,2,WITHIN_DATASET,BG05_CAIR,D:\AI_Agriculture_Dataset\RAW_DATASETS\Bottle_Gourd\BG05_CAIRrlder\CAIR-BGD-2025 Annotated Dataset\Bottle Gourd Disease Augmented Dataset\Nutrition Deficiency\Nutrition Deficiency00015_shifted_170.jpg || D:\AI_Agriculture_Dataset\RAW_DATASETS\Bottle_Gourd\BG05_CAIRrlder\CAIR-BGD-2025 Annotated Dataset\Bottle Gourd Disease Augmented Dataset\Nutrition Deficiency\Nutrition Deficiency00015_shifted_176.jpg
1008,8b705842d28419682086cb47dee08cecab9f03347601f616a2fb910a75898f6d,2,WITHIN_DATASET,BG05_CAIR,D:\AI_Agriculture_Dataset\RAW_DATASETS\Bottle_Gourd\BG05_CAIRrlder\CAIR-BGD-2025 Annotated Dataset\Bottle Gourd Disease Augmented Dataset\Nutrition Deficiency\Nutrition Deficiency00016_flipped_180.jpg || D:\AI_Agriculture_Dataset\RAW_DATASETS\Bottle_Gourd\BG05_CAIRrlder\CAIR-BGD-2025 Annotated Dataset\Bottle Gourd Disease Augmented Dataset\Nutrition Deficiency\Nutrition Deficiency00016_flipped_186.jpg
1009,887303f82b5c2a224dfc231347748a4b3d4c775bd9c891fe1e6c95b51bc1c393,3,WITHIN_DATASET,BG05_CAIR,D:\AI_Agriculture_Dataset\RAW_DATASETS\Bottle_Gourd\BG05_CAIRrlder\CAIR-BGD-2025 Annotated Dataset\Bottle Gourd Disease Augmented Dataset\Nutrition Deficiency\Nutrition Deficiency00016_rotated_1300.jpg || D:\AI_Agriculture_Dataset\RAW_DATASETS\Bottle_Gourd\BG05_CAIRrlder\CAIR-BGD-2025 Annotated Dataset\Bottle Gourd Disease Augmented Dataset\Nutrition Deficiency\Nutrition Deficiency00016_rotated_181.jpg || D:\AI_Agriculture_Dataset\RAW_DATASETS\Bottle_Gourd\BG05_CAIRrlder\CAIR-BGD-2025 Annotated Dataset\Bottle Gourd Disease Augmented Dataset\Nutrition Deficiency\Nutrition Deficiency00016_rotated_187.jpg
1010,4bcfdedc4a58c5691d200f692f09d12ed380afd62c7cac68de5ebcbd7abb71c4,2,WITHIN_DATASET,BG05_CAIR,D:\AI_Agriculture_Dataset\RAW_DATASETS\Bottle_Gourd\BG05_CAIRrlder\CAIR-BGD-2025 Annotated Dataset\Bottle Gourd Disease Augmented Dataset\Nutrition Deficiency\Nutrition Deficiency00016_shifted_182.jpg || D:\AI_Agriculture_Dataset\RAW_DATASETS\Bottle_Gourd\BG05_CAIRrlder\CAIR-BGD-2025 Annotated Dataset\Bottle Gourd Disease Augmented Dataset\Nutrition Deficiency\Nutrition Deficiency00016_shifted_188.jpg
1011,b011dfaef5ce3694a7b93ead42626d8abd10f3bb80fd1a58bbca1ff388e29712,3,WITHIN_DATASET,BG05_CAIR,D:\AI_Agriculture_Dataset\RAW_DATASETS\Bottle_Gourd\BG05_CAIRrlder\CAIR-BGD-2025 Annotated Dataset\Bottle Gourd Disease Augmented Dataset\Nutrition Deficiency\Nutrition Deficiency00017_flipped_1270.jpg || D:\AI_Agriculture_Dataset\RAW_DATASETS\Bottle_Gourd\BG05_CAIRrlder\CAIR-BGD-2025 Annotated Dataset\Bottle Gourd Disease Augmented Dataset\Nutrition Deficiency\Nutrition Deficiency00017_flipped_192.jpg || D:\AI_Agriculture_Dataset\RAW_DATASETS\Bottle_Gourd\BG05_CAIRrlder\CAIR-BGD-2025 Annotated Dataset\Bottle Gourd Disease Augmented Dataset\Nutrition Deficiency\Nutrition Deficiency00017_flipped_198.jpg
1012,687bf9f8539e96c0fffe0d9fe3a8e9e3120a0672a34326ebe6e358760a13247d,2,WITHIN_DATASET,BG05_CAIR,D:\AI_Agriculture_Dataset\RAW_DATASETS\Bottle_Gourd\BG05_CAIRrlder\CAIR-BGD-2025 Annotated Dataset\Bottle Gourd Disease Augmented Dataset\Nutrition Deficiency\Nutrition Deficiency00017_rotated_193.jpg || D:\AI_Agriculture_Dataset\RAW_DATASETS\Bottle_Gourd\BG05_CAIRrlder\CAIR-BGD-2025 Annotated Dataset\Bottle Gourd Disease Augmented Dataset\Nutrition Deficiency\Nutrition Deficiency00017_rotated_199.jpg
1013,701ff0087150817071f0f0dd92e8d32a00c945ff2a12421af6b6ef0356aa4d7f,2,WITHIN_DATASET,BG05_CAIR,D:\AI_Agriculture_Dataset\RAW_DATASETS\Bottle_Gourd\BG05_CAIRrlder\CAIR-BGD-2025 Annotated Dataset\Bottle Gourd Disease Augmented Dataset\Nutrition Deficiency\Nutrition Deficiency00017_shifted_194.jpg || D:\AI_Agriculture_Dataset\RAW_DATASETS\Bottle_Gourd\BG05_CAIRrlder\CAIR-BGD-2025 Annotated Dataset\Bottle Gourd Disease Augmented Dataset\Nutrition Deficiency\Nutrition Deficiency00017_shifted_200.jpg
1014,70c4bc8de687e0b30bdae95fc3d1738e10a55a63e7a9958bce3c74680625f0ab,2,WITHIN_DATASET,BG05_CAIR,D:\AI_Agriculture_Dataset\RAW_DATASETS\Bottle_Gourd\BG05_CAIRrlder\CAIR-BGD-2025 Annotated Dataset\Bottle Gourd Disease Augmented Dataset\Nutrition Deficiency\Nutrition Deficiency00018_flipped_204.jpg || D:\AI_Agriculture_Dataset\RAW_DATASETS\Bottle_Gourd\BG05_CAIRrlder\CAIR-BGD-2025 Annotated Dataset\Bottle Gourd Disease Augmented Dataset\Nutrition Deficiency\Nutrition Deficiency00018_flipped_210.jpg
1015,7c34a35332082453777ed6d89f89a982a4dcceeb984a0f80761477ed2f7d8893,2,WITHIN_DATASET,BG05_CAIR,D:\AI_Agriculture_Dataset\RAW_DATASETS\Bottle_Gourd\BG05_CAIRrlder\CAIR-BGD-2025 Annotated Dataset\Bottle Gourd Disease Augmented Dataset\Nutrition Deficiency\Nutrition Deficiency00018_rotated_205.jpg || D:\AI_Agriculture_Dataset\RAW_DATASETS\Bottle_Gourd\BG05_CAIRrlder\CAIR-BGD-2025 Annotated Dataset\Bottle Gourd Disease Augmented Dataset\Nutrition Deficiency\Nutrition Deficiency00018_rotated_211.jpg
1016,07aa1fc73159e57ca851f1d3c5c0a5c18c7a515959a7a244335b2c2f9cb57ff4,3,WITHIN_DATASET,BG05_CAIR,D:\AI_Agriculture_Dataset\RAW_DATASETS\Bottle_Gourd\BG05_CAIRrlder\CAIR-BGD-2025 Annotated Dataset\Bottle Gourd Disease Augmented Dataset\Nutrition Deficiency\Nutrition Deficiency00018_shifted_1238.jpg || D:\AI_Agriculture_Dataset\RAW_DATASETS\Bottle_Gourd\BG05_CAIRrlder\CAIR-BGD-2025 Annotated Dataset\Bottle Gourd Disease Augmented Dataset\Nutrition Deficiency\Nutrition Deficiency00018_shifted_206.jpg || D:\AI_Agriculture_Dataset\RAW_DATASETS\Bottle_Gourd\BG05_CAIRrlder\CAIR-BGD-2025 Annotated Dataset\Bottle Gourd Disease Augmented Dataset\Nutrition Deficiency\Nutrition Deficiency00018_shifted_212.jpg
1017,4f9ff757cf4bb01fc79124425eeefc59b9cc68167b1d0695d3b8796a62489875,2,WITHIN_DATASET,BG05_CAIR,D:\AI_Agriculture_Dataset\RAW_DATASETS\Bottle_Gourd\BG05_CAIRrlder\CAIR-BGD-2025 Annotated Dataset\Bottle Gourd Disease Augmented Dataset\Nutrition Deficiency\Nutrition Deficiency00019_flipped_216.jpg || D:\AI_Agriculture_Dataset\RAW_DATASETS\Bottle_Gourd\BG05_CAIRrlder\CAIR-BGD-2025 Annotated Dataset\Bottle Gourd Disease Augmented Dataset\Nutrition Deficiency\Nutrition Deficiency00019_flipped_222.jpg
1018,d92ddee756fb0e2d11efe28896ced3ea4aad4fc5639840ee1d62c200adcbe51d,2,WITHIN_DATASET,BG05_CAIR,D:\AI_Agriculture_Dataset\RAW_DATASETS\Bottle_Gourd\BG05_CAIRrlder\CAIR-BGD-2025 Annotated Dataset\Bottle Gourd Disease Augmented Dataset\Nutrition Deficiency\Nutrition Deficiency00019_rotated_217.jpg || D:\AI_Agriculture_Dataset\RAW_DATASETS\Bottle_Gourd\BG05_CAIRrlder\CAIR-BGD-2025 Annotated Dataset\Bottle Gourd Disease Augmented Dataset\Nutrition Deficiency\Nutrition Deficiency00019_rotated_223.jpg
1019,2a1682015d3f604eb6e156b6ce61d676a29dc3fe5923209386d70c3d0446cef9,2,WITHIN_DATASET,BG05_CAIR,D:\AI_Agriculture_Dataset\RAW_DATASETS\Bottle_Gourd\BG05_CAIRrlder\CAIR-BGD-2025 Annotated Dataset\Bottle Gourd Disease Augmented Dataset\Nutrition Deficiency\Nutrition Deficiency00019_shifted_218.jpg || D:\AI_Agriculture_Dataset\RAW_DATASETS\Bottle_Gourd\BG05_CAIRrlder\CAIR-BGD-2025 Annotated Dataset\Bottle Gourd Disease Augmented Dataset\Nutrition Deficiency\Nutrition Deficiency00019_shifted_224.jpg
1020,19cad4d413be44c010c1850dbaaf052e53b78f344e1d051e56fa0b2340dc0d8f,2,WITHIN_DATASET,BG05_CAIR,D:\AI_Agriculture_Dataset\RAW_DATASETS\Bottle_Gourd\BG05_CAIRrlder\CAIR-BGD-2025 Annotated Dataset\Bottle Gourd Disease Augmented Dataset\Nutrition Deficiency\Nutrition Deficiency00020_flipped_228.jpg || D:\AI_Agriculture_Dataset\RAW_DATASETS\Bottle_Gourd\BG05_CAIRrlder\CAIR-BGD-2025 Annotated Dataset\Bottle Gourd Disease Augmented Dataset\Nutrition Deficiency\Nutrition Deficiency00020_flipped_234.jpg
1021,69187474a5430a88f29c75171d446690f2298ff6b62ab55f92b60f2434ac16d1,3,WITHIN_DATASET,BG05_CAIR,D:\AI_Agriculture_Dataset\RAW_DATASETS\Bottle_Gourd\BG05_CAIRrlder\CAIR-BGD-2025 Annotated Dataset\Bottle Gourd Disease Augmented Dataset\Nutrition Deficiency\Nutrition Deficiency00020_rotated_1457.jpg || D:\AI_Agriculture_Dataset\RAW_DATASETS\Bottle_Gourd\BG05_CAIRrlder\CAIR-BGD-2025 Annotated Dataset\Bottle Gourd Disease Augmented Dataset\Nutrition Deficiency\Nutrition Deficiency00020_rotated_229.jpg || D:\AI_Agriculture_Dataset\RAW_DATASETS\Bottle_Gourd\BG05_CAIRrlder\CAIR-BGD-2025 Annotated Dataset\Bottle Gourd Disease Augmented Dataset\Nutrition Deficiency\Nutrition Deficiency00020_rotated_235.jpg
1022,c43ab2666d6ca441ddfe67f828bda7532169552b054c4b826bfc317112be5f5e,2,WITHIN_DATASET,BG05_CAIR,D:\AI_Agriculture_Dataset\RAW_DATASETS\Bottle_Gourd\BG05_CAIRrlder\CAIR-BGD-2025 Annotated Dataset\Bottle Gourd Disease Augmented Dataset\Nutrition Deficiency\Nutrition Deficiency00020_shifted_230.jpg || D:\AI_Agriculture_Dataset\RAW_DATASETS\Bottle_Gourd\BG05_CAIRrlder\CAIR-BGD-2025 Annotated Dataset\Bottle Gourd Disease Augmented Dataset\Nutrition Deficiency\Nutrition Deficiency00020_shifted_236.jpg
1023,654cb460e21a7aff156460c74749b3af41d68e286f5f35344781ef45a418f44f,4,WITHIN_DATASET,BG05_CAIR,D:\AI_Agriculture_Dataset\RAW_DATASETS\Bottle_Gourd\BG05_CAIRrlder\CAIR-BGD-2025 Annotated Dataset\Bottle Gourd Disease Augmented Dataset\Nutrition Deficiency\Nutrition Deficiency00021_flipped_1327.jpg || D:\AI_Agriculture_Dataset\RAW_DATASETS\Bottle_Gourd\BG05_CAIRrlder\CAIR-BGD-2025 Annotated Dataset\Bottle Gourd Disease Augmented Dataset\Nutrition Deficiency\Nutrition Deficiency00021_flipped_1448.jpg || D:\AI_Agriculture_Dataset\RAW_DATASETS\Bottle_Gourd\BG05_CAIRrlder\CAIR-BGD-2025 Annotated Dataset\Bottle Gourd Disease Augmented Dataset\Nutrition Deficiency\Nutrition Deficiency00021_flipped_240.jpg || D:\AI_Agriculture_Dataset\RAW_DATASETS\Bottle_Gourd\BG05_CAIRrlder\CAIR-BGD-2025 Annotated Dataset\Bottle Gourd Disease Augmented Dataset\Nutrition Deficiency\Nutrition Deficiency00021_flipped_246.jpg
1024,525bd476d2e12d950232cab094f66e0e6f8f13f23413b6406f5bb95a668ca10c,4,WITHIN_DATASET,BG05_CAIR,D:\AI_Agriculture_Dataset\RAW_DATASETS\Bottle_Gourd\BG05_CAIRrlder\CAIR-BGD-2025 Annotated Dataset\Bottle Gourd Disease Augmented Dataset\Nutrition Deficiency\Nutrition Deficiency00021_rotated_1248.jpg || D:\AI_Agriculture_Dataset\RAW_DATASETS\Bottle_Gourd\BG05_CAIRrlder\CAIR-BGD-2025 Annotated Dataset\Bottle Gourd Disease Augmented Dataset\Nutrition Deficiency\Nutrition Deficiency00021_rotated_1386.jpg || D:\AI_Agriculture_Dataset\RAW_DATASETS\Bottle_Gourd\BG05_CAIRrlder\CAIR-BGD-2025 Annotated Dataset\Bottle Gourd Disease Augmented Dataset\Nutrition Deficiency\Nutrition Deficiency00021_rotated_241.jpg || D:\AI_Agriculture_Dataset\RAW_DATASETS\Bottle_Gourd\BG05_CAIRrlder\CAIR-BGD-2025 Annotated Dataset\Bottle Gourd Disease Augmented Dataset\Nutrition Deficiency\Nutrition Deficiency00021_rotated_247.jpg
1025,6b2b0924da57029bb6ae316e2af2bd829679b3a7b4eb85fba7223695d5f2bbff,2,WITHIN_DATASET,BG05_CAIR,D:\AI_Agriculture_Dataset\RAW_DATASETS\Bottle_Gourd\BG05_CAIRrlder\CAIR-BGD-2025 Annotated Dataset\Bottle Gourd Disease Augmented Dataset\Nutrition Deficiency\Nutrition Deficiency00021_shifted_242.jpg || D:\AI_Agriculture_Dataset\RAW_DATASETS\Bottle_Gourd\BG05_CAIRrlder\CAIR-BGD-2025 Annotated Dataset\Bottle Gourd Disease Augmented Dataset\Nutrition Deficiency\Nutrition Deficiency00021_shifted_248.jpg
1026,6b66ce138feea192a11845933507323cafa4aa7355bbf0bcd14c4d55bbfe38fd,3,WITHIN_DATASET,BG05_CAIR,D:\AI_Agriculture_Dataset\RAW_DATASETS\Bottle_Gourd\BG05_CAIRrlder\CAIR-BGD-2025 Annotated Dataset\Bottle Gourd Disease Augmented Dataset\Nutrition Deficiency\Nutrition Deficiency00022_flipped_1472.jpg || D:\AI_Agriculture_Dataset\RAW_DATASETS\Bottle_Gourd\BG05_CAIRrlder\CAIR-BGD-2025 Annotated Dataset\Bottle Gourd Disease Augmented Dataset\Nutrition Deficiency\Nutrition Deficiency00022_flipped_252.jpg || D:\AI_Agriculture_Dataset\RAW_DATASETS\Bottle_Gourd\BG05_CAIRrlder\CAIR-BGD-2025 Annotated Dataset\Bottle Gourd Disease Augmented Dataset\Nutrition Deficiency\Nutrition Deficiency00022_flipped_258.jpg
1027,d754679155ef5d59da4856775e6623520607f402cebd3e2af0cd33c27768b024,2,WITHIN_DATASET,BG05_CAIR,D:\AI_Agriculture_Dataset\RAW_DATASETS\Bottle_Gourd\BG05_CAIRrlder\CAIR-BGD-2025 Annotated Dataset\Bottle Gourd Disease Augmented Dataset\Nutrition Deficiency\Nutrition Deficiency00022_rotated_253.jpg || D:\AI_Agriculture_Dataset\RAW_DATASETS\Bottle_Gourd\BG05_CAIRrlder\CAIR-BGD-2025 Annotated Dataset\Bottle Gourd Disease Augmented Dataset\Nutrition Deficiency\Nutrition Deficiency00022_rotated_259.jpg
1028,5d89c0c15c0ea8b40d6f09a6733d0977aaaab23e66cb273b1e9ac8f93dea9a1b,2,WITHIN_DATASET,BG05_CAIR,D:\AI_Agriculture_Dataset\RAW_DATASETS\Bottle_Gourd\BG05_CAIRrlder\CAIR-BGD-2025 Annotated Dataset\Bottle Gourd Disease Augmented Dataset\Nutrition Deficiency\Nutrition Deficiency00022_shifted_254.jpg || D:\AI_Agriculture_Dataset\RAW_DATASETS\Bottle_Gourd\BG05_CAIRrlder\CAIR-BGD-2025 Annotated Dataset\Bottle Gourd Disease Augmented Dataset\Nutrition Deficiency\Nutrition Deficiency00022_shifted_260.jpg
1029,8240f47b339bd37e955d20ed93eadde600906d2abd4c997acd978bc93a060363,2,WITHIN_DATASET,BG05_CAIR,D:\AI_Agriculture_Dataset\RAW_DATASETS\Bottle_Gourd\BG05_CAIRrlder\CAIR-BGD-2025 Annotated Dataset\Bottle Gourd Disease Augmented Dataset\Nutrition Deficiency\Nutrition Deficiency00023_flipped_264.jpg || D:\AI_Agriculture_Dataset\RAW_DATASETS\Bottle_Gourd\BG05_CAIRrlder\CAIR-BGD-2025 Annotated Dataset\Bottle Gourd Disease Augmented Dataset\Nutrition Deficiency\Nutrition Deficiency00023_flipped_270.jpg
1030,5ac653f5519e1935f94a535aa3fb6008570697d7d2fe0be58d3a8adc0e242ba2,3,WITHIN_DATASET,BG05_CAIR,D:\AI_Agriculture_Dataset\RAW_DATASETS\Bottle_Gourd\BG05_CAIRrlder\CAIR-BGD-2025 Annotated Dataset\Bottle Gourd Disease Augmented Dataset\Nutrition Deficiency\Nutrition Deficiency00023_rotated_1235.jpg || D:\AI_Agriculture_Dataset\RAW_DATASETS\Bottle_Gourd\BG05_CAIRrlder\CAIR-BGD-2025 Annotated Dataset\Bottle Gourd Disease Augmented Dataset\Nutrition Deficiency\Nutrition Deficiency00023_rotated_265.jpg || D:\AI_Agriculture_Dataset\RAW_DATASETS\Bottle_Gourd\BG05_CAIRrlder\CAIR-BGD-2025 Annotated Dataset\Bottle Gourd Disease Augmented Dataset\Nutrition Deficiency\Nutrition Deficiency00023_rotated_271.jpg
1031,4fbc1fc883559fec653dd4af083b14e2ca19430150a71fc23fe2ffa2bdca4d44,2,WITHIN_DATASET,BG05_CAIR,D:\AI_Agriculture_Dataset\RAW_DATASETS\Bottle_Gourd\BG05_CAIRrlder\CAIR-BGD-2025 Annotated Dataset\Bottle Gourd Disease Augmented Dataset\Nutrition Deficiency\Nutrition Deficiency00023_shifted_266.jpg || D:\AI_Agriculture_Dataset\RAW_DATASETS\Bottle_Gourd\BG05_CAIRrlder\CAIR-BGD-2025 Annotated Dataset\Bottle Gourd Disease Augmented Dataset\Nutrition Deficiency\Nutrition Deficiency00023_shifted_272.jpg
1032,04fd6f91d20ef83ebcb34d84b4e0b2ba8980615758285181130320b8267f8c8c,4,WITHIN_DATASET,BG05_CAIR,D:\AI_Agriculture_Dataset\RAW_DATASETS\Bottle_Gourd\BG05_CAIRrlder\CAIR-BGD-2025 Annotated Dataset\Bottle Gourd Disease Augmented Dataset\Nutrition Deficiency\Nutrition Deficiency00024_flipped_1268.jpg || D:\AI_Agriculture_Dataset\RAW_DATASETS\Bottle_Gourd\BG05_CAIRrlder\CAIR-BGD-2025 Annotated Dataset\Bottle Gourd Disease Augmented Dataset\Nutrition Deficiency\Nutrition Deficiency00024_flipped_1346.jpg || D:\AI_Agriculture_Dataset\RAW_DATASETS\Bottle_Gourd\BG05_CAIRrlder\CAIR-BGD-2025 Annotated Dataset\Bottle Gourd Disease Augmented Dataset\Nutrition Deficiency\Nutrition Deficiency00024_flipped_276.jpg || D:\AI_Agriculture_Dataset\RAW_DATASETS\Bottle_Gourd\BG05_CAIRrlder\CAIR-BGD-2025 Annotated Dataset\Bottle Gourd Disease Augmented Dataset\Nutrition Deficiency\Nutrition Deficiency00024_flipped_282.jpg
1033,383f9f8785757388dffe7f787f5717816b819e779c6eb817ebfe3274d356963d,2,WITHIN_DATASET,BG05_CAIR,D:\AI_Agriculture_Dataset\RAW_DATASETS\Bottle_Gourd\BG05_CAIRrlder\CAIR-BGD-2025 Annotated Dataset\Bottle Gourd Disease Augmented Dataset\Nutrition Deficiency\Nutrition Deficiency00024_rotated_277.jpg || D:\AI_Agriculture_Dataset\RAW_DATASETS\Bottle_Gourd\BG05_CAIRrlder\CAIR-BGD-2025 Annotated Dataset\Bottle Gourd Disease Augmented Dataset\Nutrition Deficiency\Nutrition Deficiency00024_rotated_283.jpg
1034,98780e9e81126ce7b6fa65471fe552aa6a23e8bfeb7e82491594db3433cd5e2e,2,WITHIN_DATASET,BG05_CAIR,D:\AI_Agriculture_Dataset\RAW_DATASETS\Bottle_Gourd\BG05_CAIRrlder\CAIR-BGD-2025 Annotated Dataset\Bottle Gourd Disease Augmented Dataset\Nutrition Deficiency\Nutrition Deficiency00024_shifted_278.jpg || D:\AI_Agriculture_Dataset\RAW_DATASETS\Bottle_Gourd\BG05_CAIRrlder\CAIR-BGD-2025 Annotated Dataset\Bottle Gourd Disease Augmented Dataset\Nutrition Deficiency\Nutrition Deficiency00024_shifted_284.jpg
1035,a2eb03a2be26793fe7651bfb8527fae0838d26d63051b7dd5dade80b9724ef47,3,WITHIN_DATASET,BG05_CAIR,D:\AI_Agriculture_Dataset\RAW_DATASETS\Bottle_Gourd\BG05_CAIRrlder\CAIR-BGD-2025 Annotated Dataset\Bottle Gourd Disease Augmented Dataset\Nutrition Deficiency\Nutrition Deficiency00025_flipped_1421.jpg || D:\AI_Agriculture_Dataset\RAW_DATASETS\Bottle_Gourd\BG05_CAIRrlder\CAIR-BGD-2025 Annotated Dataset\Bottle Gourd Disease Augmented Dataset\Nutrition Deficiency\Nutrition Deficiency00025_flipped_288.jpg || D:\AI_Agriculture_Dataset\RAW_DATASETS\Bottle_Gourd\BG05_CAIRrlder\CAIR-BGD-2025 Annotated Dataset\Bottle Gourd Disease Augmented Dataset\Nutrition Deficiency\Nutrition Deficiency00025_flipped_294.jpg
1036,857285d6e4da6d08c733314eda6ead603208bada7187bd2ac5d630a55dedebd3,3,WITHIN_DATASET,BG05_CAIR,D:\AI_Agriculture_Dataset\RAW_DATASETS\Bottle_Gourd\BG05_CAIRrlder\CAIR-BGD-2025 Annotated Dataset\Bottle Gourd Disease Augmented Dataset\Nutrition Deficiency\Nutrition Deficiency00025_rotated_1405.jpg || D:\AI_Agriculture_Dataset\RAW_DATASETS\Bottle_Gourd\BG05_CAIRrlder\CAIR-BGD-2025 Annotated Dataset\Bottle Gourd Disease Augmented Dataset\Nutrition Deficiency\Nutrition Deficiency00025_rotated_289.jpg || D:\AI_Agriculture_Dataset\RAW_DATASETS\Bottle_Gourd\BG05_CAIRrlder\CAIR-BGD-2025 Annotated Dataset\Bottle Gourd Disease Augmented Dataset\Nutrition Deficiency\Nutrition Deficiency00025_rotated_295.jpg
1037,d7c2eed37bc3a49716557111fd35b41d63662744c318db174bfb4afdb7939e7f,2,WITHIN_DATASET,BG05_CAIR,D:\AI_Agriculture_Dataset\RAW_DATASETS\Bottle_Gourd\BG05_CAIRrlder\CAIR-BGD-2025 Annotated Dataset\Bottle Gourd Disease Augmented Dataset\Nutrition Deficiency\Nutrition Deficiency00025_shifted_290.jpg || D:\AI_Agriculture_Dataset\RAW_DATASETS\Bottle_Gourd\BG05_CAIRrlder\CAIR-BGD-2025 Annotated Dataset\Bottle Gourd Disease Augmented Dataset\Nutrition Deficiency\Nutrition Deficiency00025_shifted_296.jpg
1038,8bc0675bf92f5875c0dadac278ae3d325979f23c4402f42f45c9c7108d8aa99b,3,WITHIN_DATASET,BG05_CAIR,D:\AI_Agriculture_Dataset\RAW_DATASETS\Bottle_Gourd\BG05_CAIRrlder\CAIR-BGD-2025 Annotated Dataset\Bottle Gourd Disease Augmented Dataset\Nutrition Deficiency\Nutrition Deficiency00026_flipped_1313.jpg || D:\AI_Agriculture_Dataset\RAW_DATASETS\Bottle_Gourd\BG05_CAIRrlder\CAIR-BGD-2025 Annotated Dataset\Bottle Gourd Disease Augmented Dataset\Nutrition Deficiency\Nutrition Deficiency00026_flipped_300.jpg || D:\AI_Agriculture_Dataset\RAW_DATASETS\Bottle_Gourd\BG05_CAIRrlder\CAIR-BGD-2025 Annotated Dataset\Bottle Gourd Disease Augmented Dataset\Nutrition Deficiency\Nutrition Deficiency00026_flipped_306.jpg
1039,156a82243a0d75e625653b15665a0145337c0f25b8484e1e40e15e8e925431e0,2,WITHIN_DATASET,BG05_CAIR,D:\AI_Agriculture_Dataset\RAW_DATASETS\Bottle_Gourd\BG05_CAIRrlder\CAIR-BGD-2025 Annotated Dataset\Bottle Gourd Disease Augmented Dataset\Nutrition Deficiency\Nutrition Deficiency00026_rotated_301.jpg || D:\AI_Agriculture_Dataset\RAW_DATASETS\Bottle_Gourd\BG05_CAIRrlder\CAIR-BGD-2025 Annotated Dataset\Bottle Gourd Disease Augmented Dataset\Nutrition Deficiency\Nutrition Deficiency00026_rotated_307.jpg
1040,99569c4053b36d4c66a5e2e6cbbc6fdc921ab948e62f2c613525cbbe6d61a576,2,WITHIN_DATASET,BG05_CAIR,D:\AI_Agriculture_Dataset\RAW_DATASETS\Bottle_Gourd\BG05_CAIRrlder\CAIR-BGD-2025 Annotated Dataset\Bottle Gourd Disease Augmented Dataset\Nutrition Deficiency\Nutrition Deficiency00026_shifted_302.jpg || D:\AI_Agriculture_Dataset\RAW_DATASETS\Bottle_Gourd\BG05_CAIRrlder\CAIR-BGD-2025 Annotated Dataset\Bottle Gourd Disease Augmented Dataset\Nutrition Deficiency\Nutrition Deficiency00026_shifted_308.jpg
1041,24ce78378a755ca55ebe313b4e33a9a1b06985ea99aa352b30ab6c5f4e0c5788,2,WITHIN_DATASET,BG05_CAIR,D:\AI_Agriculture_Dataset\RAW_DATASETS\Bottle_Gourd\BG05_CAIRrlder\CAIR-BGD-2025 Annotated Dataset\Bottle Gourd Disease Augmented Dataset\Nutrition Deficiency\Nutrition Deficiency00027_flipped_312.jpg || D:\AI_Agriculture_Dataset\RAW_DATASETS\Bottle_Gourd\BG05_CAIRrlder\CAIR-BGD-2025 Annotated Dataset\Bottle Gourd Disease Augmented Dataset\Nutrition Deficiency\Nutrition Deficiency00027_flipped_318.jpg
1042,f4043fd6c2348632a2d409e84ca3d9599255780a8c65292f1f53d55b9bf02d85,2,WITHIN_DATASET,BG05_CAIR,D:\AI_Agriculture_Dataset\RAW_DATASETS\Bottle_Gourd\BG05_CAIRrlder\CAIR-BGD-2025 Annotated Dataset\Bottle Gourd Disease Augmented Dataset\Nutrition Deficiency\Nutrition Deficiency00027_rotated_313.jpg || D:\AI_Agriculture_Dataset\RAW_DATASETS\Bottle_Gourd\BG05_CAIRrlder\CAIR-BGD-2025 Annotated Dataset\Bottle Gourd Disease Augmented Dataset\Nutrition Deficiency\Nutrition Deficiency00027_rotated_319.jpg
1043,b56fa9303814e2a6269bf755ab8d47076aa911ea08c51d795718a47d63bfc57f,4,WITHIN_DATASET,BG05_CAIR,D:\AI_Agriculture_Dataset\RAW_DATASETS\Bottle_Gourd\BG05_CAIRrlder\CAIR-BGD-2025 Annotated Dataset\Bottle Gourd Disease Augmented Dataset\Nutrition Deficiency\Nutrition Deficiency00027_shifted_1262.jpg || D:\AI_Agriculture_Dataset\RAW_DATASETS\Bottle_Gourd\BG05_CAIRrlder\CAIR-BGD-2025 Annotated Dataset\Bottle Gourd Disease Augmented Dataset\Nutrition Deficiency\Nutrition Deficiency00027_shifted_1294.jpg || D:\AI_Agriculture_Dataset\RAW_DATASETS\Bottle_Gourd\BG05_CAIRrlder\CAIR-BGD-2025 Annotated Dataset\Bottle Gourd Disease Augmented Dataset\Nutrition Deficiency\Nutrition Deficiency00027_shifted_314.jpg || D:\AI_Agriculture_Dataset\RAW_DATASETS\Bottle_Gourd\BG05_CAIRrlder\CAIR-BGD-2025 Annotated Dataset\Bottle Gourd Disease Augmented Dataset\Nutrition Deficiency\Nutrition Deficiency00027_shifted_320.jpg
1044,bb15120525375423aa4db5789e5e56f97eed4563c711fbcfc775eff95288c69e,5,WITHIN_DATASET,BG05_CAIR,D:\AI_Agriculture_Dataset\RAW_DATASETS\Bottle_Gourd\BG05_CAIRrlder\CAIR-BGD-2025 Annotated Dataset\Bottle Gourd Disease Augmented Dataset\Nutrition Deficiency\Nutrition Deficiency00028_flipped_1288.jpg || D:\AI_Agriculture_Dataset\RAW_DATASETS\Bottle_Gourd\BG05_CAIRrlder\CAIR-BGD-2025 Annotated Dataset\Bottle Gourd Disease Augmented Dataset\Nutrition Deficiency\Nutrition Deficiency00028_flipped_1433.jpg || D:\AI_Agriculture_Dataset\RAW_DATASETS\Bottle_Gourd\BG05_CAIRrlder\CAIR-BGD-2025 Annotated Dataset\Bottle Gourd Disease Augmented Dataset\Nutrition Deficiency\Nutrition Deficiency00028_flipped_1496.jpg || D:\AI_Agriculture_Dataset\RAW_DATASETS\Bottle_Gourd\BG05_CAIRrlder\CAIR-BGD-2025 Annotated Dataset\Bottle Gourd Disease Augmented Dataset\Nutrition Deficiency\Nutrition Deficiency00028_flipped_324.jpg || D:\AI_Agriculture_Dataset\RAW_DATASETS\Bottle_Gourd\BG05_CAIRrlder\CAIR-BGD-2025 Annotated Dataset\Bottle Gourd Disease Augmented Dataset\Nutrition Deficiency\Nutrition Deficiency00028_flipped_330.jpg
1045,8291aae5bb8cefcf7d7848bfc8da44b4a120201c1a3f3886497f3c7fcb80cd0b,3,WITHIN_DATASET,BG05_CAIR,D:\AI_Agriculture_Dataset\RAW_DATASETS\Bottle_Gourd\BG05_CAIRrlder\CAIR-BGD-2025 Annotated Dataset\Bottle Gourd Disease Augmented Dataset\Nutrition Deficiency\Nutrition Deficiency00028_rotated_1330.jpg || D:\AI_Agriculture_Dataset\RAW_DATASETS\Bottle_Gourd\BG05_CAIRrlder\CAIR-BGD-2025 Annotated Dataset\Bottle Gourd Disease Augmented Dataset\Nutrition Deficiency\Nutrition Deficiency00028_rotated_325.jpg || D:\AI_Agriculture_Dataset\RAW_DATASETS\Bottle_Gourd\BG05_CAIRrlder\CAIR-BGD-2025 Annotated Dataset\Bottle Gourd Disease Augmented Dataset\Nutrition Deficiency\Nutrition Deficiency00028_rotated_331.jpg
1046,3e97426960f08eee2f9a2ebacc1f3f220c0e05b9e4114faba64dea2d2ec47359,3,WITHIN_DATASET,BG05_CAIR,D:\AI_Agriculture_Dataset\RAW_DATASETS\Bottle_Gourd\BG05_CAIRrlder\CAIR-BGD-2025 Annotated Dataset\Bottle Gourd Disease Augmented Dataset\Nutrition Deficiency\Nutrition Deficiency00028_shifted_1374.jpg || D:\AI_Agriculture_Dataset\RAW_DATASETS\Bottle_Gourd\BG05_CAIRrlder\CAIR-BGD-2025 Annotated Dataset\Bottle Gourd Disease Augmented Dataset\Nutrition Deficiency\Nutrition Deficiency00028_shifted_326.jpg || D:\AI_Agriculture_Dataset\RAW_DATASETS\Bottle_Gourd\BG05_CAIRrlder\CAIR-BGD-2025 Annotated Dataset\Bottle Gourd Disease Augmented Dataset\Nutrition Deficiency\Nutrition Deficiency00028_shifted_332.jpg
1047,6c7f9f9d937d4f2a8ca579ca94b500e188c9270886c93cb1812e14ae90685620,3,WITHIN_DATASET,BG05_CAIR,D:\AI_Agriculture_Dataset\RAW_DATASETS\Bottle_Gourd\BG05_CAIRrlder\CAIR-BGD-2025 Annotated Dataset\Bottle Gourd Disease Augmented Dataset\Nutrition Deficiency\Nutrition Deficiency00029_flipped_1494.jpg || D:\AI_Agriculture_Dataset\RAW_DATASETS\Bottle_Gourd\BG05_CAIRrlder\CAIR-BGD-2025 Annotated Dataset\Bottle Gourd Disease Augmented Dataset\Nutrition Deficiency\Nutrition Deficiency00029_flipped_336.jpg || D:\AI_Agriculture_Dataset\RAW_DATASETS\Bottle_Gourd\BG05_CAIRrlder\CAIR-BGD-2025 Annotated Dataset\Bottle Gourd Disease Augmented Dataset\Nutrition Deficiency\Nutrition Deficiency00029_flipped_342.jpg
1048,5f2808430e42b99d3fd8df207fa70b5ca1b7bed4aaa1b7e09d65ab35161117b4,3,WITHIN_DATASET,BG05_CAIR,D:\AI_Agriculture_Dataset\RAW_DATASETS\Bottle_Gourd\BG05_CAIRrlder\CAIR-BGD-2025 Annotated Dataset\Bottle Gourd Disease Augmented Dataset\Nutrition Deficiency\Nutrition Deficiency00029_rotated_1342.jpg || D:\AI_Agriculture_Dataset\RAW_DATASETS\Bottle_Gourd\BG05_CAIRrlder\CAIR-BGD-2025 Annotated Dataset\Bottle Gourd Disease Augmented Dataset\Nutrition Deficiency\Nutrition Deficiency00029_rotated_337.jpg || D:\AI_Agriculture_Dataset\RAW_DATASETS\Bottle_Gourd\BG05_CAIRrlder\CAIR-BGD-2025 Annotated Dataset\Bottle Gourd Disease Augmented Dataset\Nutrition Deficiency\Nutrition Deficiency00029_rotated_343.jpg
1049,e6191646264b5d9a2f4ec2560759fc78044bd992f1ba118d9113d635225aca0b,2,WITHIN_DATASET,BG05_CAIR,D:\AI_Agriculture_Dataset\RAW_DATASETS\Bottle_Gourd\BG05_CAIRrlder\CAIR-BGD-2025 Annotated Dataset\Bottle Gourd Disease Augmented Dataset\Nutrition Deficiency\Nutrition Deficiency00029_shifted_338.jpg || D:\AI_Agriculture_Dataset\RAW_DATASETS\Bottle_Gourd\BG05_CAIRrlder\CAIR-BGD-2025 Annotated Dataset\Bottle Gourd Disease Augmented Dataset\Nutrition Deficiency\Nutrition Deficiency00029_shifted_344.jpg
1050,6e4ae5a0eeba3a7600600dac31539d5e10388ec5eb8e8a0394e254989a0fa5e0,3,WITHIN_DATASET,BG05_CAIR,D:\AI_Agriculture_Dataset\RAW_DATASETS\Bottle_Gourd\BG05_CAIRrlder\CAIR-BGD-2025 Annotated Dataset\Bottle Gourd Disease Augmented Dataset\Nutrition Deficiency\Nutrition Deficiency00030_flipped_1490.jpg || D:\AI_Agriculture_Dataset\RAW_DATASETS\Bottle_Gourd\BG05_CAIRrlder\CAIR-BGD-2025 Annotated Dataset\Bottle Gourd Disease Augmented Dataset\Nutrition Deficiency\Nutrition Deficiency00030_flipped_348.jpg || D:\AI_Agriculture_Dataset\RAW_DATASETS\Bottle_Gourd\BG05_CAIRrlder\CAIR-BGD-2025 Annotated Dataset\Bottle Gourd Disease Augmented Dataset\Nutrition Deficiency\Nutrition Deficiency00030_flipped_354.jpg
1051,5e161bf61edab78a84f86b98d2013c0a7693ce1e2fd8dba670340cd40d0fcb91,3,WITHIN_DATASET,BG05_CAIR,D:\AI_Agriculture_Dataset\RAW_DATASETS\Bottle_Gourd\BG05_CAIRrlder\CAIR-BGD-2025 Annotated Dataset\Bottle Gourd Disease Augmented Dataset\Nutrition Deficiency\Nutrition Deficiency00030_rotated_1303.jpg || D:\AI_Agriculture_Dataset\RAW_DATASETS\Bottle_Gourd\BG05_CAIRrlder\CAIR-BGD-2025 Annotated Dataset\Bottle Gourd Disease Augmented Dataset\Nutrition Deficiency\Nutrition Deficiency00030_rotated_349.jpg || D:\AI_Agriculture_Dataset\RAW_DATASETS\Bottle_Gourd\BG05_CAIRrlder\CAIR-BGD-2025 Annotated Dataset\Bottle Gourd Disease Augmented Dataset\Nutrition Deficiency\Nutrition Deficiency00030_rotated_355.jpg
1052,6536084c743374ccf03f82c899d70d2d7c517ab84c5c7b5adb9b00d1a6ec8acd,2,WITHIN_DATASET,BG05_CAIR,D:\AI_Agriculture_Dataset\RAW_DATASETS\Bottle_Gourd\BG05_CAIRrlder\CAIR-BGD-2025 Annotated Dataset\Bottle Gourd Disease Augmented Dataset\Nutrition Deficiency\Nutrition Deficiency00030_shifted_350.jpg || D:\AI_Agriculture_Dataset\RAW_DATASETS\Bottle_Gourd\BG05_CAIRrlder\CAIR-BGD-2025 Annotated Dataset\Bottle Gourd Disease Augmented Dataset\Nutrition Deficiency\Nutrition Deficiency00030_shifted_356.jpg
1053,7e73396b2d3812e5339caaec93811dc970464582d978015a1c6d30dfa2614257,3,WITHIN_DATASET,BG05_CAIR,D:\AI_Agriculture_Dataset\RAW_DATASETS\Bottle_Gourd\BG05_CAIRrlder\CAIR-BGD-2025 Annotated Dataset\Bottle Gourd Disease Augmented Dataset\Nutrition Deficiency\Nutrition Deficiency00031_flipped_1466.jpg || D:\AI_Agriculture_Dataset\RAW_DATASETS\Bottle_Gourd\BG05_CAIRrlder\CAIR-BGD-2025 Annotated Dataset\Bottle Gourd Disease Augmented Dataset\Nutrition Deficiency\Nutrition Deficiency00031_flipped_360.jpg || D:\AI_Agriculture_Dataset\RAW_DATASETS\Bottle_Gourd\BG05_CAIRrlder\CAIR-BGD-2025 Annotated Dataset\Bottle Gourd Disease Augmented Dataset\Nutrition Deficiency\Nutrition Deficiency00031_flipped_366.jpg
1054,0f3a826de80a5cee26b4f205a5b75c58976501c30008be5299556c75bc38c4ff,2,WITHIN_DATASET,BG05_CAIR,D:\AI_Agriculture_Dataset\RAW_DATASETS\Bottle_Gourd\BG05_CAIRrlder\CAIR-BGD-2025 Annotated Dataset\Bottle Gourd Disease Augmented Dataset\Nutrition Deficiency\Nutrition Deficiency00031_rotated_361.jpg || D:\AI_Agriculture_Dataset\RAW_DATASETS\Bottle_Gourd\BG05_CAIRrlder\CAIR-BGD-2025 Annotated Dataset\Bottle Gourd Disease Augmented Dataset\Nutrition Deficiency\Nutrition Deficiency00031_rotated_367.jpg
1055,6210e987843abde5481bd04af7ea55c8eaea78a37f2d84748a2ccd5832faa46c,2,WITHIN_DATASET,BG05_CAIR,D:\AI_Agriculture_Dataset\RAW_DATASETS\Bottle_Gourd\BG05_CAIRrlder\CAIR-BGD-2025 Annotated Dataset\Bottle Gourd Disease Augmented Dataset\Nutrition Deficiency\Nutrition Deficiency00031_shifted_362.jpg || D:\AI_Agriculture_Dataset\RAW_DATASETS\Bottle_Gourd\BG05_CAIRrlder\CAIR-BGD-2025 Annotated Dataset\Bottle Gourd Disease Augmented Dataset\Nutrition Deficiency\Nutrition Deficiency00031_shifted_368.jpg
1056,156c8b086383b84421757124bf7917ea41f57597ef99d4ed3465dadefa8806ea,2,WITHIN_DATASET,BG05_CAIR,D:\AI_Agriculture_Dataset\RAW_DATASETS\Bottle_Gourd\BG05_CAIRrlder\CAIR-BGD-2025 Annotated Dataset\Bottle Gourd Disease Augmented Dataset\Nutrition Deficiency\Nutrition Deficiency00032_flipped_372.jpg || D:\AI_Agriculture_Dataset\RAW_DATASETS\Bottle_Gourd\BG05_CAIRrlder\CAIR-BGD-2025 Annotated Dataset\Bottle Gourd Disease Augmented Dataset\Nutrition Deficiency\Nutrition Deficiency00032_flipped_378.jpg
1057,3cf2c277a627087133ac68885f9bdbcfd3b84797312623ddca529b27d0d8f8a5,2,WITHIN_DATASET,BG05_CAIR,D:\AI_Agriculture_Dataset\RAW_DATASETS\Bottle_Gourd\BG05_CAIRrlder\CAIR-BGD-2025 Annotated Dataset\Bottle Gourd Disease Augmented Dataset\Nutrition Deficiency\Nutrition Deficiency00032_rotated_373.jpg || D:\AI_Agriculture_Dataset\RAW_DATASETS\Bottle_Gourd\BG05_CAIRrlder\CAIR-BGD-2025 Annotated Dataset\Bottle Gourd Disease Augmented Dataset\Nutrition Deficiency\Nutrition Deficiency00032_rotated_379.jpg
1058,de49ef9cc656a71e17918b285cb512fc565a10e5f302e1b5b7bc1a3723e8aab4,2,WITHIN_DATASET,BG05_CAIR,D:\AI_Agriculture_Dataset\RAW_DATASETS\Bottle_Gourd\BG05_CAIRrlder\CAIR-BGD-2025 Annotated Dataset\Bottle Gourd Disease Augmented Dataset\Nutrition Deficiency\Nutrition Deficiency00032_shifted_374.jpg || D:\AI_Agriculture_Dataset\RAW_DATASETS\Bottle_Gourd\BG05_CAIRrlder\CAIR-BGD-2025 Annotated Dataset\Bottle Gourd Disease Augmented Dataset\Nutrition Deficiency\Nutrition Deficiency00032_shifted_380.jpg
1059,3e80f31e4a5c009512dca24e0f4b9eb7de3ec0b28f887e8091a2bebebd2a722d,3,WITHIN_DATASET,BG05_CAIR,D:\AI_Agriculture_Dataset\RAW_DATASETS\Bottle_Gourd\BG05_CAIRrlder\CAIR-BGD-2025 Annotated Dataset\Bottle Gourd Disease Augmented Dataset\Nutrition Deficiency\Nutrition Deficiency00033_flipped_1376.jpg || D:\AI_Agriculture_Dataset\RAW_DATASETS\Bottle_Gourd\BG05_CAIRrlder\CAIR-BGD-2025 Annotated Dataset\Bottle Gourd Disease Augmented Dataset\Nutrition Deficiency\Nutrition Deficiency00033_flipped_384.jpg || D:\AI_Agriculture_Dataset\RAW_DATASETS\Bottle_Gourd\BG05_CAIRrlder\CAIR-BGD-2025 Annotated Dataset\Bottle Gourd Disease Augmented Dataset\Nutrition Deficiency\Nutrition Deficiency00033_flipped_390.jpg
1060,2bc126c113b7b76a2ff2477d38bcd026085ec46925de7ec437d9a1f8089ccab6,2,WITHIN_DATASET,BG05_CAIR,D:\AI_Agriculture_Dataset\RAW_DATASETS\Bottle_Gourd\BG05_CAIRrlder\CAIR-BGD-2025 Annotated Dataset\Bottle Gourd Disease Augmented Dataset\Nutrition Deficiency\Nutrition Deficiency00033_rotated_385.jpg || D:\AI_Agriculture_Dataset\RAW_DATASETS\Bottle_Gourd\BG05_CAIRrlder\CAIR-BGD-2025 Annotated Dataset\Bottle Gourd Disease Augmented Dataset\Nutrition Deficiency\Nutrition Deficiency00033_rotated_391.jpg
1061,9383cd3575ff077e64059515d6740b4cf933315019d8ec5d676b8d69d13a0691,3,WITHIN_DATASET,BG05_CAIR,D:\AI_Agriculture_Dataset\RAW_DATASETS\Bottle_Gourd\BG05_CAIRrlder\CAIR-BGD-2025 Annotated Dataset\Bottle Gourd Disease Augmented Dataset\Nutrition Deficiency\Nutrition Deficiency00033_shifted_1372.jpg || D:\AI_Agriculture_Dataset\RAW_DATASETS\Bottle_Gourd\BG05_CAIRrlder\CAIR-BGD-2025 Annotated Dataset\Bottle Gourd Disease Augmented Dataset\Nutrition Deficiency\Nutrition Deficiency00033_shifted_386.jpg || D:\AI_Agriculture_Dataset\RAW_DATASETS\Bottle_Gourd\BG05_CAIRrlder\CAIR-BGD-2025 Annotated Dataset\Bottle Gourd Disease Augmented Dataset\Nutrition Deficiency\Nutrition Deficiency00033_shifted_392.jpg
1062,e9d9d9a88d7330cb60891265140048cc1ca2c6957346d896772e1dc3058ffdb7,3,WITHIN_DATASET,BG05_CAIR,D:\AI_Agriculture_Dataset\RAW_DATASETS\Bottle_Gourd\BG05_CAIRrlder\CAIR-BGD-2025 Annotated Dataset\Bottle Gourd Disease Augmented Dataset\Nutrition Deficiency\Nutrition Deficiency00034_flipped_1323.jpg || D:\AI_Agriculture_Dataset\RAW_DATASETS\Bottle_Gourd\BG05_CAIRrlder\CAIR-BGD-2025 Annotated Dataset\Bottle Gourd Disease Augmented Dataset\Nutrition Deficiency\Nutrition Deficiency00034_flipped_396.jpg || D:\AI_Agriculture_Dataset\RAW_DATASETS\Bottle_Gourd\BG05_CAIRrlder\CAIR-BGD-2025 Annotated Dataset\Bottle Gourd Disease Augmented Dataset\Nutrition Deficiency\Nutrition Deficiency00034_flipped_402.jpg
1063,ed69fbf0f453ab20d666a0b32257e399be316c632a5fa153b4fd2506f87c45a0,2,WITHIN_DATASET,BG05_CAIR,D:\AI_Agriculture_Dataset\RAW_DATASETS\Bottle_Gourd\BG05_CAIRrlder\CAIR-BGD-2025 Annotated Dataset\Bottle Gourd Disease Augmented Dataset\Nutrition Deficiency\Nutrition Deficiency00034_rotated_397.jpg || D:\AI_Agriculture_Dataset\RAW_DATASETS\Bottle_Gourd\BG05_CAIRrlder\CAIR-BGD-2025 Annotated Dataset\Bottle Gourd Disease Augmented Dataset\Nutrition Deficiency\Nutrition Deficiency00034_rotated_403.jpg
1064,74676edbd540f109aaa60712ec2c86b607d8341a7c92ed03f9792180e9f8f714,2,WITHIN_DATASET,BG05_CAIR,D:\AI_Agriculture_Dataset\RAW_DATASETS\Bottle_Gourd\BG05_CAIRrlder\CAIR-BGD-2025 Annotated Dataset\Bottle Gourd Disease Augmented Dataset\Nutrition Deficiency\Nutrition Deficiency00034_shifted_398.jpg || D:\AI_Agriculture_Dataset\RAW_DATASETS\Bottle_Gourd\BG05_CAIRrlder\CAIR-BGD-2025 Annotated Dataset\Bottle Gourd Disease Augmented Dataset\Nutrition Deficiency\Nutrition Deficiency00034_shifted_404.jpg
1065,08d7b12c2b6224864234423ca698ce07e77542dbcdbce00a0cd13f3fb3aaad81,3,WITHIN_DATASET,BG05_CAIR,D:\AI_Agriculture_Dataset\RAW_DATASETS\Bottle_Gourd\BG05_CAIRrlder\CAIR-BGD-2025 Annotated Dataset\Bottle Gourd Disease Augmented Dataset\Nutrition Deficiency\Nutrition Deficiency00035_flipped_1381.jpg || D:\AI_Agriculture_Dataset\RAW_DATASETS\Bottle_Gourd\BG05_CAIRrlder\CAIR-BGD-2025 Annotated Dataset\Bottle Gourd Disease Augmented Dataset\Nutrition Deficiency\Nutrition Deficiency00035_flipped_408.jpg || D:\AI_Agriculture_Dataset\RAW_DATASETS\Bottle_Gourd\BG05_CAIRrlder\CAIR-BGD-2025 Annotated Dataset\Bottle Gourd Disease Augmented Dataset\Nutrition Deficiency\Nutrition Deficiency00035_flipped_414.jpg
1066,6b512ca3ce3575cf58f00150a752a08b404177babe555df174d8c62725a98973,3,WITHIN_DATASET,BG05_CAIR,D:\AI_Agriculture_Dataset\RAW_DATASETS\Bottle_Gourd\BG05_CAIRrlder\CAIR-BGD-2025 Annotated Dataset\Bottle Gourd Disease Augmented Dataset\Nutrition Deficiency\Nutrition Deficiency00035_rotated_1234.jpg || D:\AI_Agriculture_Dataset\RAW_DATASETS\Bottle_Gourd\BG05_CAIRrlder\CAIR-BGD-2025 Annotated Dataset\Bottle Gourd Disease Augmented Dataset\Nutrition Deficiency\Nutrition Deficiency00035_rotated_409.jpg || D:\AI_Agriculture_Dataset\RAW_DATASETS\Bottle_Gourd\BG05_CAIRrlder\CAIR-BGD-2025 Annotated Dataset\Bottle Gourd Disease Augmented Dataset\Nutrition Deficiency\Nutrition Deficiency00035_rotated_415.jpg
1067,bfed93777417e2ded7c0c1ee7f88e6bc3c8eb100e0e1cfd1932478f16c440185,2,WITHIN_DATASET,BG05_CAIR,D:\AI_Agriculture_Dataset\RAW_DATASETS\Bottle_Gourd\BG05_CAIRrlder\CAIR-BGD-2025 Annotated Dataset\Bottle Gourd Disease Augmented Dataset\Nutrition Deficiency\Nutrition Deficiency00035_shifted_410.jpg || D:\AI_Agriculture_Dataset\RAW_DATASETS\Bottle_Gourd\BG05_CAIRrlder\CAIR-BGD-2025 Annotated Dataset\Bottle Gourd Disease Augmented Dataset\Nutrition Deficiency\Nutrition Deficiency00035_shifted_416.jpg
1068,22b48940c2aee4be8908dc18570f479dafca3c179a1d25907fde3fd78f2409fb,2,WITHIN_DATASET,BG05_CAIR,D:\AI_Agriculture_Dataset\RAW_DATASETS\Bottle_Gourd\BG05_CAIRrlder\CAIR-BGD-2025 Annotated Dataset\Bottle Gourd Disease Augmented Dataset\Nutrition Deficiency\Nutrition Deficiency00036_flipped_420.jpg || D:\AI_Agriculture_Dataset\RAW_DATASETS\Bottle_Gourd\BG05_CAIRrlder\CAIR-BGD-2025 Annotated Dataset\Bottle Gourd Disease Augmented Dataset\Nutrition Deficiency\Nutrition Deficiency00036_flipped_426.jpg
1069,f98898000a673a750c6d66ab2617a0bf545bf20e20664e0b527dfbb2be7ee424,4,WITHIN_DATASET,BG05_CAIR,D:\AI_Agriculture_Dataset\RAW_DATASETS\Bottle_Gourd\BG05_CAIRrlder\CAIR-BGD-2025 Annotated Dataset\Bottle Gourd Disease Augmented Dataset\Nutrition Deficiency\Nutrition Deficiency00036_rotated_1382.jpg || D:\AI_Agriculture_Dataset\RAW_DATASETS\Bottle_Gourd\BG05_CAIRrlder\CAIR-BGD-2025 Annotated Dataset\Bottle Gourd Disease Augmented Dataset\Nutrition Deficiency\Nutrition Deficiency00036_rotated_1459.jpg || D:\AI_Agriculture_Dataset\RAW_DATASETS\Bottle_Gourd\BG05_CAIRrlder\CAIR-BGD-2025 Annotated Dataset\Bottle Gourd Disease Augmented Dataset\Nutrition Deficiency\Nutrition Deficiency00036_rotated_421.jpg || D:\AI_Agriculture_Dataset\RAW_DATASETS\Bottle_Gourd\BG05_CAIRrlder\CAIR-BGD-2025 Annotated Dataset\Bottle Gourd Disease Augmented Dataset\Nutrition Deficiency\Nutrition Deficiency00036_rotated_427.jpg
1070,6cfdb600b24b9ce4c7acf0a65be189375b5c30cc662fa60c438a2acaf43b7017,2,WITHIN_DATASET,BG05_CAIR,D:\AI_Agriculture_Dataset\RAW_DATASETS\Bottle_Gourd\BG05_CAIRrlder\CAIR-BGD-2025 Annotated Dataset\Bottle Gourd Disease Augmented Dataset\Nutrition Deficiency\Nutrition Deficiency00036_shifted_422.jpg || D:\AI_Agriculture_Dataset\RAW_DATASETS\Bottle_Gourd\BG05_CAIRrlder\CAIR-BGD-2025 Annotated Dataset\Bottle Gourd Disease Augmented Dataset\Nutrition Deficiency\Nutrition Deficiency00036_shifted_428.jpg
1071,b4e13a7fe6998fcdf3412e736b3dd4eef1880c0ea4feea47728a65944231e98a,2,WITHIN_DATASET,BG05_CAIR,D:\AI_Agriculture_Dataset\RAW_DATASETS\Bottle_Gourd\BG05_CAIRrlder\CAIR-BGD-2025 Annotated Dataset\Bottle Gourd Disease Augmented Dataset\Nutrition Deficiency\Nutrition Deficiency00037_flipped_432.jpg || D:\AI_Agriculture_Dataset\RAW_DATASETS\Bottle_Gourd\BG05_CAIRrlder\CAIR-BGD-2025 Annotated Dataset\Bottle Gourd Disease Augmented Dataset\Nutrition Deficiency\Nutrition Deficiency00037_flipped_438.jpg
1072,199fad7ba0b90b99c5ad036c1c723109a06c0f2cea75c23640297d94ec102f8d,2,WITHIN_DATASET,BG05_CAIR,D:\AI_Agriculture_Dataset\RAW_DATASETS\Bottle_Gourd\BG05_CAIRrlder\CAIR-BGD-2025 Annotated Dataset\Bottle Gourd Disease Augmented Dataset\Nutrition Deficiency\Nutrition Deficiency00037_rotated_433.jpg || D:\AI_Agriculture_Dataset\RAW_DATASETS\Bottle_Gourd\BG05_CAIRrlder\CAIR-BGD-2025 Annotated Dataset\Bottle Gourd Disease Augmented Dataset\Nutrition Deficiency\Nutrition Deficiency00037_rotated_439.jpg
1073,a65f0c29c3290cee9a8361a38d6455896d3dcdb2980612050ef98ed76ce1e758,3,WITHIN_DATASET,BG05_CAIR,D:\AI_Agriculture_Dataset\RAW_DATASETS\Bottle_Gourd\BG05_CAIRrlder\CAIR-BGD-2025 Annotated Dataset\Bottle Gourd Disease Augmented Dataset\Nutrition Deficiency\Nutrition Deficiency00037_shifted_1443.jpg || D:\AI_Agriculture_Dataset\RAW_DATASETS\Bottle_Gourd\BG05_CAIRrlder\CAIR-BGD-2025 Annotated Dataset\Bottle Gourd Disease Augmented Dataset\Nutrition Deficiency\Nutrition Deficiency00037_shifted_434.jpg || D:\AI_Agriculture_Dataset\RAW_DATASETS\Bottle_Gourd\BG05_CAIRrlder\CAIR-BGD-2025 Annotated Dataset\Bottle Gourd Disease Augmented Dataset\Nutrition Deficiency\Nutrition Deficiency00037_shifted_440.jpg
1074,81324446ab3b1db0832acf1d4d4f618cd7c209ce9c65912e393b62d472064308,2,WITHIN_DATASET,BG05_CAIR,D:\AI_Agriculture_Dataset\RAW_DATASETS\Bottle_Gourd\BG05_CAIRrlder\CAIR-BGD-2025 Annotated Dataset\Bottle Gourd Disease Augmented Dataset\Nutrition Deficiency\Nutrition Deficiency00038_flipped_444.jpg || D:\AI_Agriculture_Dataset\RAW_DATASETS\Bottle_Gourd\BG05_CAIRrlder\CAIR-BGD-2025 Annotated Dataset\Bottle Gourd Disease Augmented Dataset\Nutrition Deficiency\Nutrition Deficiency00038_flipped_450.jpg
1075,9878285aa878c8a12a11d9de1f30f7ad041be0531001d19c0240266a83f2a6bf,2,WITHIN_DATASET,BG05_CAIR,D:\AI_Agriculture_Dataset\RAW_DATASETS\Bottle_Gourd\BG05_CAIRrlder\CAIR-BGD-2025 Annotated Dataset\Bottle Gourd Disease Augmented Dataset\Nutrition Deficiency\Nutrition Deficiency00038_rotated_445.jpg || D:\AI_Agriculture_Dataset\RAW_DATASETS\Bottle_Gourd\BG05_CAIRrlder\CAIR-BGD-2025 Annotated Dataset\Bottle Gourd Disease Augmented Dataset\Nutrition Deficiency\Nutrition Deficiency00038_rotated_451.jpg
1076,888bcf1b0ae2f56fefaaf67ac6183ec827b15cf7c383c06c9ab3a4613ce6af86,2,WITHIN_DATASET,BG05_CAIR,D:\AI_Agriculture_Dataset\RAW_DATASETS\Bottle_Gourd\BG05_CAIRrlder\CAIR-BGD-2025 Annotated Dataset\Bottle Gourd Disease Augmented Dataset\Nutrition Deficiency\Nutrition Deficiency00038_shifted_446.jpg || D:\AI_Agriculture_Dataset\RAW_DATASETS\Bottle_Gourd\BG05_CAIRrlder\CAIR-BGD-2025 Annotated Dataset\Bottle Gourd Disease Augmented Dataset\Nutrition Deficiency\Nutrition Deficiency00038_shifted_452.jpg
1077,b799883c8f865548d4b4ec11008c6028d3ee3523b0da4feebc82ffee6d7d4248,3,WITHIN_DATASET,BG05_CAIR,D:\AI_Agriculture_Dataset\RAW_DATASETS\Bottle_Gourd\BG05_CAIRrlder\CAIR-BGD-2025 Annotated Dataset\Bottle Gourd Disease Augmented Dataset\Nutrition Deficiency\Nutrition Deficiency00039_flipped_1312.jpg || D:\AI_Agriculture_Dataset\RAW_DATASETS\Bottle_Gourd\BG05_CAIRrlder\CAIR-BGD-2025 Annotated Dataset\Bottle Gourd Disease Augmented Dataset\Nutrition Deficiency\Nutrition Deficiency00039_flipped_456.jpg || D:\AI_Agriculture_Dataset\RAW_DATASETS\Bottle_Gourd\BG05_CAIRrlder\CAIR-BGD-2025 Annotated Dataset\Bottle Gourd Disease Augmented Dataset\Nutrition Deficiency\Nutrition Deficiency00039_flipped_462.jpg
1078,09af9d2df525ffbec57cfb50edc30323048f88ac3458f85ca9d19c9eb93f1142,2,WITHIN_DATASET,BG05_CAIR,D:\AI_Agriculture_Dataset\RAW_DATASETS\Bottle_Gourd\BG05_CAIRrlder\CAIR-BGD-2025 Annotated Dataset\Bottle Gourd Disease Augmented Dataset\Nutrition Deficiency\Nutrition Deficiency00039_rotated_457.jpg || D:\AI_Agriculture_Dataset\RAW_DATASETS\Bottle_Gourd\BG05_CAIRrlder\CAIR-BGD-2025 Annotated Dataset\Bottle Gourd Disease Augmented Dataset\Nutrition Deficiency\Nutrition Deficiency00039_rotated_463.jpg
1079,084691259f2ed7974dd99853b6c706662e8b919f798b498af36c27919a9ac23a,2,WITHIN_DATASET,BG05_CAIR,D:\AI_Agriculture_Dataset\RAW_DATASETS\Bottle_Gourd\BG05_CAIRrlder\CAIR-BGD-2025 Annotated Dataset\Bottle Gourd Disease Augmented Dataset\Nutrition Deficiency\Nutrition Deficiency00039_shifted_458.jpg || D:\AI_Agriculture_Dataset\RAW_DATASETS\Bottle_Gourd\BG05_CAIRrlder\CAIR-BGD-2025 Annotated Dataset\Bottle Gourd Disease Augmented Dataset\Nutrition Deficiency\Nutrition Deficiency00039_shifted_464.jpg
1080,8005497451039df05e3ec25f497dc9048f02b49ea1715c94930dba00fbed7747,3,WITHIN_DATASET,BG05_CAIR,D:\AI_Agriculture_Dataset\RAW_DATASETS\Bottle_Gourd\BG05_CAIRrlder\CAIR-BGD-2025 Annotated Dataset\Bottle Gourd Disease Augmented Dataset\Nutrition Deficiency\Nutrition Deficiency00040_flipped_1426.jpg || D:\AI_Agriculture_Dataset\RAW_DATASETS\Bottle_Gourd\BG05_CAIRrlder\CAIR-BGD-2025 Annotated Dataset\Bottle Gourd Disease Augmented Dataset\Nutrition Deficiency\Nutrition Deficiency00040_flipped_468.jpg || D:\AI_Agriculture_Dataset\RAW_DATASETS\Bottle_Gourd\BG05_CAIRrlder\CAIR-BGD-2025 Annotated Dataset\Bottle Gourd Disease Augmented Dataset\Nutrition Deficiency\Nutrition Deficiency00040_flipped_474.jpg
1081,cb212d528819810b1e4985cdae235fa69410f8a73dc6ba38be1ae32b19cc2042,3,WITHIN_DATASET,BG05_CAIR,D:\AI_Agriculture_Dataset\RAW_DATASETS\Bottle_Gourd\BG05_CAIRrlder\CAIR-BGD-2025 Annotated Dataset\Bottle Gourd Disease Augmented Dataset\Nutrition Deficiency\Nutrition Deficiency00040_rotated_1347.jpg || D:\AI_Agriculture_Dataset\RAW_DATASETS\Bottle_Gourd\BG05_CAIRrlder\CAIR-BGD-2025 Annotated Dataset\Bottle Gourd Disease Augmented Dataset\Nutrition Deficiency\Nutrition Deficiency00040_rotated_469.jpg || D:\AI_Agriculture_Dataset\RAW_DATASETS\Bottle_Gourd\BG05_CAIRrlder\CAIR-BGD-2025 Annotated Dataset\Bottle Gourd Disease Augmented Dataset\Nutrition Deficiency\Nutrition Deficiency00040_rotated_475.jpg
1082,64805cc3a1290d7c707c2d82683f1e75c99ee7600709f58d732e94dc51c6188d,2,WITHIN_DATASET,BG05_CAIR,D:\AI_Agriculture_Dataset\RAW_DATASETS\Bottle_Gourd\BG05_CAIRrlder\CAIR-BGD-2025 Annotated Dataset\Bottle Gourd Disease Augmented Dataset\Nutrition Deficiency\Nutrition Deficiency00040_shifted_470.jpg || D:\AI_Agriculture_Dataset\RAW_DATASETS\Bottle_Gourd\BG05_CAIRrlder\CAIR-BGD-2025 Annotated Dataset\Bottle Gourd Disease Augmented Dataset\Nutrition Deficiency\Nutrition Deficiency00040_shifted_476.jpg
1083,9e8d64f302f04bb1530ca2e7e342258bb1f79f1e26d5b1ee8a69834d5bfe0f23,3,WITHIN_DATASET,BG05_CAIR,D:\AI_Agriculture_Dataset\RAW_DATASETS\Bottle_Gourd\BG05_CAIRrlder\CAIR-BGD-2025 Annotated Dataset\Bottle Gourd Disease Augmented Dataset\Nutrition Deficiency\Nutrition Deficiency00041_flipped_1287.jpg || D:\AI_Agriculture_Dataset\RAW_DATASETS\Bottle_Gourd\BG05_CAIRrlder\CAIR-BGD-2025 Annotated Dataset\Bottle Gourd Disease Augmented Dataset\Nutrition Deficiency\Nutrition Deficiency00041_flipped_480.jpg || D:\AI_Agriculture_Dataset\RAW_DATASETS\Bottle_Gourd\BG05_CAIRrlder\CAIR-BGD-2025 Annotated Dataset\Bottle Gourd Disease Augmented Dataset\Nutrition Deficiency\Nutrition Deficiency00041_flipped_486.jpg
1084,ac16043474abea905c42b91c57855cbf7404e5c38eb77e0dc9ebcc5905c80f0f,2,WITHIN_DATASET,BG05_CAIR,D:\AI_Agriculture_Dataset\RAW_DATASETS\Bottle_Gourd\BG05_CAIRrlder\CAIR-BGD-2025 Annotated Dataset\Bottle Gourd Disease Augmented Dataset\Nutrition Deficiency\Nutrition Deficiency00041_rotated_481.jpg || D:\AI_Agriculture_Dataset\RAW_DATASETS\Bottle_Gourd\BG05_CAIRrlder\CAIR-BGD-2025 Annotated Dataset\Bottle Gourd Disease Augmented Dataset\Nutrition Deficiency\Nutrition Deficiency00041_rotated_487.jpg
1085,5dbab92e3b61f436101c18b07409f8d2a1b1ecd3d4b15942bdde8c1758de3823,2,WITHIN_DATASET,BG05_CAIR,D:\AI_Agriculture_Dataset\RAW_DATASETS\Bottle_Gourd\BG05_CAIRrlder\CAIR-BGD-2025 Annotated Dataset\Bottle Gourd Disease Augmented Dataset\Nutrition Deficiency\Nutrition Deficiency00041_shifted_482.jpg || D:\AI_Agriculture_Dataset\RAW_DATASETS\Bottle_Gourd\BG05_CAIRrlder\CAIR-BGD-2025 Annotated Dataset\Bottle Gourd Disease Augmented Dataset\Nutrition Deficiency\Nutrition Deficiency00041_shifted_488.jpg
1086,46c6bc23b22c0c80ae9156c8bf7f0dcd9475e2e40030adec7916b54671934171,3,WITHIN_DATASET,BG05_CAIR,D:\AI_Agriculture_Dataset\RAW_DATASETS\Bottle_Gourd\BG05_CAIRrlder\CAIR-BGD-2025 Annotated Dataset\Bottle Gourd Disease Augmented Dataset\Nutrition Deficiency\Nutrition Deficiency00042_flipped_1213.jpg || D:\AI_Agriculture_Dataset\RAW_DATASETS\Bottle_Gourd\BG05_CAIRrlder\CAIR-BGD-2025 Annotated Dataset\Bottle Gourd Disease Augmented Dataset\Nutrition Deficiency\Nutrition Deficiency00042_flipped_492.jpg || D:\AI_Agriculture_Dataset\RAW_DATASETS\Bottle_Gourd\BG05_CAIRrlder\CAIR-BGD-2025 Annotated Dataset\Bottle Gourd Disease Augmented Dataset\Nutrition Deficiency\Nutrition Deficiency00042_flipped_498.jpg
1087,c8cc191241648e4369525212ed3927b0c6f06978c63a16a24bbcd4470ee64276,2,WITHIN_DATASET,BG05_CAIR,D:\AI_Agriculture_Dataset\RAW_DATASETS\Bottle_Gourd\BG05_CAIRrlder\CAIR-BGD-2025 Annotated Dataset\Bottle Gourd Disease Augmented Dataset\Nutrition Deficiency\Nutrition Deficiency00042_rotated_493.jpg || D:\AI_Agriculture_Dataset\RAW_DATASETS\Bottle_Gourd\BG05_CAIRrlder\CAIR-BGD-2025 Annotated Dataset\Bottle Gourd Disease Augmented Dataset\Nutrition Deficiency\Nutrition Deficiency00042_rotated_499.jpg
1088,3946dee81956dcbcf53b51e731026c9eb3f5a422a9428c4ba4294f68e8aa0603,3,WITHIN_DATASET,BG05_CAIR,D:\AI_Agriculture_Dataset\RAW_DATASETS\Bottle_Gourd\BG05_CAIRrlder\CAIR-BGD-2025 Annotated Dataset\Bottle Gourd Disease Augmented Dataset\Nutrition Deficiency\Nutrition Deficiency00042_shifted_1285.jpg || D:\AI_Agriculture_Dataset\RAW_DATASETS\Bottle_Gourd\BG05_CAIRrlder\CAIR-BGD-2025 Annotated Dataset\Bottle Gourd Disease Augmented Dataset\Nutrition Deficiency\Nutrition Deficiency00042_shifted_494.jpg || D:\AI_Agriculture_Dataset\RAW_DATASETS\Bottle_Gourd\BG05_CAIRrlder\CAIR-BGD-2025 Annotated Dataset\Bottle Gourd Disease Augmented Dataset\Nutrition Deficiency\Nutrition Deficiency00042_shifted_500.jpg
1089,dc0c1c74f83a40d58d025b8aa3bcd5d1d0b0d5679ced514c6ab0cf814f65ca8c,2,WITHIN_DATASET,BG05_CAIR,D:\AI_Agriculture_Dataset\RAW_DATASETS\Bottle_Gourd\BG05_CAIRrlder\CAIR-BGD-2025 Annotated Dataset\Bottle Gourd Disease Augmented Dataset\Nutrition Deficiency\Nutrition Deficiency00043_flipped_504.jpg || D:\AI_Agriculture_Dataset\RAW_DATASETS\Bottle_Gourd\BG05_CAIRrlder\CAIR-BGD-2025 Annotated Dataset\Bottle Gourd Disease Augmented Dataset\Nutrition Deficiency\Nutrition Deficiency00043_flipped_510.jpg
1090,9b1bd5f06d8263bb804802cbeab0593697d81ebe23106b2b5a20ccabc7e114bc,2,WITHIN_DATASET,BG05_CAIR,D:\AI_Agriculture_Dataset\RAW_DATASETS\Bottle_Gourd\BG05_CAIRrlder\CAIR-BGD-2025 Annotated Dataset\Bottle Gourd Disease Augmented Dataset\Nutrition Deficiency\Nutrition Deficiency00043_rotated_505.jpg || D:\AI_Agriculture_Dataset\RAW_DATASETS\Bottle_Gourd\BG05_CAIRrlder\CAIR-BGD-2025 Annotated Dataset\Bottle Gourd Disease Augmented Dataset\Nutrition Deficiency\Nutrition Deficiency00043_rotated_511.jpg
1091,93099dfc02274ee838dc86dd67d2440f115022c657008e0058bff2239ecf72a3,3,WITHIN_DATASET,BG05_CAIR,D:\AI_Agriculture_Dataset\RAW_DATASETS\Bottle_Gourd\BG05_CAIRrlder\CAIR-BGD-2025 Annotated Dataset\Bottle Gourd Disease Augmented Dataset\Nutrition Deficiency\Nutrition Deficiency00043_shifted_1474.jpg || D:\AI_Agriculture_Dataset\RAW_DATASETS\Bottle_Gourd\BG05_CAIRrlder\CAIR-BGD-2025 Annotated Dataset\Bottle Gourd Disease Augmented Dataset\Nutrition Deficiency\Nutrition Deficiency00043_shifted_506.jpg || D:\AI_Agriculture_Dataset\RAW_DATASETS\Bottle_Gourd\BG05_CAIRrlder\CAIR-BGD-2025 Annotated Dataset\Bottle Gourd Disease Augmented Dataset\Nutrition Deficiency\Nutrition Deficiency00043_shifted_512.jpg
1092,a68e19e4c2a746ae79edb797600e98e8297188f488f673aba4a1a7dd1f145704,3,WITHIN_DATASET,BG05_CAIR,D:\AI_Agriculture_Dataset\RAW_DATASETS\Bottle_Gourd\BG05_CAIRrlder\CAIR-BGD-2025 Annotated Dataset\Bottle Gourd Disease Augmented Dataset\Nutrition Deficiency\Nutrition Deficiency00044_flipped_1461.jpg || D:\AI_Agriculture_Dataset\RAW_DATASETS\Bottle_Gourd\BG05_CAIRrlder\CAIR-BGD-2025 Annotated Dataset\Bottle Gourd Disease Augmented Dataset\Nutrition Deficiency\Nutrition Deficiency00044_flipped_516.jpg || D:\AI_Agriculture_Dataset\RAW_DATASETS\Bottle_Gourd\BG05_CAIRrlder\CAIR-BGD-2025 Annotated Dataset\Bottle Gourd Disease Augmented Dataset\Nutrition Deficiency\Nutrition Deficiency00044_flipped_522.jpg
1093,d2bc2422d903e663b9c74686067eb6f30aed5d97b1455849958f5c395111c903,4,WITHIN_DATASET,BG05_CAIR,D:\AI_Agriculture_Dataset\RAW_DATASETS\Bottle_Gourd\BG05_CAIRrlder\CAIR-BGD-2025 Annotated Dataset\Bottle Gourd Disease Augmented Dataset\Nutrition Deficiency\Nutrition Deficiency00044_rotated_1388.jpg || D:\AI_Agriculture_Dataset\RAW_DATASETS\Bottle_Gourd\BG05_CAIRrlder\CAIR-BGD-2025 Annotated Dataset\Bottle Gourd Disease Augmented Dataset\Nutrition Deficiency\Nutrition Deficiency00044_rotated_1395.jpg || D:\AI_Agriculture_Dataset\RAW_DATASETS\Bottle_Gourd\BG05_CAIRrlder\CAIR-BGD-2025 Annotated Dataset\Bottle Gourd Disease Augmented Dataset\Nutrition Deficiency\Nutrition Deficiency00044_rotated_517.jpg || D:\AI_Agriculture_Dataset\RAW_DATASETS\Bottle_Gourd\BG05_CAIRrlder\CAIR-BGD-2025 Annotated Dataset\Bottle Gourd Disease Augmented Dataset\Nutrition Deficiency\Nutrition Deficiency00044_rotated_523.jpg
1094,fa087934889c5c849bad5549cc04acb12c867e1abd113f441360ec499701ca6e,3,WITHIN_DATASET,BG05_CAIR,D:\AI_Agriculture_Dataset\RAW_DATASETS\Bottle_Gourd\BG05_CAIRrlder\CAIR-BGD-2025 Annotated Dataset\Bottle Gourd Disease Augmented Dataset\Nutrition Deficiency\Nutrition Deficiency00044_shifted_1221.jpg || D:\AI_Agriculture_Dataset\RAW_DATASETS\Bottle_Gourd\BG05_CAIRrlder\CAIR-BGD-2025 Annotated Dataset\Bottle Gourd Disease Augmented Dataset\Nutrition Deficiency\Nutrition Deficiency00044_shifted_518.jpg || D:\AI_Agriculture_Dataset\RAW_DATASETS\Bottle_Gourd\BG05_CAIRrlder\CAIR-BGD-2025 Annotated Dataset\Bottle Gourd Disease Augmented Dataset\Nutrition Deficiency\Nutrition Deficiency00044_shifted_524.jpg
1095,518d85aecb39cca7de5ca371a008c4b389836a5bd731ec941fb60e73fbbe78dc,2,WITHIN_DATASET,BG05_CAIR,D:\AI_Agriculture_Dataset\RAW_DATASETS\Bottle_Gourd\BG05_CAIRrlder\CAIR-BGD-2025 Annotated Dataset\Bottle Gourd Disease Augmented Dataset\Nutrition Deficiency\Nutrition Deficiency00045_flipped_528.jpg || D:\AI_Agriculture_Dataset\RAW_DATASETS\Bottle_Gourd\BG05_CAIRrlder\CAIR-BGD-2025 Annotated Dataset\Bottle Gourd Disease Augmented Dataset\Nutrition Deficiency\Nutrition Deficiency00045_flipped_534.jpg
1096,ee48c9101e314bbaf7e3b911a68e88eb82968bdabedf387c533aaaaab07465c7,2,WITHIN_DATASET,BG05_CAIR,D:\AI_Agriculture_Dataset\RAW_DATASETS\Bottle_Gourd\BG05_CAIRrlder\CAIR-BGD-2025 Annotated Dataset\Bottle Gourd Disease Augmented Dataset\Nutrition Deficiency\Nutrition Deficiency00045_rotated_529.jpg || D:\AI_Agriculture_Dataset\RAW_DATASETS\Bottle_Gourd\BG05_CAIRrlder\CAIR-BGD-2025 Annotated Dataset\Bottle Gourd Disease Augmented Dataset\Nutrition Deficiency\Nutrition Deficiency00045_rotated_535.jpg
1097,9e9edd517948cc50f2a61011f30fa7b91bc17e4de5b73fed61ceabd2b88fd262,4,WITHIN_DATASET,BG05_CAIR,D:\AI_Agriculture_Dataset\RAW_DATASETS\Bottle_Gourd\BG05_CAIRrlder\CAIR-BGD-2025 Annotated Dataset\Bottle Gourd Disease Augmented Dataset\Nutrition Deficiency\Nutrition Deficiency00045_shifted_1370.jpg || D:\AI_Agriculture_Dataset\RAW_DATASETS\Bottle_Gourd\BG05_CAIRrlder\CAIR-BGD-2025 Annotated Dataset\Bottle Gourd Disease Augmented Dataset\Nutrition Deficiency\Nutrition Deficiency00045_shifted_1437.jpg || D:\AI_Agriculture_Dataset\RAW_DATASETS\Bottle_Gourd\BG05_CAIRrlder\CAIR-BGD-2025 Annotated Dataset\Bottle Gourd Disease Augmented Dataset\Nutrition Deficiency\Nutrition Deficiency00045_shifted_530.jpg || D:\AI_Agriculture_Dataset\RAW_DATASETS\Bottle_Gourd\BG05_CAIRrlder\CAIR-BGD-2025 Annotated Dataset\Bottle Gourd Disease Augmented Dataset\Nutrition Deficiency\Nutrition Deficiency00045_shifted_536.jpg
1098,2cae2fb70e1818b8c00bc16a9f0f1c4245d9ec82b0c6d5958e8cbec56de64b6c,2,WITHIN_DATASET,BG05_CAIR,D:\AI_Agriculture_Dataset\RAW_DATASETS\Bottle_Gourd\BG05_CAIRrlder\CAIR-BGD-2025 Annotated Dataset\Bottle Gourd Disease Augmented Dataset\Nutrition Deficiency\Nutrition Deficiency00046_flipped_540.jpg || D:\AI_Agriculture_Dataset\RAW_DATASETS\Bottle_Gourd\BG05_CAIRrlder\CAIR-BGD-2025 Annotated Dataset\Bottle Gourd Disease Augmented Dataset\Nutrition Deficiency\Nutrition Deficiency00046_flipped_546.jpg
1099,6b1107fc06ca3b37eb477a2400981cceab53bb98dd1821e88590ade5d1400c5e,2,WITHIN_DATASET,BG05_CAIR,D:\AI_Agriculture_Dataset\RAW_DATASETS\Bottle_Gourd\BG05_CAIRrlder\CAIR-BGD-2025 Annotated Dataset\Bottle Gourd Disease Augmented Dataset\Nutrition Deficiency\Nutrition Deficiency00046_rotated_541.jpg || D:\AI_Agriculture_Dataset\RAW_DATASETS\Bottle_Gourd\BG05_CAIRrlder\CAIR-BGD-2025 Annotated Dataset\Bottle Gourd Disease Augmented Dataset\Nutrition Deficiency\Nutrition Deficiency00046_rotated_547.jpg
1100,2fe534a06a27362c89a2ecfe9c141989ac3b006cc026874baf19705445b71f31,3,WITHIN_DATASET,BG05_CAIR,D:\AI_Agriculture_Dataset\RAW_DATASETS\Bottle_Gourd\BG05_CAIRrlder\CAIR-BGD-2025 Annotated Dataset\Bottle Gourd Disease Augmented Dataset\Nutrition Deficiency\Nutrition Deficiency00046_shifted_1393.jpg || D:\AI_Agriculture_Dataset\RAW_DATASETS\Bottle_Gourd\BG05_CAIRrlder\CAIR-BGD-2025 Annotated Dataset\Bottle Gourd Disease Augmented Dataset\Nutrition Deficiency\Nutrition Deficiency00046_shifted_542.jpg || D:\AI_Agriculture_Dataset\RAW_DATASETS\Bottle_Gourd\BG05_CAIRrlder\CAIR-BGD-2025 Annotated Dataset\Bottle Gourd Disease Augmented Dataset\Nutrition Deficiency\Nutrition Deficiency00046_shifted_548.jpg
1101,e88dcc67987e52250a073ea3606ffb53c0ac480ce6c5bb39378b7b5cb8fe9fb0,3,WITHIN_DATASET,BG05_CAIR,D:\AI_Agriculture_Dataset\RAW_DATASETS\Bottle_Gourd\BG05_CAIRrlder\CAIR-BGD-2025 Annotated Dataset\Bottle Gourd Disease Augmented Dataset\Nutrition Deficiency\Nutrition Deficiency00047_flipped_1477.jpg || D:\AI_Agriculture_Dataset\RAW_DATASETS\Bottle_Gourd\BG05_CAIRrlder\CAIR-BGD-2025 Annotated Dataset\Bottle Gourd Disease Augmented Dataset\Nutrition Deficiency\Nutrition Deficiency00047_flipped_552.jpg || D:\AI_Agriculture_Dataset\RAW_DATASETS\Bottle_Gourd\BG05_CAIRrlder\CAIR-BGD-2025 Annotated Dataset\Bottle Gourd Disease Augmented Dataset\Nutrition Deficiency\Nutrition Deficiency00047_flipped_558.jpg
1102,579dcc1f65bbb2dce88398844b854b1da55827ef238bedf5925da5cf692b9863,3,WITHIN_DATASET,BG05_CAIR,D:\AI_Agriculture_Dataset\RAW_DATASETS\Bottle_Gourd\BG05_CAIRrlder\CAIR-BGD-2025 Annotated Dataset\Bottle Gourd Disease Augmented Dataset\Nutrition Deficiency\Nutrition Deficiency00047_rotated_1355.jpg || D:\AI_Agriculture_Dataset\RAW_DATASETS\Bottle_Gourd\BG05_CAIRrlder\CAIR-BGD-2025 Annotated Dataset\Bottle Gourd Disease Augmented Dataset\Nutrition Deficiency\Nutrition Deficiency00047_rotated_553.jpg || D:\AI_Agriculture_Dataset\RAW_DATASETS\Bottle_Gourd\BG05_CAIRrlder\CAIR-BGD-2025 Annotated Dataset\Bottle Gourd Disease Augmented Dataset\Nutrition Deficiency\Nutrition Deficiency00047_rotated_559.jpg
1103,32ad2abbba9f05420d19351669ea3b2bb824dd9795c9b846982c2ef664aca131,2,WITHIN_DATASET,BG05_CAIR,D:\AI_Agriculture_Dataset\RAW_DATASETS\Bottle_Gourd\BG05_CAIRrlder\CAIR-BGD-2025 Annotated Dataset\Bottle Gourd Disease Augmented Dataset\Nutrition Deficiency\Nutrition Deficiency00047_shifted_554.jpg || D:\AI_Agriculture_Dataset\RAW_DATASETS\Bottle_Gourd\BG05_CAIRrlder\CAIR-BGD-2025 Annotated Dataset\Bottle Gourd Disease Augmented Dataset\Nutrition Deficiency\Nutrition Deficiency00047_shifted_560.jpg
1104,45eadf800d58800a79cd892aff72d90d5b530b549273fd2e0fd60d2808dda189,2,WITHIN_DATASET,BG05_CAIR,D:\AI_Agriculture_Dataset\RAW_DATASETS\Bottle_Gourd\BG05_CAIRrlder\CAIR-BGD-2025 Annotated Dataset\Bottle Gourd Disease Augmented Dataset\Nutrition Deficiency\Nutrition Deficiency00048_flipped_564.jpg || D:\AI_Agriculture_Dataset\RAW_DATASETS\Bottle_Gourd\BG05_CAIRrlder\CAIR-BGD-2025 Annotated Dataset\Bottle Gourd Disease Augmented Dataset\Nutrition Deficiency\Nutrition Deficiency00048_flipped_570.jpg
1105,ac647efe36a31ba501fa9d8af9694c178cddbb72c11b1f919a75efb3fdf20df9,3,WITHIN_DATASET,BG05_CAIR,D:\AI_Agriculture_Dataset\RAW_DATASETS\Bottle_Gourd\BG05_CAIRrlder\CAIR-BGD-2025 Annotated Dataset\Bottle Gourd Disease Augmented Dataset\Nutrition Deficiency\Nutrition Deficiency00048_rotated_1397.jpg || D:\AI_Agriculture_Dataset\RAW_DATASETS\Bottle_Gourd\BG05_CAIRrlder\CAIR-BGD-2025 Annotated Dataset\Bottle Gourd Disease Augmented Dataset\Nutrition Deficiency\Nutrition Deficiency00048_rotated_565.jpg || D:\AI_Agriculture_Dataset\RAW_DATASETS\Bottle_Gourd\BG05_CAIRrlder\CAIR-BGD-2025 Annotated Dataset\Bottle Gourd Disease Augmented Dataset\Nutrition Deficiency\Nutrition Deficiency00048_rotated_571.jpg
1106,4433099339f1360d3fd38c671f5f5f8f7d9d381b2fe7cf0eaaecddfc3b0c693c,2,WITHIN_DATASET,BG05_CAIR,D:\AI_Agriculture_Dataset\RAW_DATASETS\Bottle_Gourd\BG05_CAIRrlder\CAIR-BGD-2025 Annotated Dataset\Bottle Gourd Disease Augmented Dataset\Nutrition Deficiency\Nutrition Deficiency00048_shifted_566.jpg || D:\AI_Agriculture_Dataset\RAW_DATASETS\Bottle_Gourd\BG05_CAIRrlder\CAIR-BGD-2025 Annotated Dataset\Bottle Gourd Disease Augmented Dataset\Nutrition Deficiency\Nutrition Deficiency00048_shifted_572.jpg
1107,e3a5d68e79030a52a1a321cfcf9c44669530b3dce7500fc92a2402966d21e298,3,WITHIN_DATASET,BG05_CAIR,D:\AI_Agriculture_Dataset\RAW_DATASETS\Bottle_Gourd\BG05_CAIRrlder\CAIR-BGD-2025 Annotated Dataset\Bottle Gourd Disease Augmented Dataset\Nutrition Deficiency\Nutrition Deficiency00049_flipped_1413.jpg || D:\AI_Agriculture_Dataset\RAW_DATASETS\Bottle_Gourd\BG05_CAIRrlder\CAIR-BGD-2025 Annotated Dataset\Bottle Gourd Disease Augmented Dataset\Nutrition Deficiency\Nutrition Deficiency00049_flipped_576.jpg || D:\AI_Agriculture_Dataset\RAW_DATASETS\Bottle_Gourd\BG05_CAIRrlder\CAIR-BGD-2025 Annotated Dataset\Bottle Gourd Disease Augmented Dataset\Nutrition Deficiency\Nutrition Deficiency00049_flipped_582.jpg
1108,1d4af3e7be3d35778e786e60d364cf587d33503d5fc9f651001a081cb5f0735d,2,WITHIN_DATASET,BG05_CAIR,D:\AI_Agriculture_Dataset\RAW_DATASETS\Bottle_Gourd\BG05_CAIRrlder\CAIR-BGD-2025 Annotated Dataset\Bottle Gourd Disease Augmented Dataset\Nutrition Deficiency\Nutrition Deficiency00049_rotated_577.jpg || D:\AI_Agriculture_Dataset\RAW_DATASETS\Bottle_Gourd\BG05_CAIRrlder\CAIR-BGD-2025 Annotated Dataset\Bottle Gourd Disease Augmented Dataset\Nutrition Deficiency\Nutrition Deficiency00049_rotated_583.jpg
1109,e7b72249c22cfb561477811c26912cd3d466e7cd467a62b616d4cda9c0af1659,3,WITHIN_DATASET,BG05_CAIR,D:\AI_Agriculture_Dataset\RAW_DATASETS\Bottle_Gourd\BG05_CAIRrlder\CAIR-BGD-2025 Annotated Dataset\Bottle Gourd Disease Augmented Dataset\Nutrition Deficiency\Nutrition Deficiency00049_shifted_1209.jpg || D:\AI_Agriculture_Dataset\RAW_DATASETS\Bottle_Gourd\BG05_CAIRrlder\CAIR-BGD-2025 Annotated Dataset\Bottle Gourd Disease Augmented Dataset\Nutrition Deficiency\Nutrition Deficiency00049_shifted_578.jpg || D:\AI_Agriculture_Dataset\RAW_DATASETS\Bottle_Gourd\BG05_CAIRrlder\CAIR-BGD-2025 Annotated Dataset\Bottle Gourd Disease Augmented Dataset\Nutrition Deficiency\Nutrition Deficiency00049_shifted_584.jpg
1110,948e5b19de01c9dc258d622a5f31a75424b475d127b400f5ef8c9dbc2536bd3f,2,WITHIN_DATASET,BG05_CAIR,D:\AI_Agriculture_Dataset\RAW_DATASETS\Bottle_Gourd\BG05_CAIRrlder\CAIR-BGD-2025 Annotated Dataset\Bottle Gourd Disease Augmented Dataset\Nutrition Deficiency\Nutrition Deficiency00050_flipped_588.jpg || D:\AI_Agriculture_Dataset\RAW_DATASETS\Bottle_Gourd\BG05_CAIRrlder\CAIR-BGD-2025 Annotated Dataset\Bottle Gourd Disease Augmented Dataset\Nutrition Deficiency\Nutrition Deficiency00050_flipped_594.jpg
1111,da47a5944201dc855dc80c43dd7f957ffcd2cb1165e1b1f0e56650df4d9a4ced,4,WITHIN_DATASET,BG05_CAIR,D:\AI_Agriculture_Dataset\RAW_DATASETS\Bottle_Gourd\BG05_CAIRrlder\CAIR-BGD-2025 Annotated Dataset\Bottle Gourd Disease Augmented Dataset\Nutrition Deficiency\Nutrition Deficiency00050_rotated_1208.jpg || D:\AI_Agriculture_Dataset\RAW_DATASETS\Bottle_Gourd\BG05_CAIRrlder\CAIR-BGD-2025 Annotated Dataset\Bottle Gourd Disease Augmented Dataset\Nutrition Deficiency\Nutrition Deficiency00050_rotated_1263.jpg || D:\AI_Agriculture_Dataset\RAW_DATASETS\Bottle_Gourd\BG05_CAIRrlder\CAIR-BGD-2025 Annotated Dataset\Bottle Gourd Disease Augmented Dataset\Nutrition Deficiency\Nutrition Deficiency00050_rotated_589.jpg || D:\AI_Agriculture_Dataset\RAW_DATASETS\Bottle_Gourd\BG05_CAIRrlder\CAIR-BGD-2025 Annotated Dataset\Bottle Gourd Disease Augmented Dataset\Nutrition Deficiency\Nutrition Deficiency00050_rotated_595.jpg
1112,a493a915167cf9bcec97f78fa55241b13566799e910181692ed2fc1d9e62ef5e,3,WITHIN_DATASET,BG05_CAIR,D:\AI_Agriculture_Dataset\RAW_DATASETS\Bottle_Gourd\BG05_CAIRrlder\CAIR-BGD-2025 Annotated Dataset\Bottle Gourd Disease Augmented Dataset\Nutrition Deficiency\Nutrition Deficiency00050_shifted_1354.jpg || D:\AI_Agriculture_Dataset\RAW_DATASETS\Bottle_Gourd\BG05_CAIRrlder\CAIR-BGD-2025 Annotated Dataset\Bottle Gourd Disease Augmented Dataset\Nutrition Deficiency\Nutrition Deficiency00050_shifted_590.jpg || D:\AI_Agriculture_Dataset\RAW_DATASETS\Bottle_Gourd\BG05_CAIRrlder\CAIR-BGD-2025 Annotated Dataset\Bottle Gourd Disease Augmented Dataset\Nutrition Deficiency\Nutrition Deficiency00050_shifted_596.jpg
1113,6c8970cb087a183682c12e5b26762a08122a77c09cff1fa2ee6f4a15c2384b4d,4,WITHIN_DATASET,BG05_CAIR,D:\AI_Agriculture_Dataset\RAW_DATASETS\Bottle_Gourd\BG05_CAIRrlder\CAIR-BGD-2025 Annotated Dataset\Bottle Gourd Disease Augmented Dataset\Nutrition Deficiency\Nutrition Deficiency00051_flipped_1276.jpg || D:\AI_Agriculture_Dataset\RAW_DATASETS\Bottle_Gourd\BG05_CAIRrlder\CAIR-BGD-2025 Annotated Dataset\Bottle Gourd Disease Augmented Dataset\Nutrition Deficiency\Nutrition Deficiency00051_flipped_1328.jpg || D:\AI_Agriculture_Dataset\RAW_DATASETS\Bottle_Gourd\BG05_CAIRrlder\CAIR-BGD-2025 Annotated Dataset\Bottle Gourd Disease Augmented Dataset\Nutrition Deficiency\Nutrition Deficiency00051_flipped_600.jpg || D:\AI_Agriculture_Dataset\RAW_DATASETS\Bottle_Gourd\BG05_CAIRrlder\CAIR-BGD-2025 Annotated Dataset\Bottle Gourd Disease Augmented Dataset\Nutrition Deficiency\Nutrition Deficiency00051_flipped_606.jpg
1114,163fb1c88ebeece38480fd3e5e479f570d847c160c7d42cb28579b2ad532af26,3,WITHIN_DATASET,BG05_CAIR,D:\AI_Agriculture_Dataset\RAW_DATASETS\Bottle_Gourd\BG05_CAIRrlder\CAIR-BGD-2025 Annotated Dataset\Bottle Gourd Disease Augmented Dataset\Nutrition Deficiency\Nutrition Deficiency00051_rotated_1261.jpg || D:\AI_Agriculture_Dataset\RAW_DATASETS\Bottle_Gourd\BG05_CAIRrlder\CAIR-BGD-2025 Annotated Dataset\Bottle Gourd Disease Augmented Dataset\Nutrition Deficiency\Nutrition Deficiency00051_rotated_601.jpg || D:\AI_Agriculture_Dataset\RAW_DATASETS\Bottle_Gourd\BG05_CAIRrlder\CAIR-BGD-2025 Annotated Dataset\Bottle Gourd Disease Augmented Dataset\Nutrition Deficiency\Nutrition Deficiency00051_rotated_607.jpg
1115,7df1506498002ae4b944993a8c9c75cf3160488b7b1e340d6ec8554a0899171e,2,WITHIN_DATASET,BG05_CAIR,D:\AI_Agriculture_Dataset\RAW_DATASETS\Bottle_Gourd\BG05_CAIRrlder\CAIR-BGD-2025 Annotated Dataset\Bottle Gourd Disease Augmented Dataset\Nutrition Deficiency\Nutrition Deficiency00051_shifted_602.jpg || D:\AI_Agriculture_Dataset\RAW_DATASETS\Bottle_Gourd\BG05_CAIRrlder\CAIR-BGD-2025 Annotated Dataset\Bottle Gourd Disease Augmented Dataset\Nutrition Deficiency\Nutrition Deficiency00051_shifted_608.jpg
1116,c91b8e4da060ad8bbeffcc481c722894fbcd8b6166bccf3f98a34260d157e746,2,WITHIN_DATASET,BG05_CAIR,D:\AI_Agriculture_Dataset\RAW_DATASETS\Bottle_Gourd\BG05_CAIRrlder\CAIR-BGD-2025 Annotated Dataset\Bottle Gourd Disease Augmented Dataset\Nutrition Deficiency\Nutrition Deficiency00052_flipped_612.jpg || D:\AI_Agriculture_Dataset\RAW_DATASETS\Bottle_Gourd\BG05_CAIRrlder\CAIR-BGD-2025 Annotated Dataset\Bottle Gourd Disease Augmented Dataset\Nutrition Deficiency\Nutrition Deficiency00052_flipped_618.jpg
1117,26594149a65a64be6293db55b343ce03ace2524567606ae8c3eabc925aefe78e,2,WITHIN_DATASET,BG05_CAIR,D:\AI_Agriculture_Dataset\RAW_DATASETS\Bottle_Gourd\BG05_CAIRrlder\CAIR-BGD-2025 Annotated Dataset\Bottle Gourd Disease Augmented Dataset\Nutrition Deficiency\Nutrition Deficiency00052_rotated_613.jpg || D:\AI_Agriculture_Dataset\RAW_DATASETS\Bottle_Gourd\BG05_CAIRrlder\CAIR-BGD-2025 Annotated Dataset\Bottle Gourd Disease Augmented Dataset\Nutrition Deficiency\Nutrition Deficiency00052_rotated_619.jpg
1118,67e4917a281e0552a72579351668a71845e23e0eec6685e07689a425252432a3,2,WITHIN_DATASET,BG05_CAIR,D:\AI_Agriculture_Dataset\RAW_DATASETS\Bottle_Gourd\BG05_CAIRrlder\CAIR-BGD-2025 Annotated Dataset\Bottle Gourd Disease Augmented Dataset\Nutrition Deficiency\Nutrition Deficiency00052_shifted_614.jpg || D:\AI_Agriculture_Dataset\RAW_DATASETS\Bottle_Gourd\BG05_CAIRrlder\CAIR-BGD-2025 Annotated Dataset\Bottle Gourd Disease Augmented Dataset\Nutrition Deficiency\Nutrition Deficiency00052_shifted_620.jpg
1119,4a5c736b46a7af0a245762f7f515cd24720fe952c66f5772471eb6cc2a6ebaec,2,WITHIN_DATASET,BG05_CAIR,D:\AI_Agriculture_Dataset\RAW_DATASETS\Bottle_Gourd\BG05_CAIRrlder\CAIR-BGD-2025 Annotated Dataset\Bottle Gourd Disease Augmented Dataset\Nutrition Deficiency\Nutrition Deficiency00053_flipped_624.jpg || D:\AI_Agriculture_Dataset\RAW_DATASETS\Bottle_Gourd\BG05_CAIRrlder\CAIR-BGD-2025 Annotated Dataset\Bottle Gourd Disease Augmented Dataset\Nutrition Deficiency\Nutrition Deficiency00053_flipped_630.jpg
1120,8b778ab977a307b1f5ad594da1ede2365151e8c7a10f96f3edfabf952e90453b,3,WITHIN_DATASET,BG05_CAIR,D:\AI_Agriculture_Dataset\RAW_DATASETS\Bottle_Gourd\BG05_CAIRrlder\CAIR-BGD-2025 Annotated Dataset\Bottle Gourd Disease Augmented Dataset\Nutrition Deficiency\Nutrition Deficiency00053_rotated_1396.jpg || D:\AI_Agriculture_Dataset\RAW_DATASETS\Bottle_Gourd\BG05_CAIRrlder\CAIR-BGD-2025 Annotated Dataset\Bottle Gourd Disease Augmented Dataset\Nutrition Deficiency\Nutrition Deficiency00053_rotated_625.jpg || D:\AI_Agriculture_Dataset\RAW_DATASETS\Bottle_Gourd\BG05_CAIRrlder\CAIR-BGD-2025 Annotated Dataset\Bottle Gourd Disease Augmented Dataset\Nutrition Deficiency\Nutrition Deficiency00053_rotated_631.jpg
1121,39a8cc90f054af0fd5bcecef1e3fe3d2aef35242a93025f35dff757e82a81582,2,WITHIN_DATASET,BG05_CAIR,D:\AI_Agriculture_Dataset\RAW_DATASETS\Bottle_Gourd\BG05_CAIRrlder\CAIR-BGD-2025 Annotated Dataset\Bottle Gourd Disease Augmented Dataset\Nutrition Deficiency\Nutrition Deficiency00053_shifted_626.jpg || D:\AI_Agriculture_Dataset\RAW_DATASETS\Bottle_Gourd\BG05_CAIRrlder\CAIR-BGD-2025 Annotated Dataset\Bottle Gourd Disease Augmented Dataset\Nutrition Deficiency\Nutrition Deficiency00053_shifted_632.jpg
1122,e7bd1d79d9d4ee7209fbb26790789d6f4f78b898b4ca7b4273adb57eb116ba46,2,WITHIN_DATASET,BG05_CAIR,D:\AI_Agriculture_Dataset\RAW_DATASETS\Bottle_Gourd\BG05_CAIRrlder\CAIR-BGD-2025 Annotated Dataset\Bottle Gourd Disease Augmented Dataset\Nutrition Deficiency\Nutrition Deficiency00054_flipped_636.jpg || D:\AI_Agriculture_Dataset\RAW_DATASETS\Bottle_Gourd\BG05_CAIRrlder\CAIR-BGD-2025 Annotated Dataset\Bottle Gourd Disease Augmented Dataset\Nutrition Deficiency\Nutrition Deficiency00054_flipped_642.jpg
1123,40184dd1ab9cb2889a17c83c06dd205a3b48bd9e403854953359c35ca80cf616,2,WITHIN_DATASET,BG05_CAIR,D:\AI_Agriculture_Dataset\RAW_DATASETS\Bottle_Gourd\BG05_CAIRrlder\CAIR-BGD-2025 Annotated Dataset\Bottle Gourd Disease Augmented Dataset\Nutrition Deficiency\Nutrition Deficiency00054_rotated_637.jpg || D:\AI_Agriculture_Dataset\RAW_DATASETS\Bottle_Gourd\BG05_CAIRrlder\CAIR-BGD-2025 Annotated Dataset\Bottle Gourd Disease Augmented Dataset\Nutrition Deficiency\Nutrition Deficiency00054_rotated_643.jpg
1124,08bb475eb2d82794e61467f5123487ca4a24c3006a26b0676530b1deb76784d7,2,WITHIN_DATASET,BG05_CAIR,D:\AI_Agriculture_Dataset\RAW_DATASETS\Bottle_Gourd\BG05_CAIRrlder\CAIR-BGD-2025 Annotated Dataset\Bottle Gourd Disease Augmented Dataset\Nutrition Deficiency\Nutrition Deficiency00054_shifted_638.jpg || D:\AI_Agriculture_Dataset\RAW_DATASETS\Bottle_Gourd\BG05_CAIRrlder\CAIR-BGD-2025 Annotated Dataset\Bottle Gourd Disease Augmented Dataset\Nutrition Deficiency\Nutrition Deficiency00054_shifted_644.jpg
1125,ac4de281b0c3a92b9191a88b751e987bd73b7ee2662557ba77cfccc7b975d334,2,WITHIN_DATASET,BG05_CAIR,D:\AI_Agriculture_Dataset\RAW_DATASETS\Bottle_Gourd\BG05_CAIRrlder\CAIR-BGD-2025 Annotated Dataset\Bottle Gourd Disease Augmented Dataset\Nutrition Deficiency\Nutrition Deficiency00055_flipped_648.jpg || D:\AI_Agriculture_Dataset\RAW_DATASETS\Bottle_Gourd\BG05_CAIRrlder\CAIR-BGD-2025 Annotated Dataset\Bottle Gourd Disease Augmented Dataset\Nutrition Deficiency\Nutrition Deficiency00055_flipped_654.jpg
1126,25abb514bce9d0d969dec7680ac0b26eb207381c704e3b61c63714ea55a2738b,4,WITHIN_DATASET,BG05_CAIR,D:\AI_Agriculture_Dataset\RAW_DATASETS\Bottle_Gourd\BG05_CAIRrlder\CAIR-BGD-2025 Annotated Dataset\Bottle Gourd Disease Augmented Dataset\Nutrition Deficiency\Nutrition Deficiency00055_rotated_1380.jpg || D:\AI_Agriculture_Dataset\RAW_DATASETS\Bottle_Gourd\BG05_CAIRrlder\CAIR-BGD-2025 Annotated Dataset\Bottle Gourd Disease Augmented Dataset\Nutrition Deficiency\Nutrition Deficiency00055_rotated_1384.jpg || D:\AI_Agriculture_Dataset\RAW_DATASETS\Bottle_Gourd\BG05_CAIRrlder\CAIR-BGD-2025 Annotated Dataset\Bottle Gourd Disease Augmented Dataset\Nutrition Deficiency\Nutrition Deficiency00055_rotated_649.jpg || D:\AI_Agriculture_Dataset\RAW_DATASETS\Bottle_Gourd\BG05_CAIRrlder\CAIR-BGD-2025 Annotated Dataset\Bottle Gourd Disease Augmented Dataset\Nutrition Deficiency\Nutrition Deficiency00055_rotated_655.jpg
1127,66d402e99d56b868a51f87c3d4d4ff2c61cbad81ed370131c0f943180f8e2eb1,2,WITHIN_DATASET,BG05_CAIR,D:\AI_Agriculture_Dataset\RAW_DATASETS\Bottle_Gourd\BG05_CAIRrlder\CAIR-BGD-2025 Annotated Dataset\Bottle Gourd Disease Augmented Dataset\Nutrition Deficiency\Nutrition Deficiency00055_shifted_650.jpg || D:\AI_Agriculture_Dataset\RAW_DATASETS\Bottle_Gourd\BG05_CAIRrlder\CAIR-BGD-2025 Annotated Dataset\Bottle Gourd Disease Augmented Dataset\Nutrition Deficiency\Nutrition Deficiency00055_shifted_656.jpg
1128,b4dd6883936f10616c44d456d5e6d59b6143b525fc79afa3012443667ab1e501,2,WITHIN_DATASET,BG05_CAIR,D:\AI_Agriculture_Dataset\RAW_DATASETS\Bottle_Gourd\BG05_CAIRrlder\CAIR-BGD-2025 Annotated Dataset\Bottle Gourd Disease Augmented Dataset\Nutrition Deficiency\Nutrition Deficiency00056_flipped_660.jpg || D:\AI_Agriculture_Dataset\RAW_DATASETS\Bottle_Gourd\BG05_CAIRrlder\CAIR-BGD-2025 Annotated Dataset\Bottle Gourd Disease Augmented Dataset\Nutrition Deficiency\Nutrition Deficiency00056_flipped_666.jpg
1129,905d5e23b2807184f47a355040ff929c73a86170940d19320075914b8b71c801,2,WITHIN_DATASET,BG05_CAIR,D:\AI_Agriculture_Dataset\RAW_DATASETS\Bottle_Gourd\BG05_CAIRrlder\CAIR-BGD-2025 Annotated Dataset\Bottle Gourd Disease Augmented Dataset\Nutrition Deficiency\Nutrition Deficiency00056_rotated_661.jpg || D:\AI_Agriculture_Dataset\RAW_DATASETS\Bottle_Gourd\BG05_CAIRrlder\CAIR-BGD-2025 Annotated Dataset\Bottle Gourd Disease Augmented Dataset\Nutrition Deficiency\Nutrition Deficiency00056_rotated_667.jpg
1130,3b8408347c4334b8fd224d7ea8ffd1829545d225acd2ef75488d90a20293cb8e,2,WITHIN_DATASET,BG05_CAIR,D:\AI_Agriculture_Dataset\RAW_DATASETS\Bottle_Gourd\BG05_CAIRrlder\CAIR-BGD-2025 Annotated Dataset\Bottle Gourd Disease Augmented Dataset\Nutrition Deficiency\Nutrition Deficiency00056_shifted_662.jpg || D:\AI_Agriculture_Dataset\RAW_DATASETS\Bottle_Gourd\BG05_CAIRrlder\CAIR-BGD-2025 Annotated Dataset\Bottle Gourd Disease Augmented Dataset\Nutrition Deficiency\Nutrition Deficiency00056_shifted_668.jpg
1131,02c5ad83d5e7dd26fd322a5e5a30948ca52f32ac938ec4badd3e0164a073e3ee,2,WITHIN_DATASET,BG05_CAIR,D:\AI_Agriculture_Dataset\RAW_DATASETS\Bottle_Gourd\BG05_CAIRrlder\CAIR-BGD-2025 Annotated Dataset\Bottle Gourd Disease Augmented Dataset\Nutrition Deficiency\Nutrition Deficiency00057_flipped_672.jpg || D:\AI_Agriculture_Dataset\RAW_DATASETS\Bottle_Gourd\BG05_CAIRrlder\CAIR-BGD-2025 Annotated Dataset\Bottle Gourd Disease Augmented Dataset\Nutrition Deficiency\Nutrition Deficiency00057_flipped_678.jpg
1132,63b59a14fc3c909a89863bd8851960272a5d4f4bd25984c559ba0bd3262ae552,3,WITHIN_DATASET,BG05_CAIR,D:\AI_Agriculture_Dataset\RAW_DATASETS\Bottle_Gourd\BG05_CAIRrlder\CAIR-BGD-2025 Annotated Dataset\Bottle Gourd Disease Augmented Dataset\Nutrition Deficiency\Nutrition Deficiency00057_rotated_1484.jpg || D:\AI_Agriculture_Dataset\RAW_DATASETS\Bottle_Gourd\BG05_CAIRrlder\CAIR-BGD-2025 Annotated Dataset\Bottle Gourd Disease Augmented Dataset\Nutrition Deficiency\Nutrition Deficiency00057_rotated_673.jpg || D:\AI_Agriculture_Dataset\RAW_DATASETS\Bottle_Gourd\BG05_CAIRrlder\CAIR-BGD-2025 Annotated Dataset\Bottle Gourd Disease Augmented Dataset\Nutrition Deficiency\Nutrition Deficiency00057_rotated_679.jpg
1133,a5b9ed1b5bffb7f7ed2860576c3fe1eec14dc61792563d049835a2afe2ae62b0,2,WITHIN_DATASET,BG05_CAIR,D:\AI_Agriculture_Dataset\RAW_DATASETS\Bottle_Gourd\BG05_CAIRrlder\CAIR-BGD-2025 Annotated Dataset\Bottle Gourd Disease Augmented Dataset\Nutrition Deficiency\Nutrition Deficiency00057_shifted_674.jpg || D:\AI_Agriculture_Dataset\RAW_DATASETS\Bottle_Gourd\BG05_CAIRrlder\CAIR-BGD-2025 Annotated Dataset\Bottle Gourd Disease Augmented Dataset\Nutrition Deficiency\Nutrition Deficiency00057_shifted_680.jpg
1134,1637fa8eab8b1bb69a7f76aa1aa7010d06afd7beaa9d2c1b0f35d96e030b2638,3,WITHIN_DATASET,BG05_CAIR,D:\AI_Agriculture_Dataset\RAW_DATASETS\Bottle_Gourd\BG05_CAIRrlder\CAIR-BGD-2025 Annotated Dataset\Bottle Gourd Disease Augmented Dataset\Nutrition Deficiency\Nutrition Deficiency00058_flipped_1357.jpg || D:\AI_Agriculture_Dataset\RAW_DATASETS\Bottle_Gourd\BG05_CAIRrlder\CAIR-BGD-2025 Annotated Dataset\Bottle Gourd Disease Augmented Dataset\Nutrition Deficiency\Nutrition Deficiency00058_flipped_684.jpg || D:\AI_Agriculture_Dataset\RAW_DATASETS\Bottle_Gourd\BG05_CAIRrlder\CAIR-BGD-2025 Annotated Dataset\Bottle Gourd Disease Augmented Dataset\Nutrition Deficiency\Nutrition Deficiency00058_flipped_690.jpg
1135,715810eec95090ac2807e299f6391928f0a30b55e05c48dc1f84c2913a11c74c,3,WITHIN_DATASET,BG05_CAIR,D:\AI_Agriculture_Dataset\RAW_DATASETS\Bottle_Gourd\BG05_CAIRrlder\CAIR-BGD-2025 Annotated Dataset\Bottle Gourd Disease Augmented Dataset\Nutrition Deficiency\Nutrition Deficiency00058_rotated_1469.jpg || D:\AI_Agriculture_Dataset\RAW_DATASETS\Bottle_Gourd\BG05_CAIRrlder\CAIR-BGD-2025 Annotated Dataset\Bottle Gourd Disease Augmented Dataset\Nutrition Deficiency\Nutrition Deficiency00058_rotated_685.jpg || D:\AI_Agriculture_Dataset\RAW_DATASETS\Bottle_Gourd\BG05_CAIRrlder\CAIR-BGD-2025 Annotated Dataset\Bottle Gourd Disease Augmented Dataset\Nutrition Deficiency\Nutrition Deficiency00058_rotated_691.jpg
1136,f88e892754c744674ffc4218da2e2a4427d905b4d24c2bff240c64918f6ef1be,2,WITHIN_DATASET,BG05_CAIR,D:\AI_Agriculture_Dataset\RAW_DATASETS\Bottle_Gourd\BG05_CAIRrlder\CAIR-BGD-2025 Annotated Dataset\Bottle Gourd Disease Augmented Dataset\Nutrition Deficiency\Nutrition Deficiency00058_shifted_686.jpg || D:\AI_Agriculture_Dataset\RAW_DATASETS\Bottle_Gourd\BG05_CAIRrlder\CAIR-BGD-2025 Annotated Dataset\Bottle Gourd Disease Augmented Dataset\Nutrition Deficiency\Nutrition Deficiency00058_shifted_692.jpg
1137,1916675dbca92f4cb25e8598aa8ff372337ba95310dadb3174831cc8b28582bf,2,WITHIN_DATASET,BG05_CAIR,D:\AI_Agriculture_Dataset\RAW_DATASETS\Bottle_Gourd\BG05_CAIRrlder\CAIR-BGD-2025 Annotated Dataset\Bottle Gourd Disease Augmented Dataset\Nutrition Deficiency\Nutrition Deficiency00059_flipped_696.jpg || D:\AI_Agriculture_Dataset\RAW_DATASETS\Bottle_Gourd\BG05_CAIRrlder\CAIR-BGD-2025 Annotated Dataset\Bottle Gourd Disease Augmented Dataset\Nutrition Deficiency\Nutrition Deficiency00059_flipped_702.jpg
1138,2c0baac710bfe2b94626e42767fc5cc0719dad98aebcc8e1919ea0258e7685b4,3,WITHIN_DATASET,BG05_CAIR,D:\AI_Agriculture_Dataset\RAW_DATASETS\Bottle_Gourd\BG05_CAIRrlder\CAIR-BGD-2025 Annotated Dataset\Bottle Gourd Disease Augmented Dataset\Nutrition Deficiency\Nutrition Deficiency00059_rotated_1351.jpg || D:\AI_Agriculture_Dataset\RAW_DATASETS\Bottle_Gourd\BG05_CAIRrlder\CAIR-BGD-2025 Annotated Dataset\Bottle Gourd Disease Augmented Dataset\Nutrition Deficiency\Nutrition Deficiency00059_rotated_697.jpg || D:\AI_Agriculture_Dataset\RAW_DATASETS\Bottle_Gourd\BG05_CAIRrlder\CAIR-BGD-2025 Annotated Dataset\Bottle Gourd Disease Augmented Dataset\Nutrition Deficiency\Nutrition Deficiency00059_rotated_703.jpg
1139,e510f68874fbff18cec64b6f1b804340a4b7e72126756a95530cdd9ed96406db,3,WITHIN_DATASET,BG05_CAIR,D:\AI_Agriculture_Dataset\RAW_DATASETS\Bottle_Gourd\BG05_CAIRrlder\CAIR-BGD-2025 Annotated Dataset\Bottle Gourd Disease Augmented Dataset\Nutrition Deficiency\Nutrition Deficiency00059_shifted_1315.jpg || D:\AI_Agriculture_Dataset\RAW_DATASETS\Bottle_Gourd\BG05_CAIRrlder\CAIR-BGD-2025 Annotated Dataset\Bottle Gourd Disease Augmented Dataset\Nutrition Deficiency\Nutrition Deficiency00059_shifted_698.jpg || D:\AI_Agriculture_Dataset\RAW_DATASETS\Bottle_Gourd\BG05_CAIRrlder\CAIR-BGD-2025 Annotated Dataset\Bottle Gourd Disease Augmented Dataset\Nutrition Deficiency\Nutrition Deficiency00059_shifted_704.jpg
1140,07e01c160d60344ef79de752f1ad10d2de39fddfc2a76f53342de0a89cb0549d,2,WITHIN_DATASET,BG05_CAIR,D:\AI_Agriculture_Dataset\RAW_DATASETS\Bottle_Gourd\BG05_CAIRrlder\CAIR-BGD-2025 Annotated Dataset\Bottle Gourd Disease Augmented Dataset\Nutrition Deficiency\Nutrition Deficiency00060_flipped_708.jpg || D:\AI_Agriculture_Dataset\RAW_DATASETS\Bottle_Gourd\BG05_CAIRrlder\CAIR-BGD-2025 Annotated Dataset\Bottle Gourd Disease Augmented Dataset\Nutrition Deficiency\Nutrition Deficiency00060_flipped_714.jpg
1141,8dfbf1c9b94423175095f58047925724cc12d91e6b4b3b6fc7f29441056172a0,2,WITHIN_DATASET,BG05_CAIR,D:\AI_Agriculture_Dataset\RAW_DATASETS\Bottle_Gourd\BG05_CAIRrlder\CAIR-BGD-2025 Annotated Dataset\Bottle Gourd Disease Augmented Dataset\Nutrition Deficiency\Nutrition Deficiency00060_rotated_709.jpg || D:\AI_Agriculture_Dataset\RAW_DATASETS\Bottle_Gourd\BG05_CAIRrlder\CAIR-BGD-2025 Annotated Dataset\Bottle Gourd Disease Augmented Dataset\Nutrition Deficiency\Nutrition Deficiency00060_rotated_715.jpg
1142,dec3f637ecba7e060bee5d196e7f22fb4133bf2e069b6db5d5a30e1bff703ff5,3,WITHIN_DATASET,BG05_CAIR,D:\AI_Agriculture_Dataset\RAW_DATASETS\Bottle_Gourd\BG05_CAIRrlder\CAIR-BGD-2025 Annotated Dataset\Bottle Gourd Disease Augmented Dataset\Nutrition Deficiency\Nutrition Deficiency00060_shifted_1423.jpg || D:\AI_Agriculture_Dataset\RAW_DATASETS\Bottle_Gourd\BG05_CAIRrlder\CAIR-BGD-2025 Annotated Dataset\Bottle Gourd Disease Augmented Dataset\Nutrition Deficiency\Nutrition Deficiency00060_shifted_710.jpg || D:\AI_Agriculture_Dataset\RAW_DATASETS\Bottle_Gourd\BG05_CAIRrlder\CAIR-BGD-2025 Annotated Dataset\Bottle Gourd Disease Augmented Dataset\Nutrition Deficiency\Nutrition Deficiency00060_shifted_716.jpg
1143,3f6662f2c8f0ab2eff30c170e4ce21c7b7c1ccddf3e02659a113a7f06286d639,3,WITHIN_DATASET,BG05_CAIR,D:\AI_Agriculture_Dataset\RAW_DATASETS\Bottle_Gourd\BG05_CAIRrlder\CAIR-BGD-2025 Annotated Dataset\Bottle Gourd Disease Augmented Dataset\Nutrition Deficiency\Nutrition Deficiency00061_flipped_1337.jpg || D:\AI_Agriculture_Dataset\RAW_DATASETS\Bottle_Gourd\BG05_CAIRrlder\CAIR-BGD-2025 Annotated Dataset\Bottle Gourd Disease Augmented Dataset\Nutrition Deficiency\Nutrition Deficiency00061_flipped_720.jpg || D:\AI_Agriculture_Dataset\RAW_DATASETS\Bottle_Gourd\BG05_CAIRrlder\CAIR-BGD-2025 Annotated Dataset\Bottle Gourd Disease Augmented Dataset\Nutrition Deficiency\Nutrition Deficiency00061_flipped_726.jpg
1144,1f1766fe8b94092da8dd485637764e8c9489cdc54541b567885a3dcfb31e857d,3,WITHIN_DATASET,BG05_CAIR,D:\AI_Agriculture_Dataset\RAW_DATASETS\Bottle_Gourd\BG05_CAIRrlder\CAIR-BGD-2025 Annotated Dataset\Bottle Gourd Disease Augmented Dataset\Nutrition Deficiency\Nutrition Deficiency00061_rotated_1259.jpg || D:\AI_Agriculture_Dataset\RAW_DATASETS\Bottle_Gourd\BG05_CAIRrlder\CAIR-BGD-2025 Annotated Dataset\Bottle Gourd Disease Augmented Dataset\Nutrition Deficiency\Nutrition Deficiency00061_rotated_721.jpg || D:\AI_Agriculture_Dataset\RAW_DATASETS\Bottle_Gourd\BG05_CAIRrlder\CAIR-BGD-2025 Annotated Dataset\Bottle Gourd Disease Augmented Dataset\Nutrition Deficiency\Nutrition Deficiency00061_rotated_727.jpg
1145,e52ee8ef9bdc8b476cf0e1f87bd8289272a2064f47522ab172ab968fe9b033f4,2,WITHIN_DATASET,BG05_CAIR,D:\AI_Agriculture_Dataset\RAW_DATASETS\Bottle_Gourd\BG05_CAIRrlder\CAIR-BGD-2025 Annotated Dataset\Bottle Gourd Disease Augmented Dataset\Nutrition Deficiency\Nutrition Deficiency00061_shifted_722.jpg || D:\AI_Agriculture_Dataset\RAW_DATASETS\Bottle_Gourd\BG05_CAIRrlder\CAIR-BGD-2025 Annotated Dataset\Bottle Gourd Disease Augmented Dataset\Nutrition Deficiency\Nutrition Deficiency00061_shifted_728.jpg
1146,294ddd61232f333ae44fb2a324e2fb91da1487a668def91f3a165538de9343d5,2,WITHIN_DATASET,BG05_CAIR,D:\AI_Agriculture_Dataset\RAW_DATASETS\Bottle_Gourd\BG05_CAIRrlder\CAIR-BGD-2025 Annotated Dataset\Bottle Gourd Disease Augmented Dataset\Nutrition Deficiency\Nutrition Deficiency00062_flipped_732.jpg || D:\AI_Agriculture_Dataset\RAW_DATASETS\Bottle_Gourd\BG05_CAIRrlder\CAIR-BGD-2025 Annotated Dataset\Bottle Gourd Disease Augmented Dataset\Nutrition Deficiency\Nutrition Deficiency00062_flipped_738.jpg
1147,203a4e6a21eb15d14c3485f58427c704ea217210e7c6c117e4d693a75485575b,2,WITHIN_DATASET,BG05_CAIR,D:\AI_Agriculture_Dataset\RAW_DATASETS\Bottle_Gourd\BG05_CAIRrlder\CAIR-BGD-2025 Annotated Dataset\Bottle Gourd Disease Augmented Dataset\Nutrition Deficiency\Nutrition Deficiency00062_rotated_733.jpg || D:\AI_Agriculture_Dataset\RAW_DATASETS\Bottle_Gourd\BG05_CAIRrlder\CAIR-BGD-2025 Annotated Dataset\Bottle Gourd Disease Augmented Dataset\Nutrition Deficiency\Nutrition Deficiency00062_rotated_739.jpg
1148,b1a120b8482a08486afb5f29eb99cf8e68755fac3554cd13c19ef51afd72e7f3,3,WITHIN_DATASET,BG05_CAIR,D:\AI_Agriculture_Dataset\RAW_DATASETS\Bottle_Gourd\BG05_CAIRrlder\CAIR-BGD-2025 Annotated Dataset\Bottle Gourd Disease Augmented Dataset\Nutrition Deficiency\Nutrition Deficiency00062_shifted_1245.jpg || D:\AI_Agriculture_Dataset\RAW_DATASETS\Bottle_Gourd\BG05_CAIRrlder\CAIR-BGD-2025 Annotated Dataset\Bottle Gourd Disease Augmented Dataset\Nutrition Deficiency\Nutrition Deficiency00062_shifted_734.jpg || D:\AI_Agriculture_Dataset\RAW_DATASETS\Bottle_Gourd\BG05_CAIRrlder\CAIR-BGD-2025 Annotated Dataset\Bottle Gourd Disease Augmented Dataset\Nutrition Deficiency\Nutrition Deficiency00062_shifted_740.jpg
1149,20cfd67313f725aadcb6c59ae5fc985efd095fb803d2e10999d54518bb51e023,3,WITHIN_DATASET,BG05_CAIR,D:\AI_Agriculture_Dataset\RAW_DATASETS\Bottle_Gourd\BG05_CAIRrlder\CAIR-BGD-2025 Annotated Dataset\Bottle Gourd Disease Augmented Dataset\Nutrition Deficiency\Nutrition Deficiency00063_flipped_1296.jpg || D:\AI_Agriculture_Dataset\RAW_DATASETS\Bottle_Gourd\BG05_CAIRrlder\CAIR-BGD-2025 Annotated Dataset\Bottle Gourd Disease Augmented Dataset\Nutrition Deficiency\Nutrition Deficiency00063_flipped_744.jpg || D:\AI_Agriculture_Dataset\RAW_DATASETS\Bottle_Gourd\BG05_CAIRrlder\CAIR-BGD-2025 Annotated Dataset\Bottle Gourd Disease Augmented Dataset\Nutrition Deficiency\Nutrition Deficiency00063_flipped_750.jpg
1150,bae9c87e1fa755f009b1a055447ad51d02b47758af775bf54d9fa5af0b2e7d0c,5,WITHIN_DATASET,BG05_CAIR,D:\AI_Agriculture_Dataset\RAW_DATASETS\Bottle_Gourd\BG05_CAIRrlder\CAIR-BGD-2025 Annotated Dataset\Bottle Gourd Disease Augmented Dataset\Nutrition Deficiency\Nutrition Deficiency00063_rotated_1219.jpg || D:\AI_Agriculture_Dataset\RAW_DATASETS\Bottle_Gourd\BG05_CAIRrlder\CAIR-BGD-2025 Annotated Dataset\Bottle Gourd Disease Augmented Dataset\Nutrition Deficiency\Nutrition Deficiency00063_rotated_1250.jpg || D:\AI_Agriculture_Dataset\RAW_DATASETS\Bottle_Gourd\BG05_CAIRrlder\CAIR-BGD-2025 Annotated Dataset\Bottle Gourd Disease Augmented Dataset\Nutrition Deficiency\Nutrition Deficiency00063_rotated_1293.jpg || D:\AI_Agriculture_Dataset\RAW_DATASETS\Bottle_Gourd\BG05_CAIRrlder\CAIR-BGD-2025 Annotated Dataset\Bottle Gourd Disease Augmented Dataset\Nutrition Deficiency\Nutrition Deficiency00063_rotated_745.jpg || D:\AI_Agriculture_Dataset\RAW_DATASETS\Bottle_Gourd\BG05_CAIRrlder\CAIR-BGD-2025 Annotated Dataset\Bottle Gourd Disease Augmented Dataset\Nutrition Deficiency\Nutrition Deficiency00063_rotated_751.jpg
1151,794832e5c80bcad983c7012ea584973a5b49a7a1a87717954a4779454cfd8767,3,WITHIN_DATASET,BG05_CAIR,D:\AI_Agriculture_Dataset\RAW_DATASETS\Bottle_Gourd\BG05_CAIRrlder\CAIR-BGD-2025 Annotated Dataset\Bottle Gourd Disease Augmented Dataset\Nutrition Deficiency\Nutrition Deficiency00063_shifted_1441.jpg || D:\AI_Agriculture_Dataset\RAW_DATASETS\Bottle_Gourd\BG05_CAIRrlder\CAIR-BGD-2025 Annotated Dataset\Bottle Gourd Disease Augmented Dataset\Nutrition Deficiency\Nutrition Deficiency00063_shifted_746.jpg || D:\AI_Agriculture_Dataset\RAW_DATASETS\Bottle_Gourd\BG05_CAIRrlder\CAIR-BGD-2025 Annotated Dataset\Bottle Gourd Disease Augmented Dataset\Nutrition Deficiency\Nutrition Deficiency00063_shifted_752.jpg
1152,a30551779c1a25078e863e4092bbde3e3a8e709932561df517e4dbcef04823bd,2,WITHIN_DATASET,BG05_CAIR,D:\AI_Agriculture_Dataset\RAW_DATASETS\Bottle_Gourd\BG05_CAIRrlder\CAIR-BGD-2025 Annotated Dataset\Bottle Gourd Disease Augmented Dataset\Nutrition Deficiency\Nutrition Deficiency00064_flipped_756.jpg || D:\AI_Agriculture_Dataset\RAW_DATASETS\Bottle_Gourd\BG05_CAIRrlder\CAIR-BGD-2025 Annotated Dataset\Bottle Gourd Disease Augmented Dataset\Nutrition Deficiency\Nutrition Deficiency00064_flipped_762.jpg
1153,1c5b2ab1679138b93a232d5893d58a8507bf6ba2a70d2617533343dd753c9a72,2,WITHIN_DATASET,BG05_CAIR,D:\AI_Agriculture_Dataset\RAW_DATASETS\Bottle_Gourd\BG05_CAIRrlder\CAIR-BGD-2025 Annotated Dataset\Bottle Gourd Disease Augmented Dataset\Nutrition Deficiency\Nutrition Deficiency00064_rotated_757.jpg || D:\AI_Agriculture_Dataset\RAW_DATASETS\Bottle_Gourd\BG05_CAIRrlder\CAIR-BGD-2025 Annotated Dataset\Bottle Gourd Disease Augmented Dataset\Nutrition Deficiency\Nutrition Deficiency00064_rotated_763.jpg
1154,4d47f64baadb0d19bc0058ecfa0c6a8e46e31b4f26e28a8a5e764ec388a414be,2,WITHIN_DATASET,BG05_CAIR,D:\AI_Agriculture_Dataset\RAW_DATASETS\Bottle_Gourd\BG05_CAIRrlder\CAIR-BGD-2025 Annotated Dataset\Bottle Gourd Disease Augmented Dataset\Nutrition Deficiency\Nutrition Deficiency00064_shifted_758.jpg || D:\AI_Agriculture_Dataset\RAW_DATASETS\Bottle_Gourd\BG05_CAIRrlder\CAIR-BGD-2025 Annotated Dataset\Bottle Gourd Disease Augmented Dataset\Nutrition Deficiency\Nutrition Deficiency00064_shifted_764.jpg
1155,9efa14cee424625f14a45bc2da66c68af470994f165da788c1036ec68483b71b,2,WITHIN_DATASET,BG05_CAIR,D:\AI_Agriculture_Dataset\RAW_DATASETS\Bottle_Gourd\BG05_CAIRrlder\CAIR-BGD-2025 Annotated Dataset\Bottle Gourd Disease Augmented Dataset\Nutrition Deficiency\Nutrition Deficiency00065_flipped_768.jpg || D:\AI_Agriculture_Dataset\RAW_DATASETS\Bottle_Gourd\BG05_CAIRrlder\CAIR-BGD-2025 Annotated Dataset\Bottle Gourd Disease Augmented Dataset\Nutrition Deficiency\Nutrition Deficiency00065_flipped_774.jpg
1156,f9b138d47f870ce4cc1c3b2350ba6f87a7159cfc76b794201ffcc0ade80e4c5c,2,WITHIN_DATASET,BG05_CAIR,D:\AI_Agriculture_Dataset\RAW_DATASETS\Bottle_Gourd\BG05_CAIRrlder\CAIR-BGD-2025 Annotated Dataset\Bottle Gourd Disease Augmented Dataset\Nutrition Deficiency\Nutrition Deficiency00065_rotated_769.jpg || D:\AI_Agriculture_Dataset\RAW_DATASETS\Bottle_Gourd\BG05_CAIRrlder\CAIR-BGD-2025 Annotated Dataset\Bottle Gourd Disease Augmented Dataset\Nutrition Deficiency\Nutrition Deficiency00065_rotated_775.jpg
1157,7cb3249f0639b59938e4d168dd44ab185aeb5f77352a8367d484b28060744da0,4,WITHIN_DATASET,BG05_CAIR,D:\AI_Agriculture_Dataset\RAW_DATASETS\Bottle_Gourd\BG05_CAIRrlder\CAIR-BGD-2025 Annotated Dataset\Bottle Gourd Disease Augmented Dataset\Nutrition Deficiency\Nutrition Deficiency00065_shifted_1404.jpg || D:\AI_Agriculture_Dataset\RAW_DATASETS\Bottle_Gourd\BG05_CAIRrlder\CAIR-BGD-2025 Annotated Dataset\Bottle Gourd Disease Augmented Dataset\Nutrition Deficiency\Nutrition Deficiency00065_shifted_1468.jpg || D:\AI_Agriculture_Dataset\RAW_DATASETS\Bottle_Gourd\BG05_CAIRrlder\CAIR-BGD-2025 Annotated Dataset\Bottle Gourd Disease Augmented Dataset\Nutrition Deficiency\Nutrition Deficiency00065_shifted_770.jpg || D:\AI_Agriculture_Dataset\RAW_DATASETS\Bottle_Gourd\BG05_CAIRrlder\CAIR-BGD-2025 Annotated Dataset\Bottle Gourd Disease Augmented Dataset\Nutrition Deficiency\Nutrition Deficiency00065_shifted_776.jpg
1158,95d6874346fdd29c3c5483eed91e842e4b3f3b7b2c1781e9c3958abd9d6fe47e,4,WITHIN_DATASET,BG05_CAIR,D:\AI_Agriculture_Dataset\RAW_DATASETS\Bottle_Gourd\BG05_CAIRrlder\CAIR-BGD-2025 Annotated Dataset\Bottle Gourd Disease Augmented Dataset\Nutrition Deficiency\Nutrition Deficiency00066_flipped_1258.jpg || D:\AI_Agriculture_Dataset\RAW_DATASETS\Bottle_Gourd\BG05_CAIRrlder\CAIR-BGD-2025 Annotated Dataset\Bottle Gourd Disease Augmented Dataset\Nutrition Deficiency\Nutrition Deficiency00066_flipped_1375.jpg || D:\AI_Agriculture_Dataset\RAW_DATASETS\Bottle_Gourd\BG05_CAIRrlder\CAIR-BGD-2025 Annotated Dataset\Bottle Gourd Disease Augmented Dataset\Nutrition Deficiency\Nutrition Deficiency00066_flipped_780.jpg || D:\AI_Agriculture_Dataset\RAW_DATASETS\Bottle_Gourd\BG05_CAIRrlder\CAIR-BGD-2025 Annotated Dataset\Bottle Gourd Disease Augmented Dataset\Nutrition Deficiency\Nutrition Deficiency00066_flipped_786.jpg
1159,15317e14e5531c955187aff249d9bb8fed0f8bb10bcd975aa57455a8591ea76c,2,WITHIN_DATASET,BG05_CAIR,D:\AI_Agriculture_Dataset\RAW_DATASETS\Bottle_Gourd\BG05_CAIRrlder\CAIR-BGD-2025 Annotated Dataset\Bottle Gourd Disease Augmented Dataset\Nutrition Deficiency\Nutrition Deficiency00066_rotated_781.jpg || D:\AI_Agriculture_Dataset\RAW_DATASETS\Bottle_Gourd\BG05_CAIRrlder\CAIR-BGD-2025 Annotated Dataset\Bottle Gourd Disease Augmented Dataset\Nutrition Deficiency\Nutrition Deficiency00066_rotated_787.jpg
1160,3c613b2d0a264ebe0c25f44918f6c25596c803d8534e7350cc188fe3d1422941,2,WITHIN_DATASET,BG05_CAIR,D:\AI_Agriculture_Dataset\RAW_DATASETS\Bottle_Gourd\BG05_CAIRrlder\CAIR-BGD-2025 Annotated Dataset\Bottle Gourd Disease Augmented Dataset\Nutrition Deficiency\Nutrition Deficiency00066_shifted_782.jpg || D:\AI_Agriculture_Dataset\RAW_DATASETS\Bottle_Gourd\BG05_CAIRrlder\CAIR-BGD-2025 Annotated Dataset\Bottle Gourd Disease Augmented Dataset\Nutrition Deficiency\Nutrition Deficiency00066_shifted_788.jpg
1161,a9928e790d4cede9b66b7c5af048706b10e0b4c8564b1282de027a8e0ff227b0,3,WITHIN_DATASET,BG05_CAIR,D:\AI_Agriculture_Dataset\RAW_DATASETS\Bottle_Gourd\BG05_CAIRrlder\CAIR-BGD-2025 Annotated Dataset\Bottle Gourd Disease Augmented Dataset\Nutrition Deficiency\Nutrition Deficiency00067_flipped_1476.jpg || D:\AI_Agriculture_Dataset\RAW_DATASETS\Bottle_Gourd\BG05_CAIRrlder\CAIR-BGD-2025 Annotated Dataset\Bottle Gourd Disease Augmented Dataset\Nutrition Deficiency\Nutrition Deficiency00067_flipped_792.jpg || D:\AI_Agriculture_Dataset\RAW_DATASETS\Bottle_Gourd\BG05_CAIRrlder\CAIR-BGD-2025 Annotated Dataset\Bottle Gourd Disease Augmented Dataset\Nutrition Deficiency\Nutrition Deficiency00067_flipped_798.jpg
1162,0c12f4a6c8e048b67c58eb214864f73489576c3077668d2d46302d67ffc802a2,3,WITHIN_DATASET,BG05_CAIR,D:\AI_Agriculture_Dataset\RAW_DATASETS\Bottle_Gourd\BG05_CAIRrlder\CAIR-BGD-2025 Annotated Dataset\Bottle Gourd Disease Augmented Dataset\Nutrition Deficiency\Nutrition Deficiency00067_rotated_1485.jpg || D:\AI_Agriculture_Dataset\RAW_DATASETS\Bottle_Gourd\BG05_CAIRrlder\CAIR-BGD-2025 Annotated Dataset\Bottle Gourd Disease Augmented Dataset\Nutrition Deficiency\Nutrition Deficiency00067_rotated_793.jpg || D:\AI_Agriculture_Dataset\RAW_DATASETS\Bottle_Gourd\BG05_CAIRrlder\CAIR-BGD-2025 Annotated Dataset\Bottle Gourd Disease Augmented Dataset\Nutrition Deficiency\Nutrition Deficiency00067_rotated_799.jpg
1163,379e078536e39669a450b52ee1187cab3ec613f13c4bd1b19798bc8fca6f841f,3,WITHIN_DATASET,BG05_CAIR,D:\AI_Agriculture_Dataset\RAW_DATASETS\Bottle_Gourd\BG05_CAIRrlder\CAIR-BGD-2025 Annotated Dataset\Bottle Gourd Disease Augmented Dataset\Nutrition Deficiency\Nutrition Deficiency00067_shifted_1418.jpg || D:\AI_Agriculture_Dataset\RAW_DATASETS\Bottle_Gourd\BG05_CAIRrlder\CAIR-BGD-2025 Annotated Dataset\Bottle Gourd Disease Augmented Dataset\Nutrition Deficiency\Nutrition Deficiency00067_shifted_794.jpg || D:\AI_Agriculture_Dataset\RAW_DATASETS\Bottle_Gourd\BG05_CAIRrlder\CAIR-BGD-2025 Annotated Dataset\Bottle Gourd Disease Augmented Dataset\Nutrition Deficiency\Nutrition Deficiency00067_shifted_800.jpg
1164,931d7263ee5c788f9dc3103741a33f3a08d099870bbf6733daf1550293e7b520,3,WITHIN_DATASET,BG05_CAIR,D:\AI_Agriculture_Dataset\RAW_DATASETS\Bottle_Gourd\BG05_CAIRrlder\CAIR-BGD-2025 Annotated Dataset\Bottle Gourd Disease Augmented Dataset\Nutrition Deficiency\Nutrition Deficiency00068_flipped_1432.jpg || D:\AI_Agriculture_Dataset\RAW_DATASETS\Bottle_Gourd\BG05_CAIRrlder\CAIR-BGD-2025 Annotated Dataset\Bottle Gourd Disease Augmented Dataset\Nutrition Deficiency\Nutrition Deficiency00068_flipped_804.jpg || D:\AI_Agriculture_Dataset\RAW_DATASETS\Bottle_Gourd\BG05_CAIRrlder\CAIR-BGD-2025 Annotated Dataset\Bottle Gourd Disease Augmented Dataset\Nutrition Deficiency\Nutrition Deficiency00068_flipped_810.jpg
1165,b42a183f7f0ce255d47d61a94d2868d35029344904d1aa72f463b256783f3523,2,WITHIN_DATASET,BG05_CAIR,D:\AI_Agriculture_Dataset\RAW_DATASETS\Bottle_Gourd\BG05_CAIRrlder\CAIR-BGD-2025 Annotated Dataset\Bottle Gourd Disease Augmented Dataset\Nutrition Deficiency\Nutrition Deficiency00068_rotated_805.jpg || D:\AI_Agriculture_Dataset\RAW_DATASETS\Bottle_Gourd\BG05_CAIRrlder\CAIR-BGD-2025 Annotated Dataset\Bottle Gourd Disease Augmented Dataset\Nutrition Deficiency\Nutrition Deficiency00068_rotated_811.jpg
1166,7d4de555c317a3d7609697afa2f60c222abd7735032d1f8751ef3b771af44809,2,WITHIN_DATASET,BG05_CAIR,D:\AI_Agriculture_Dataset\RAW_DATASETS\Bottle_Gourd\BG05_CAIRrlder\CAIR-BGD-2025 Annotated Dataset\Bottle Gourd Disease Augmented Dataset\Nutrition Deficiency\Nutrition Deficiency00068_shifted_806.jpg || D:\AI_Agriculture_Dataset\RAW_DATASETS\Bottle_Gourd\BG05_CAIRrlder\CAIR-BGD-2025 Annotated Dataset\Bottle Gourd Disease Augmented Dataset\Nutrition Deficiency\Nutrition Deficiency00068_shifted_812.jpg
1167,38232d55c86d6cd76c20dcd4803932e0ddd53d470eb2994cd81aba907b11d7e9,3,WITHIN_DATASET,BG05_CAIR,D:\AI_Agriculture_Dataset\RAW_DATASETS\Bottle_Gourd\BG05_CAIRrlder\CAIR-BGD-2025 Annotated Dataset\Bottle Gourd Disease Augmented Dataset\Nutrition Deficiency\Nutrition Deficiency00069_flipped_1460.jpg || D:\AI_Agriculture_Dataset\RAW_DATASETS\Bottle_Gourd\BG05_CAIRrlder\CAIR-BGD-2025 Annotated Dataset\Bottle Gourd Disease Augmented Dataset\Nutrition Deficiency\Nutrition Deficiency00069_flipped_816.jpg || D:\AI_Agriculture_Dataset\RAW_DATASETS\Bottle_Gourd\BG05_CAIRrlder\CAIR-BGD-2025 Annotated Dataset\Bottle Gourd Disease Augmented Dataset\Nutrition Deficiency\Nutrition Deficiency00069_flipped_822.jpg
1168,e0cd7a611a7b72fc8b87d5e973dbfcfcc18f32a75945f2a76d2af4b6758bb9ce,2,WITHIN_DATASET,BG05_CAIR,D:\AI_Agriculture_Dataset\RAW_DATASETS\Bottle_Gourd\BG05_CAIRrlder\CAIR-BGD-2025 Annotated Dataset\Bottle Gourd Disease Augmented Dataset\Nutrition Deficiency\Nutrition Deficiency00069_rotated_817.jpg || D:\AI_Agriculture_Dataset\RAW_DATASETS\Bottle_Gourd\BG05_CAIRrlder\CAIR-BGD-2025 Annotated Dataset\Bottle Gourd Disease Augmented Dataset\Nutrition Deficiency\Nutrition Deficiency00069_rotated_823.jpg
1169,8547350c3a58e104b0896e94762134d5a79ef40dded48f142c73e66f99623f8b,2,WITHIN_DATASET,BG05_CAIR,D:\AI_Agriculture_Dataset\RAW_DATASETS\Bottle_Gourd\BG05_CAIRrlder\CAIR-BGD-2025 Annotated Dataset\Bottle Gourd Disease Augmented Dataset\Nutrition Deficiency\Nutrition Deficiency00069_shifted_818.jpg || D:\AI_Agriculture_Dataset\RAW_DATASETS\Bottle_Gourd\BG05_CAIRrlder\CAIR-BGD-2025 Annotated Dataset\Bottle Gourd Disease Augmented Dataset\Nutrition Deficiency\Nutrition Deficiency00069_shifted_824.jpg
1170,72323acc9354735851a1017069206399663f09eb61e9778c2d7a4d9b6ee338a4,3,WITHIN_DATASET,BG05_CAIR,D:\AI_Agriculture_Dataset\RAW_DATASETS\Bottle_Gourd\BG05_CAIRrlder\CAIR-BGD-2025 Annotated Dataset\Bottle Gourd Disease Augmented Dataset\Nutrition Deficiency\Nutrition Deficiency00070_flipped_1348.jpg || D:\AI_Agriculture_Dataset\RAW_DATASETS\Bottle_Gourd\BG05_CAIRrlder\CAIR-BGD-2025 Annotated Dataset\Bottle Gourd Disease Augmented Dataset\Nutrition Deficiency\Nutrition Deficiency00070_flipped_828.jpg || D:\AI_Agriculture_Dataset\RAW_DATASETS\Bottle_Gourd\BG05_CAIRrlder\CAIR-BGD-2025 Annotated Dataset\Bottle Gourd Disease Augmented Dataset\Nutrition Deficiency\Nutrition Deficiency00070_flipped_834.jpg
1171,e46d03abb1ee41335221aa49168edbdb74a491698fbdfc75ab880a3b08269800,2,WITHIN_DATASET,BG05_CAIR,D:\AI_Agriculture_Dataset\RAW_DATASETS\Bottle_Gourd\BG05_CAIRrlder\CAIR-BGD-2025 Annotated Dataset\Bottle Gourd Disease Augmented Dataset\Nutrition Deficiency\Nutrition Deficiency00070_rotated_829.jpg || D:\AI_Agriculture_Dataset\RAW_DATASETS\Bottle_Gourd\BG05_CAIRrlder\CAIR-BGD-2025 Annotated Dataset\Bottle Gourd Disease Augmented Dataset\Nutrition Deficiency\Nutrition Deficiency00070_rotated_835.jpg
1172,0ba04ba70d012fd33ff6837334f94a40fd8fa96e19ba41ad3e11e9407a50b5d3,2,WITHIN_DATASET,BG05_CAIR,D:\AI_Agriculture_Dataset\RAW_DATASETS\Bottle_Gourd\BG05_CAIRrlder\CAIR-BGD-2025 Annotated Dataset\Bottle Gourd Disease Augmented Dataset\Nutrition Deficiency\Nutrition Deficiency00070_shifted_830.jpg || D:\AI_Agriculture_Dataset\RAW_DATASETS\Bottle_Gourd\BG05_CAIRrlder\CAIR-BGD-2025 Annotated Dataset\Bottle Gourd Disease Augmented Dataset\Nutrition Deficiency\Nutrition Deficiency00070_shifted_836.jpg
1173,81d577cc3931470ac83f96b2016c8d0f4bebf51d99c60a45dcd2fdbd60efb961,2,WITHIN_DATASET,BG05_CAIR,D:\AI_Agriculture_Dataset\RAW_DATASETS\Bottle_Gourd\BG05_CAIRrlder\CAIR-BGD-2025 Annotated Dataset\Bottle Gourd Disease Augmented Dataset\Nutrition Deficiency\Nutrition Deficiency00071_flipped_840.jpg || D:\AI_Agriculture_Dataset\RAW_DATASETS\Bottle_Gourd\BG05_CAIRrlder\CAIR-BGD-2025 Annotated Dataset\Bottle Gourd Disease Augmented Dataset\Nutrition Deficiency\Nutrition Deficiency00071_flipped_846.jpg
1174,7935ed52b1560f5f6cdce635391c59d97fbd023a46f3bf03d4644d09688a59a0,3,WITHIN_DATASET,BG05_CAIR,D:\AI_Agriculture_Dataset\RAW_DATASETS\Bottle_Gourd\BG05_CAIRrlder\CAIR-BGD-2025 Annotated Dataset\Bottle Gourd Disease Augmented Dataset\Nutrition Deficiency\Nutrition Deficiency00071_rotated_1408.jpg || D:\AI_Agriculture_Dataset\RAW_DATASETS\Bottle_Gourd\BG05_CAIRrlder\CAIR-BGD-2025 Annotated Dataset\Bottle Gourd Disease Augmented Dataset\Nutrition Deficiency\Nutrition Deficiency00071_rotated_841.jpg || D:\AI_Agriculture_Dataset\RAW_DATASETS\Bottle_Gourd\BG05_CAIRrlder\CAIR-BGD-2025 Annotated Dataset\Bottle Gourd Disease Augmented Dataset\Nutrition Deficiency\Nutrition Deficiency00071_rotated_847.jpg
1175,ed13217650353a684928590a5d7316d75ab6dae8b3f2383b45dfddb19a5e85b3,2,WITHIN_DATASET,BG05_CAIR,D:\AI_Agriculture_Dataset\RAW_DATASETS\Bottle_Gourd\BG05_CAIRrlder\CAIR-BGD-2025 Annotated Dataset\Bottle Gourd Disease Augmented Dataset\Nutrition Deficiency\Nutrition Deficiency00071_shifted_842.jpg || D:\AI_Agriculture_Dataset\RAW_DATASETS\Bottle_Gourd\BG05_CAIRrlder\CAIR-BGD-2025 Annotated Dataset\Bottle Gourd Disease Augmented Dataset\Nutrition Deficiency\Nutrition Deficiency00071_shifted_848.jpg
1176,bdd0d8148641a01b7b037e4e96af6ae7fb1d0c5afbf9905a2e4b358b6a51a9c9,2,WITHIN_DATASET,BG05_CAIR,D:\AI_Agriculture_Dataset\RAW_DATASETS\Bottle_Gourd\BG05_CAIRrlder\CAIR-BGD-2025 Annotated Dataset\Bottle Gourd Disease Augmented Dataset\Nutrition Deficiency\Nutrition Deficiency00072_flipped_852.jpg || D:\AI_Agriculture_Dataset\RAW_DATASETS\Bottle_Gourd\BG05_CAIRrlder\CAIR-BGD-2025 Annotated Dataset\Bottle Gourd Disease Augmented Dataset\Nutrition Deficiency\Nutrition Deficiency00072_flipped_858.jpg
1177,473d74af31e0d9799343d24b3a0bbe82993de02b8e9613743f8a4270c26901ce,2,WITHIN_DATASET,BG05_CAIR,D:\AI_Agriculture_Dataset\RAW_DATASETS\Bottle_Gourd\BG05_CAIRrlder\CAIR-BGD-2025 Annotated Dataset\Bottle Gourd Disease Augmented Dataset\Nutrition Deficiency\Nutrition Deficiency00072_rotated_853.jpg || D:\AI_Agriculture_Dataset\RAW_DATASETS\Bottle_Gourd\BG05_CAIRrlder\CAIR-BGD-2025 Annotated Dataset\Bottle Gourd Disease Augmented Dataset\Nutrition Deficiency\Nutrition Deficiency00072_rotated_859.jpg
1178,70fbadfa4cecf4593edd0ad199c6155be01ae5348231cc3a791feb3ede2099f7,4,WITHIN_DATASET,BG05_CAIR,D:\AI_Agriculture_Dataset\RAW_DATASETS\Bottle_Gourd\BG05_CAIRrlder\CAIR-BGD-2025 Annotated Dataset\Bottle Gourd Disease Augmented Dataset\Nutrition Deficiency\Nutrition Deficiency00072_shifted_1301.jpg || D:\AI_Agriculture_Dataset\RAW_DATASETS\Bottle_Gourd\BG05_CAIRrlder\CAIR-BGD-2025 Annotated Dataset\Bottle Gourd Disease Augmented Dataset\Nutrition Deficiency\Nutrition Deficiency00072_shifted_1422.jpg || D:\AI_Agriculture_Dataset\RAW_DATASETS\Bottle_Gourd\BG05_CAIRrlder\CAIR-BGD-2025 Annotated Dataset\Bottle Gourd Disease Augmented Dataset\Nutrition Deficiency\Nutrition Deficiency00072_shifted_854.jpg || D:\AI_Agriculture_Dataset\RAW_DATASETS\Bottle_Gourd\BG05_CAIRrlder\CAIR-BGD-2025 Annotated Dataset\Bottle Gourd Disease Augmented Dataset\Nutrition Deficiency\Nutrition Deficiency00072_shifted_860.jpg
1179,f3cf2c8d94c6a58bb3adabffb1563c12229487f912980d3e5b68488da393f9db,3,WITHIN_DATASET,BG05_CAIR,D:\AI_Agriculture_Dataset\RAW_DATASETS\Bottle_Gourd\BG05_CAIRrlder\CAIR-BGD-2025 Annotated Dataset\Bottle Gourd Disease Augmented Dataset\Nutrition Deficiency\Nutrition Deficiency00073_flipped_1399.jpg || D:\AI_Agriculture_Dataset\RAW_DATASETS\Bottle_Gourd\BG05_CAIRrlder\CAIR-BGD-2025 Annotated Dataset\Bottle Gourd Disease Augmented Dataset\Nutrition Deficiency\Nutrition Deficiency00073_flipped_864.jpg || D:\AI_Agriculture_Dataset\RAW_DATASETS\Bottle_Gourd\BG05_CAIRrlder\CAIR-BGD-2025 Annotated Dataset\Bottle Gourd Disease Augmented Dataset\Nutrition Deficiency\Nutrition Deficiency00073_flipped_870.jpg
1180,93f992b477a157d77374e258e395f74e7a97966aa120a6d8d13117647b8b0eb3,3,WITHIN_DATASET,BG05_CAIR,D:\AI_Agriculture_Dataset\RAW_DATASETS\Bottle_Gourd\BG05_CAIRrlder\CAIR-BGD-2025 Annotated Dataset\Bottle Gourd Disease Augmented Dataset\Nutrition Deficiency\Nutrition Deficiency00073_rotated_1387.jpg || D:\AI_Agriculture_Dataset\RAW_DATASETS\Bottle_Gourd\BG05_CAIRrlder\CAIR-BGD-2025 Annotated Dataset\Bottle Gourd Disease Augmented Dataset\Nutrition Deficiency\Nutrition Deficiency00073_rotated_865.jpg || D:\AI_Agriculture_Dataset\RAW_DATASETS\Bottle_Gourd\BG05_CAIRrlder\CAIR-BGD-2025 Annotated Dataset\Bottle Gourd Disease Augmented Dataset\Nutrition Deficiency\Nutrition Deficiency00073_rotated_871.jpg
1181,4a7641da2d8e4ea6c5dbae37f5d762d970bdd3804c8d0bf487015a9ce0c146a3,2,WITHIN_DATASET,BG05_CAIR,D:\AI_Agriculture_Dataset\RAW_DATASETS\Bottle_Gourd\BG05_CAIRrlder\CAIR-BGD-2025 Annotated Dataset\Bottle Gourd Disease Augmented Dataset\Nutrition Deficiency\Nutrition Deficiency00073_shifted_866.jpg || D:\AI_Agriculture_Dataset\RAW_DATASETS\Bottle_Gourd\BG05_CAIRrlder\CAIR-BGD-2025 Annotated Dataset\Bottle Gourd Disease Augmented Dataset\Nutrition Deficiency\Nutrition Deficiency00073_shifted_872.jpg
1182,eb7836d5114937d50b75eed90771cf70bd63084aa61255435c446d217b1c438a,2,WITHIN_DATASET,BG05_CAIR,D:\AI_Agriculture_Dataset\RAW_DATASETS\Bottle_Gourd\BG05_CAIRrlder\CAIR-BGD-2025 Annotated Dataset\Bottle Gourd Disease Augmented Dataset\Nutrition Deficiency\Nutrition Deficiency00074_flipped_876.jpg || D:\AI_Agriculture_Dataset\RAW_DATASETS\Bottle_Gourd\BG05_CAIRrlder\CAIR-BGD-2025 Annotated Dataset\Bottle Gourd Disease Augmented Dataset\Nutrition Deficiency\Nutrition Deficiency00074_flipped_882.jpg
1183,e6a298b48789769f00e973bac0298118b96952c276e1f80145455cd21a174584,3,WITHIN_DATASET,BG05_CAIR,D:\AI_Agriculture_Dataset\RAW_DATASETS\Bottle_Gourd\BG05_CAIRrlder\CAIR-BGD-2025 Annotated Dataset\Bottle Gourd Disease Augmented Dataset\Nutrition Deficiency\Nutrition Deficiency00074_rotated_1204.jpg || D:\AI_Agriculture_Dataset\RAW_DATASETS\Bottle_Gourd\BG05_CAIRrlder\CAIR-BGD-2025 Annotated Dataset\Bottle Gourd Disease Augmented Dataset\Nutrition Deficiency\Nutrition Deficiency00074_rotated_877.jpg || D:\AI_Agriculture_Dataset\RAW_DATASETS\Bottle_Gourd\BG05_CAIRrlder\CAIR-BGD-2025 Annotated Dataset\Bottle Gourd Disease Augmented Dataset\Nutrition Deficiency\Nutrition Deficiency00074_rotated_883.jpg
1184,51d31e453680660589f2180481253745b2bd4ba7921f37151b70170d6568e706,2,WITHIN_DATASET,BG05_CAIR,D:\AI_Agriculture_Dataset\RAW_DATASETS\Bottle_Gourd\BG05_CAIRrlder\CAIR-BGD-2025 Annotated Dataset\Bottle Gourd Disease Augmented Dataset\Nutrition Deficiency\Nutrition Deficiency00074_shifted_878.jpg || D:\AI_Agriculture_Dataset\RAW_DATASETS\Bottle_Gourd\BG05_CAIRrlder\CAIR-BGD-2025 Annotated Dataset\Bottle Gourd Disease Augmented Dataset\Nutrition Deficiency\Nutrition Deficiency00074_shifted_884.jpg
1185,b1f9fdfabee5ede7aa5c06756c2475516990919bb08781efa7ea1dbce449ae3a,3,WITHIN_DATASET,BG05_CAIR,D:\AI_Agriculture_Dataset\RAW_DATASETS\Bottle_Gourd\BG05_CAIRrlder\CAIR-BGD-2025 Annotated Dataset\Bottle Gourd Disease Augmented Dataset\Nutrition Deficiency\Nutrition Deficiency00075_flipped_1212.jpg || D:\AI_Agriculture_Dataset\RAW_DATASETS\Bottle_Gourd\BG05_CAIRrlder\CAIR-BGD-2025 Annotated Dataset\Bottle Gourd Disease Augmented Dataset\Nutrition Deficiency\Nutrition Deficiency00075_flipped_888.jpg || D:\AI_Agriculture_Dataset\RAW_DATASETS\Bottle_Gourd\BG05_CAIRrlder\CAIR-BGD-2025 Annotated Dataset\Bottle Gourd Disease Augmented Dataset\Nutrition Deficiency\Nutrition Deficiency00075_flipped_894.jpg
1186,1626841cef1bd730b2016c03fa959fc062b41b593ccae6fd97bd7ab8f5f6d22a,2,WITHIN_DATASET,BG05_CAIR,D:\AI_Agriculture_Dataset\RAW_DATASETS\Bottle_Gourd\BG05_CAIRrlder\CAIR-BGD-2025 Annotated Dataset\Bottle Gourd Disease Augmented Dataset\Nutrition Deficiency\Nutrition Deficiency00075_rotated_889.jpg || D:\AI_Agriculture_Dataset\RAW_DATASETS\Bottle_Gourd\BG05_CAIRrlder\CAIR-BGD-2025 Annotated Dataset\Bottle Gourd Disease Augmented Dataset\Nutrition Deficiency\Nutrition Deficiency00075_rotated_895.jpg
1187,e4363f74cb3c44944a8cb29a3627b98a1b7fc95a3653fdd27c0cf132331576ee,4,WITHIN_DATASET,BG05_CAIR,D:\AI_Agriculture_Dataset\RAW_DATASETS\Bottle_Gourd\BG05_CAIRrlder\CAIR-BGD-2025 Annotated Dataset\Bottle Gourd Disease Augmented Dataset\Nutrition Deficiency\Nutrition Deficiency00075_shifted_1253.jpg || D:\AI_Agriculture_Dataset\RAW_DATASETS\Bottle_Gourd\BG05_CAIRrlder\CAIR-BGD-2025 Annotated Dataset\Bottle Gourd Disease Augmented Dataset\Nutrition Deficiency\Nutrition Deficiency00075_shifted_1283.jpg || D:\AI_Agriculture_Dataset\RAW_DATASETS\Bottle_Gourd\BG05_CAIRrlder\CAIR-BGD-2025 Annotated Dataset\Bottle Gourd Disease Augmented Dataset\Nutrition Deficiency\Nutrition Deficiency00075_shifted_890.jpg || D:\AI_Agriculture_Dataset\RAW_DATASETS\Bottle_Gourd\BG05_CAIRrlder\CAIR-BGD-2025 Annotated Dataset\Bottle Gourd Disease Augmented Dataset\Nutrition Deficiency\Nutrition Deficiency00075_shifted_896.jpg
1188,9dc246b286487601d3177cda89ab80e57aaf3e18d549e8c15d991b830dde567b,2,WITHIN_DATASET,BG05_CAIR,D:\AI_Agriculture_Dataset\RAW_DATASETS\Bottle_Gourd\BG05_CAIRrlder\CAIR-BGD-2025 Annotated Dataset\Bottle Gourd Disease Augmented Dataset\Nutrition Deficiency\Nutrition Deficiency00076_flipped_900.jpg || D:\AI_Agriculture_Dataset\RAW_DATASETS\Bottle_Gourd\BG05_CAIRrlder\CAIR-BGD-2025 Annotated Dataset\Bottle Gourd Disease Augmented Dataset\Nutrition Deficiency\Nutrition Deficiency00076_flipped_906.jpg
1189,41f6e78a30b0e6dc98f95f01b34c715ce7710b51f2a08f871823a031d12c98c7,3,WITHIN_DATASET,BG05_CAIR,D:\AI_Agriculture_Dataset\RAW_DATASETS\Bottle_Gourd\BG05_CAIRrlder\CAIR-BGD-2025 Annotated Dataset\Bottle Gourd Disease Augmented Dataset\Nutrition Deficiency\Nutrition Deficiency00076_rotated_1305.jpg || D:\AI_Agriculture_Dataset\RAW_DATASETS\Bottle_Gourd\BG05_CAIRrlder\CAIR-BGD-2025 Annotated Dataset\Bottle Gourd Disease Augmented Dataset\Nutrition Deficiency\Nutrition Deficiency00076_rotated_901.jpg || D:\AI_Agriculture_Dataset\RAW_DATASETS\Bottle_Gourd\BG05_CAIRrlder\CAIR-BGD-2025 Annotated Dataset\Bottle Gourd Disease Augmented Dataset\Nutrition Deficiency\Nutrition Deficiency00076_rotated_907.jpg
1190,9d513128b4a67cf7d81291976418e46c419251bb0e0a1db24c03e99bf38b152c,2,WITHIN_DATASET,BG05_CAIR,D:\AI_Agriculture_Dataset\RAW_DATASETS\Bottle_Gourd\BG05_CAIRrlder\CAIR-BGD-2025 Annotated Dataset\Bottle Gourd Disease Augmented Dataset\Nutrition Deficiency\Nutrition Deficiency00076_shifted_902.jpg || D:\AI_Agriculture_Dataset\RAW_DATASETS\Bottle_Gourd\BG05_CAIRrlder\CAIR-BGD-2025 Annotated Dataset\Bottle Gourd Disease Augmented Dataset\Nutrition Deficiency\Nutrition Deficiency00076_shifted_908.jpg
1191,3268402e77e83df9ba6294fc5f355c36265a84c672f91e0c75aa2be03a51f634,3,WITHIN_DATASET,BG05_CAIR,D:\AI_Agriculture_Dataset\RAW_DATASETS\Bottle_Gourd\BG05_CAIRrlder\CAIR-BGD-2025 Annotated Dataset\Bottle Gourd Disease Augmented Dataset\Nutrition Deficiency\Nutrition Deficiency00077_flipped_1299.jpg || D:\AI_Agriculture_Dataset\RAW_DATASETS\Bottle_Gourd\BG05_CAIRrlder\CAIR-BGD-2025 Annotated Dataset\Bottle Gourd Disease Augmented Dataset\Nutrition Deficiency\Nutrition Deficiency00077_flipped_912.jpg || D:\AI_Agriculture_Dataset\RAW_DATASETS\Bottle_Gourd\BG05_CAIRrlder\CAIR-BGD-2025 Annotated Dataset\Bottle Gourd Disease Augmented Dataset\Nutrition Deficiency\Nutrition Deficiency00077_flipped_918.jpg
1192,0e709d48b716d69b92149c9db7f1ec39def9fd986421cc0accd92f019ae1e375,3,WITHIN_DATASET,BG05_CAIR,D:\AI_Agriculture_Dataset\RAW_DATASETS\Bottle_Gourd\BG05_CAIRrlder\CAIR-BGD-2025 Annotated Dataset\Bottle Gourd Disease Augmented Dataset\Nutrition Deficiency\Nutrition Deficiency00077_rotated_1239.jpg || D:\AI_Agriculture_Dataset\RAW_DATASETS\Bottle_Gourd\BG05_CAIRrlder\CAIR-BGD-2025 Annotated Dataset\Bottle Gourd Disease Augmented Dataset\Nutrition Deficiency\Nutrition Deficiency00077_rotated_913.jpg || D:\AI_Agriculture_Dataset\RAW_DATASETS\Bottle_Gourd\BG05_CAIRrlder\CAIR-BGD-2025 Annotated Dataset\Bottle Gourd Disease Augmented Dataset\Nutrition Deficiency\Nutrition Deficiency00077_rotated_919.jpg
1193,7a13904cbd1098aa11d5cf3f5a7c13b9ea0a5c77a4060b0699630a031c43105d,2,WITHIN_DATASET,BG05_CAIR,D:\AI_Agriculture_Dataset\RAW_DATASETS\Bottle_Gourd\BG05_CAIRrlder\CAIR-BGD-2025 Annotated Dataset\Bottle Gourd Disease Augmented Dataset\Nutrition Deficiency\Nutrition Deficiency00077_shifted_914.jpg || D:\AI_Agriculture_Dataset\RAW_DATASETS\Bottle_Gourd\BG05_CAIRrlder\CAIR-BGD-2025 Annotated Dataset\Bottle Gourd Disease Augmented Dataset\Nutrition Deficiency\Nutrition Deficiency00077_shifted_920.jpg
1194,84579052f0c90d14527260f8cee53c2c6ad87bb30601845266d49eee72213f31,3,WITHIN_DATASET,BG05_CAIR,D:\AI_Agriculture_Dataset\RAW_DATASETS\Bottle_Gourd\BG05_CAIRrlder\CAIR-BGD-2025 Annotated Dataset\Bottle Gourd Disease Augmented Dataset\Nutrition Deficiency\Nutrition Deficiency00078_flipped_1304.jpg || D:\AI_Agriculture_Dataset\RAW_DATASETS\Bottle_Gourd\BG05_CAIRrlder\CAIR-BGD-2025 Annotated Dataset\Bottle Gourd Disease Augmented Dataset\Nutrition Deficiency\Nutrition Deficiency00078_flipped_924.jpg || D:\AI_Agriculture_Dataset\RAW_DATASETS\Bottle_Gourd\BG05_CAIRrlder\CAIR-BGD-2025 Annotated Dataset\Bottle Gourd Disease Augmented Dataset\Nutrition Deficiency\Nutrition Deficiency00078_flipped_930.jpg
1195,d4386f948709f602aa90b5e2602a28b0aa53e5fb8ba57d54ae3fa2f3d7ed04cb,2,WITHIN_DATASET,BG05_CAIR,D:\AI_Agriculture_Dataset\RAW_DATASETS\Bottle_Gourd\BG05_CAIRrlder\CAIR-BGD-2025 Annotated Dataset\Bottle Gourd Disease Augmented Dataset\Nutrition Deficiency\Nutrition Deficiency00078_rotated_925.jpg || D:\AI_Agriculture_Dataset\RAW_DATASETS\Bottle_Gourd\BG05_CAIRrlder\CAIR-BGD-2025 Annotated Dataset\Bottle Gourd Disease Augmented Dataset\Nutrition Deficiency\Nutrition Deficiency00078_rotated_931.jpg
1196,c8f6420141bd72ecc3164646cf15939ce6894547b7310a03ee93e0b5350e0774,2,WITHIN_DATASET,BG05_CAIR,D:\AI_Agriculture_Dataset\RAW_DATASETS\Bottle_Gourd\BG05_CAIRrlder\CAIR-BGD-2025 Annotated Dataset\Bottle Gourd Disease Augmented Dataset\Nutrition Deficiency\Nutrition Deficiency00078_shifted_926.jpg || D:\AI_Agriculture_Dataset\RAW_DATASETS\Bottle_Gourd\BG05_CAIRrlder\CAIR-BGD-2025 Annotated Dataset\Bottle Gourd Disease Augmented Dataset\Nutrition Deficiency\Nutrition Deficiency00078_shifted_932.jpg
1197,a301f616599428f8aa08c40e3cb0f1ba8944f71de04740fece482c3d88e02c32,3,WITHIN_DATASET,BG05_CAIR,D:\AI_Agriculture_Dataset\RAW_DATASETS\Bottle_Gourd\BG05_CAIRrlder\CAIR-BGD-2025 Annotated Dataset\Bottle Gourd Disease Augmented Dataset\Nutrition Deficiency\Nutrition Deficiency00079_flipped_1430.jpg || D:\AI_Agriculture_Dataset\RAW_DATASETS\Bottle_Gourd\BG05_CAIRrlder\CAIR-BGD-2025 Annotated Dataset\Bottle Gourd Disease Augmented Dataset\Nutrition Deficiency\Nutrition Deficiency00079_flipped_936.jpg || D:\AI_Agriculture_Dataset\RAW_DATASETS\Bottle_Gourd\BG05_CAIRrlder\CAIR-BGD-2025 Annotated Dataset\Bottle Gourd Disease Augmented Dataset\Nutrition Deficiency\Nutrition Deficiency00079_flipped_942.jpg
1198,abafe1ed052e853016718dea46b5be8a18d00d1cf4bc58257d6437c41405136b,2,WITHIN_DATASET,BG05_CAIR,D:\AI_Agriculture_Dataset\RAW_DATASETS\Bottle_Gourd\BG05_CAIRrlder\CAIR-BGD-2025 Annotated Dataset\Bottle Gourd Disease Augmented Dataset\Nutrition Deficiency\Nutrition Deficiency00079_rotated_937.jpg || D:\AI_Agriculture_Dataset\RAW_DATASETS\Bottle_Gourd\BG05_CAIRrlder\CAIR-BGD-2025 Annotated Dataset\Bottle Gourd Disease Augmented Dataset\Nutrition Deficiency\Nutrition Deficiency00079_rotated_943.jpg
1199,5c9c094848aec501ce7758976e596fcdb342d251fbc3b3aa3bcf4514c2f301ec,4,WITHIN_DATASET,BG05_CAIR,D:\AI_Agriculture_Dataset\RAW_DATASETS\Bottle_Gourd\BG05_CAIRrlder\CAIR-BGD-2025 Annotated Dataset\Bottle Gourd Disease Augmented Dataset\Nutrition Deficiency\Nutrition Deficiency00079_shifted_1206.jpg || D:\AI_Agriculture_Dataset\RAW_DATASETS\Bottle_Gourd\BG05_CAIRrlder\CAIR-BGD-2025 Annotated Dataset\Bottle Gourd Disease Augmented Dataset\Nutrition Deficiency\Nutrition Deficiency00079_shifted_1281.jpg || D:\AI_Agriculture_Dataset\RAW_DATASETS\Bottle_Gourd\BG05_CAIRrlder\CAIR-BGD-2025 Annotated Dataset\Bottle Gourd Disease Augmented Dataset\Nutrition Deficiency\Nutrition Deficiency00079_shifted_938.jpg || D:\AI_Agriculture_Dataset\RAW_DATASETS\Bottle_Gourd\BG05_CAIRrlder\CAIR-BGD-2025 Annotated Dataset\Bottle Gourd Disease Augmented Dataset\Nutrition Deficiency\Nutrition Deficiency00079_shifted_944.jpg
1200,52ec326df50f18973da0f376703d596a4a95a9ccdc466f98bfa2da020607e317,2,WITHIN_DATASET,BG05_CAIR,D:\AI_Agriculture_Dataset\RAW_DATASETS\Bottle_Gourd\BG05_CAIRrlder\CAIR-BGD-2025 Annotated Dataset\Bottle Gourd Disease Augmented Dataset\Nutrition Deficiency\Nutrition Deficiency00080_flipped_948.jpg || D:\AI_Agriculture_Dataset\RAW_DATASETS\Bottle_Gourd\BG05_CAIRrlder\CAIR-BGD-2025 Annotated Dataset\Bottle Gourd Disease Augmented Dataset\Nutrition Deficiency\Nutrition Deficiency00080_flipped_954.jpg
1201,4e63c653a0e6dd64e4011568986280d4137164eec81ea3b0057b9cef7659a180,2,WITHIN_DATASET,BG05_CAIR,D:\AI_Agriculture_Dataset\RAW_DATASETS\Bottle_Gourd\BG05_CAIRrlder\CAIR-BGD-2025 Annotated Dataset\Bottle Gourd Disease Augmented Dataset\Nutrition Deficiency\Nutrition Deficiency00080_rotated_949.jpg || D:\AI_Agriculture_Dataset\RAW_DATASETS\Bottle_Gourd\BG05_CAIRrlder\CAIR-BGD-2025 Annotated Dataset\Bottle Gourd Disease Augmented Dataset\Nutrition Deficiency\Nutrition Deficiency00080_rotated_955.jpg
1202,db65f1e73cbdea690f6f78e49144eeb3ff9c04c58852f41eab900301ac1efa9d,4,WITHIN_DATASET,BG05_CAIR,D:\AI_Agriculture_Dataset\RAW_DATASETS\Bottle_Gourd\BG05_CAIRrlder\CAIR-BGD-2025 Annotated Dataset\Bottle Gourd Disease Augmented Dataset\Nutrition Deficiency\Nutrition Deficiency00080_shifted_1339.jpg || D:\AI_Agriculture_Dataset\RAW_DATASETS\Bottle_Gourd\BG05_CAIRrlder\CAIR-BGD-2025 Annotated Dataset\Bottle Gourd Disease Augmented Dataset\Nutrition Deficiency\Nutrition Deficiency00080_shifted_1389.jpg || D:\AI_Agriculture_Dataset\RAW_DATASETS\Bottle_Gourd\BG05_CAIRrlder\CAIR-BGD-2025 Annotated Dataset\Bottle Gourd Disease Augmented Dataset\Nutrition Deficiency\Nutrition Deficiency00080_shifted_950.jpg || D:\AI_Agriculture_Dataset\RAW_DATASETS\Bottle_Gourd\BG05_CAIRrlder\CAIR-BGD-2025 Annotated Dataset\Bottle Gourd Disease Augmented Dataset\Nutrition Deficiency\Nutrition Deficiency00080_shifted_956.jpg
1203,921af310c5311b50e48fdee07dcc95ded258f447b3a76f9c172414ad93c11697,2,WITHIN_DATASET,BG05_CAIR,D:\AI_Agriculture_Dataset\RAW_DATASETS\Bottle_Gourd\BG05_CAIRrlder\CAIR-BGD-2025 Annotated Dataset\Bottle Gourd Disease Augmented Dataset\Nutrition Deficiency\Nutrition Deficiency00081_flipped_960.jpg || D:\AI_Agriculture_Dataset\RAW_DATASETS\Bottle_Gourd\BG05_CAIRrlder\CAIR-BGD-2025 Annotated Dataset\Bottle Gourd Disease Augmented Dataset\Nutrition Deficiency\Nutrition Deficiency00081_flipped_966.jpg
1204,9bea5bab352a962e465e31e013e3e67a88851ff789d8214f68090c278ecf1933,2,WITHIN_DATASET,BG05_CAIR,D:\AI_Agriculture_Dataset\RAW_DATASETS\Bottle_Gourd\BG05_CAIRrlder\CAIR-BGD-2025 Annotated Dataset\Bottle Gourd Disease Augmented Dataset\Nutrition Deficiency\Nutrition Deficiency00081_rotated_961.jpg || D:\AI_Agriculture_Dataset\RAW_DATASETS\Bottle_Gourd\BG05_CAIRrlder\CAIR-BGD-2025 Annotated Dataset\Bottle Gourd Disease Augmented Dataset\Nutrition Deficiency\Nutrition Deficiency00081_rotated_967.jpg
1205,7dffe20da70af98d610ee3288826357c3f30c837b86c8912ec6d5b4c976b40b9,4,WITHIN_DATASET,BG05_CAIR,D:\AI_Agriculture_Dataset\RAW_DATASETS\Bottle_Gourd\BG05_CAIRrlder\CAIR-BGD-2025 Annotated Dataset\Bottle Gourd Disease Augmented Dataset\Nutrition Deficiency\Nutrition Deficiency00081_shifted_1317.jpg || D:\AI_Agriculture_Dataset\RAW_DATASETS\Bottle_Gourd\BG05_CAIRrlder\CAIR-BGD-2025 Annotated Dataset\Bottle Gourd Disease Augmented Dataset\Nutrition Deficiency\Nutrition Deficiency00081_shifted_1338.jpg || D:\AI_Agriculture_Dataset\RAW_DATASETS\Bottle_Gourd\BG05_CAIRrlder\CAIR-BGD-2025 Annotated Dataset\Bottle Gourd Disease Augmented Dataset\Nutrition Deficiency\Nutrition Deficiency00081_shifted_962.jpg || D:\AI_Agriculture_Dataset\RAW_DATASETS\Bottle_Gourd\BG05_CAIRrlder\CAIR-BGD-2025 Annotated Dataset\Bottle Gourd Disease Augmented Dataset\Nutrition Deficiency\Nutrition Deficiency00081_shifted_968.jpg
1206,1507722e25df75fdca75b0e0ad273ee9a9e07958cc641571f980d609fc52446b,3,WITHIN_DATASET,BG05_CAIR,D:\AI_Agriculture_Dataset\RAW_DATASETS\Bottle_Gourd\BG05_CAIRrlder\CAIR-BGD-2025 Annotated Dataset\Bottle Gourd Disease Augmented Dataset\Nutrition Deficiency\Nutrition Deficiency00082_flipped_1282.jpg || D:\AI_Agriculture_Dataset\RAW_DATASETS\Bottle_Gourd\BG05_CAIRrlder\CAIR-BGD-2025 Annotated Dataset\Bottle Gourd Disease Augmented Dataset\Nutrition Deficiency\Nutrition Deficiency00082_flipped_972.jpg || D:\AI_Agriculture_Dataset\RAW_DATASETS\Bottle_Gourd\BG05_CAIRrlder\CAIR-BGD-2025 Annotated Dataset\Bottle Gourd Disease Augmented Dataset\Nutrition Deficiency\Nutrition Deficiency00082_flipped_978.jpg
1207,194ca3505acd5795f20b13f54821762e15dd3139e4c1a1482afdf50cd1be7fcd,2,WITHIN_DATASET,BG05_CAIR,D:\AI_Agriculture_Dataset\RAW_DATASETS\Bottle_Gourd\BG05_CAIRrlder\CAIR-BGD-2025 Annotated Dataset\Bottle Gourd Disease Augmented Dataset\Nutrition Deficiency\Nutrition Deficiency00082_rotated_973.jpg || D:\AI_Agriculture_Dataset\RAW_DATASETS\Bottle_Gourd\BG05_CAIRrlder\CAIR-BGD-2025 Annotated Dataset\Bottle Gourd Disease Augmented Dataset\Nutrition Deficiency\Nutrition Deficiency00082_rotated_979.jpg
1208,2ec35ebc2f20c8093e9cd9dc649e8788825fa0815b4b01b83ac2c4d6f2f7d677,2,WITHIN_DATASET,BG05_CAIR,D:\AI_Agriculture_Dataset\RAW_DATASETS\Bottle_Gourd\BG05_CAIRrlder\CAIR-BGD-2025 Annotated Dataset\Bottle Gourd Disease Augmented Dataset\Nutrition Deficiency\Nutrition Deficiency00082_shifted_974.jpg || D:\AI_Agriculture_Dataset\RAW_DATASETS\Bottle_Gourd\BG05_CAIRrlder\CAIR-BGD-2025 Annotated Dataset\Bottle Gourd Disease Augmented Dataset\Nutrition Deficiency\Nutrition Deficiency00082_shifted_980.jpg
1209,29695226524ed7079e550ec74d670f9458754d06e070b2ef7dfac984305d0548,4,WITHIN_DATASET,BG05_CAIR,D:\AI_Agriculture_Dataset\RAW_DATASETS\Bottle_Gourd\BG05_CAIRrlder\CAIR-BGD-2025 Annotated Dataset\Bottle Gourd Disease Augmented Dataset\Nutrition Deficiency\Nutrition Deficiency00083_flipped_1335.jpg || D:\AI_Agriculture_Dataset\RAW_DATASETS\Bottle_Gourd\BG05_CAIRrlder\CAIR-BGD-2025 Annotated Dataset\Bottle Gourd Disease Augmented Dataset\Nutrition Deficiency\Nutrition Deficiency00083_flipped_1449.jpg || D:\AI_Agriculture_Dataset\RAW_DATASETS\Bottle_Gourd\BG05_CAIRrlder\CAIR-BGD-2025 Annotated Dataset\Bottle Gourd Disease Augmented Dataset\Nutrition Deficiency\Nutrition Deficiency00083_flipped_984.jpg || D:\AI_Agriculture_Dataset\RAW_DATASETS\Bottle_Gourd\BG05_CAIRrlder\CAIR-BGD-2025 Annotated Dataset\Bottle Gourd Disease Augmented Dataset\Nutrition Deficiency\Nutrition Deficiency00083_flipped_990.jpg
1210,f3af4e29cf21fe5c49ccd09a1b41ba0b6e0eb57301793a6aae679f5820e050d3,2,WITHIN_DATASET,BG05_CAIR,D:\AI_Agriculture_Dataset\RAW_DATASETS\Bottle_Gourd\BG05_CAIRrlder\CAIR-BGD-2025 Annotated Dataset\Bottle Gourd Disease Augmented Dataset\Nutrition Deficiency\Nutrition Deficiency00083_rotated_985.jpg || D:\AI_Agriculture_Dataset\RAW_DATASETS\Bottle_Gourd\BG05_CAIRrlder\CAIR-BGD-2025 Annotated Dataset\Bottle Gourd Disease Augmented Dataset\Nutrition Deficiency\Nutrition Deficiency00083_rotated_991.jpg
1211,c756ef069add3ef022293b0794b9f4230e6f3babf573391582b3c1e5dea00e11,2,WITHIN_DATASET,BG05_CAIR,D:\AI_Agriculture_Dataset\RAW_DATASETS\Bottle_Gourd\BG05_CAIRrlder\CAIR-BGD-2025 Annotated Dataset\Bottle Gourd Disease Augmented Dataset\Nutrition Deficiency\Nutrition Deficiency00083_shifted_986.jpg || D:\AI_Agriculture_Dataset\RAW_DATASETS\Bottle_Gourd\BG05_CAIRrlder\CAIR-BGD-2025 Annotated Dataset\Bottle Gourd Disease Augmented Dataset\Nutrition Deficiency\Nutrition Deficiency00083_shifted_992.jpg
1212,82fa56b14658e46a5a2832e96a28a335e436f5b514f79f5284c1ba87bae2d6ff,2,WITHIN_DATASET,BG05_CAIR,D:\AI_Agriculture_Dataset\RAW_DATASETS\Bottle_Gourd\BG05_CAIRrlder\CAIR-BGD-2025 Annotated Dataset\Bottle Gourd Disease Augmented Dataset\Nutrition Deficiency\Nutrition Deficiency00084_flipped_1002.jpg || D:\AI_Agriculture_Dataset\RAW_DATASETS\Bottle_Gourd\BG05_CAIRrlder\CAIR-BGD-2025 Annotated Dataset\Bottle Gourd Disease Augmented Dataset\Nutrition Deficiency\Nutrition Deficiency00084_flipped_996.jpg
1213,40718fccff755677a1dc513fff4956276df7ed5832d7edc9e6bf505a057b4518,3,WITHIN_DATASET,BG05_CAIR,D:\AI_Agriculture_Dataset\RAW_DATASETS\Bottle_Gourd\BG05_CAIRrlder\CAIR-BGD-2025 Annotated Dataset\Bottle Gourd Disease Augmented Dataset\Nutrition Deficiency\Nutrition Deficiency00084_rotated_1003.jpg || D:\AI_Agriculture_Dataset\RAW_DATASETS\Bottle_Gourd\BG05_CAIRrlder\CAIR-BGD-2025 Annotated Dataset\Bottle Gourd Disease Augmented Dataset\Nutrition Deficiency\Nutrition Deficiency00084_rotated_1497.jpg || D:\AI_Agriculture_Dataset\RAW_DATASETS\Bottle_Gourd\BG05_CAIRrlder\CAIR-BGD-2025 Annotated Dataset\Bottle Gourd Disease Augmented Dataset\Nutrition Deficiency\Nutrition Deficiency00084_rotated_997.jpg
1214,10537694a10fa9894f866bbc78fe892595d83e0b36a628d1c1fe8b9cd10373ed,4,WITHIN_DATASET,BG05_CAIR,D:\AI_Agriculture_Dataset\RAW_DATASETS\Bottle_Gourd\BG05_CAIRrlder\CAIR-BGD-2025 Annotated Dataset\Bottle Gourd Disease Augmented Dataset\Nutrition Deficiency\Nutrition Deficiency00084_shifted_1004.jpg || D:\AI_Agriculture_Dataset\RAW_DATASETS\Bottle_Gourd\BG05_CAIRrlder\CAIR-BGD-2025 Annotated Dataset\Bottle Gourd Disease Augmented Dataset\Nutrition Deficiency\Nutrition Deficiency00084_shifted_1324.jpg || D:\AI_Agriculture_Dataset\RAW_DATASETS\Bottle_Gourd\BG05_CAIRrlder\CAIR-BGD-2025 Annotated Dataset\Bottle Gourd Disease Augmented Dataset\Nutrition Deficiency\Nutrition Deficiency00084_shifted_1366.jpg || D:\AI_Agriculture_Dataset\RAW_DATASETS\Bottle_Gourd\BG05_CAIRrlder\CAIR-BGD-2025 Annotated Dataset\Bottle Gourd Disease Augmented Dataset\Nutrition Deficiency\Nutrition Deficiency00084_shifted_998.jpg
1215,e533b8b3036dc2252b71c55526372cefad0c1cfede2ee908ad789d869deff71f,3,WITHIN_DATASET,BG05_CAIR,D:\AI_Agriculture_Dataset\RAW_DATASETS\Bottle_Gourd\BG05_CAIRrlder\CAIR-BGD-2025 Annotated Dataset\Bottle Gourd Disease Augmented Dataset\Nutrition Deficiency\Nutrition Deficiency00085_flipped_1008.jpg || D:\AI_Agriculture_Dataset\RAW_DATASETS\Bottle_Gourd\BG05_CAIRrlder\CAIR-BGD-2025 Annotated Dataset\Bottle Gourd Disease Augmented Dataset\Nutrition Deficiency\Nutrition Deficiency00085_flipped_1014.jpg || D:\AI_Agriculture_Dataset\RAW_DATASETS\Bottle_Gourd\BG05_CAIRrlder\CAIR-BGD-2025 Annotated Dataset\Bottle Gourd Disease Augmented Dataset\Nutrition Deficiency\Nutrition Deficiency00085_flipped_1256.jpg
1216,e02246b958b58c1a6889934eaddf7f05c9d264b5fa75b9cca1ca224fa0d18e2b,2,WITHIN_DATASET,BG05_CAIR,D:\AI_Agriculture_Dataset\RAW_DATASETS\Bottle_Gourd\BG05_CAIRrlder\CAIR-BGD-2025 Annotated Dataset\Bottle Gourd Disease Augmented Dataset\Nutrition Deficiency\Nutrition Deficiency00085_rotated_1009.jpg || D:\AI_Agriculture_Dataset\RAW_DATASETS\Bottle_Gourd\BG05_CAIRrlder\CAIR-BGD-2025 Annotated Dataset\Bottle Gourd Disease Augmented Dataset\Nutrition Deficiency\Nutrition Deficiency00085_rotated_1015.jpg
1217,6edc84bab31601fce7874baffce0a6a666be4cbfc8de9474dbc72bdea9ff145c,2,WITHIN_DATASET,BG05_CAIR,D:\AI_Agriculture_Dataset\RAW_DATASETS\Bottle_Gourd\BG05_CAIRrlder\CAIR-BGD-2025 Annotated Dataset\Bottle Gourd Disease Augmented Dataset\Nutrition Deficiency\Nutrition Deficiency00085_shifted_1010.jpg || D:\AI_Agriculture_Dataset\RAW_DATASETS\Bottle_Gourd\BG05_CAIRrlder\CAIR-BGD-2025 Annotated Dataset\Bottle Gourd Disease Augmented Dataset\Nutrition Deficiency\Nutrition Deficiency00085_shifted_1016.jpg
1218,6bfc39081e5ec6971d798aa8764bf75361bed4c17a198d43d786df29314c7e52,4,WITHIN_DATASET,BG05_CAIR,D:\AI_Agriculture_Dataset\RAW_DATASETS\Bottle_Gourd\BG05_CAIRrlder\CAIR-BGD-2025 Annotated Dataset\Bottle Gourd Disease Augmented Dataset\Nutrition Deficiency\Nutrition Deficiency00086_flipped_1020.jpg || D:\AI_Agriculture_Dataset\RAW_DATASETS\Bottle_Gourd\BG05_CAIRrlder\CAIR-BGD-2025 Annotated Dataset\Bottle Gourd Disease Augmented Dataset\Nutrition Deficiency\Nutrition Deficiency00086_flipped_1026.jpg || D:\AI_Agriculture_Dataset\RAW_DATASETS\Bottle_Gourd\BG05_CAIRrlder\CAIR-BGD-2025 Annotated Dataset\Bottle Gourd Disease Augmented Dataset\Nutrition Deficiency\Nutrition Deficiency00086_flipped_1321.jpg || D:\AI_Agriculture_Dataset\RAW_DATASETS\Bottle_Gourd\BG05_CAIRrlder\CAIR-BGD-2025 Annotated Dataset\Bottle Gourd Disease Augmented Dataset\Nutrition Deficiency\Nutrition Deficiency00086_flipped_1398.jpg
1219,a09abb168ca80806d3dc0b230d58b561bfea628b28d2702739812b4170cd98c2,2,WITHIN_DATASET,BG05_CAIR,D:\AI_Agriculture_Dataset\RAW_DATASETS\Bottle_Gourd\BG05_CAIRrlder\CAIR-BGD-2025 Annotated Dataset\Bottle Gourd Disease Augmented Dataset\Nutrition Deficiency\Nutrition Deficiency00086_rotated_1021.jpg || D:\AI_Agriculture_Dataset\RAW_DATASETS\Bottle_Gourd\BG05_CAIRrlder\CAIR-BGD-2025 Annotated Dataset\Bottle Gourd Disease Augmented Dataset\Nutrition Deficiency\Nutrition Deficiency00086_rotated_1027.jpg
1220,95105a5fde7add5d641c9080237b97412a5ec554144e208ddae06a2cc8373c70,2,WITHIN_DATASET,BG05_CAIR,D:\AI_Agriculture_Dataset\RAW_DATASETS\Bottle_Gourd\BG05_CAIRrlder\CAIR-BGD-2025 Annotated Dataset\Bottle Gourd Disease Augmented Dataset\Nutrition Deficiency\Nutrition Deficiency00086_shifted_1022.jpg || D:\AI_Agriculture_Dataset\RAW_DATASETS\Bottle_Gourd\BG05_CAIRrlder\CAIR-BGD-2025 Annotated Dataset\Bottle Gourd Disease Augmented Dataset\Nutrition Deficiency\Nutrition Deficiency00086_shifted_1028.jpg
1221,12b731847026af82f88721a89facf4b78ff8fb6f7296b149fb5c22df7f179cd4,2,WITHIN_DATASET,BG05_CAIR,D:\AI_Agriculture_Dataset\RAW_DATASETS\Bottle_Gourd\BG05_CAIRrlder\CAIR-BGD-2025 Annotated Dataset\Bottle Gourd Disease Augmented Dataset\Nutrition Deficiency\Nutrition Deficiency00087_flipped_1032.jpg || D:\AI_Agriculture_Dataset\RAW_DATASETS\Bottle_Gourd\BG05_CAIRrlder\CAIR-BGD-2025 Annotated Dataset\Bottle Gourd Disease Augmented Dataset\Nutrition Deficiency\Nutrition Deficiency00087_flipped_1038.jpg
1222,e6d0c7aaee809f58958a9257d45b518aa7473bd87402ef94d0159021afc8d8f8,3,WITHIN_DATASET,BG05_CAIR,D:\AI_Agriculture_Dataset\RAW_DATASETS\Bottle_Gourd\BG05_CAIRrlder\CAIR-BGD-2025 Annotated Dataset\Bottle Gourd Disease Augmented Dataset\Nutrition Deficiency\Nutrition Deficiency00087_rotated_1033.jpg || D:\AI_Agriculture_Dataset\RAW_DATASETS\Bottle_Gourd\BG05_CAIRrlder\CAIR-BGD-2025 Annotated Dataset\Bottle Gourd Disease Augmented Dataset\Nutrition Deficiency\Nutrition Deficiency00087_rotated_1039.jpg || D:\AI_Agriculture_Dataset\RAW_DATASETS\Bottle_Gourd\BG05_CAIRrlder\CAIR-BGD-2025 Annotated Dataset\Bottle Gourd Disease Augmented Dataset\Nutrition Deficiency\Nutrition Deficiency00087_rotated_1217.jpg
1223,cf5a97ee0a93d3174f9f1c90e2c45bc50eb78322ea64fcf59cda433490a1e438,2,WITHIN_DATASET,BG05_CAIR,D:\AI_Agriculture_Dataset\RAW_DATASETS\Bottle_Gourd\BG05_CAIRrlder\CAIR-BGD-2025 Annotated Dataset\Bottle Gourd Disease Augmented Dataset\Nutrition Deficiency\Nutrition Deficiency00087_shifted_1034.jpg || D:\AI_Agriculture_Dataset\RAW_DATASETS\Bottle_Gourd\BG05_CAIRrlder\CAIR-BGD-2025 Annotated Dataset\Bottle Gourd Disease Augmented Dataset\Nutrition Deficiency\Nutrition Deficiency00087_shifted_1040.jpg
1224,384b6fad07e3a99c714151b2e730ed793647bb47cb87deb35648987666ddbafa,3,WITHIN_DATASET,BG05_CAIR,D:\AI_Agriculture_Dataset\RAW_DATASETS\Bottle_Gourd\BG05_CAIRrlder\CAIR-BGD-2025 Annotated Dataset\Bottle Gourd Disease Augmented Dataset\Nutrition Deficiency\Nutrition Deficiency00088_flipped_1044.jpg || D:\AI_Agriculture_Dataset\RAW_DATASETS\Bottle_Gourd\BG05_CAIRrlder\CAIR-BGD-2025 Annotated Dataset\Bottle Gourd Disease Augmented Dataset\Nutrition Deficiency\Nutrition Deficiency00088_flipped_1050.jpg || D:\AI_Agriculture_Dataset\RAW_DATASETS\Bottle_Gourd\BG05_CAIRrlder\CAIR-BGD-2025 Annotated Dataset\Bottle Gourd Disease Augmented Dataset\Nutrition Deficiency\Nutrition Deficiency00088_flipped_1352.jpg
1225,d662f809ad04133b2a34baa69d580cc419210b7b78a9c0b428bd44ab3243e30e,2,WITHIN_DATASET,BG05_CAIR,D:\AI_Agriculture_Dataset\RAW_DATASETS\Bottle_Gourd\BG05_CAIRrlder\CAIR-BGD-2025 Annotated Dataset\Bottle Gourd Disease Augmented Dataset\Nutrition Deficiency\Nutrition Deficiency00088_rotated_1045.jpg || D:\AI_Agriculture_Dataset\RAW_DATASETS\Bottle_Gourd\BG05_CAIRrlder\CAIR-BGD-2025 Annotated Dataset\Bottle Gourd Disease Augmented Dataset\Nutrition Deficiency\Nutrition Deficiency00088_rotated_1051.jpg
1226,6ab849c760152cab618ae9cf4064357424269da33025f889caee38cfcb5e09b3,2,WITHIN_DATASET,BG05_CAIR,D:\AI_Agriculture_Dataset\RAW_DATASETS\Bottle_Gourd\BG05_CAIRrlder\CAIR-BGD-2025 Annotated Dataset\Bottle Gourd Disease Augmented Dataset\Nutrition Deficiency\Nutrition Deficiency00088_shifted_1046.jpg || D:\AI_Agriculture_Dataset\RAW_DATASETS\Bottle_Gourd\BG05_CAIRrlder\CAIR-BGD-2025 Annotated Dataset\Bottle Gourd Disease Augmented Dataset\Nutrition Deficiency\Nutrition Deficiency00088_shifted_1052.jpg
1227,7102bc8717b8d4f7c1edaae766641ece8e22beeef28c611b12162368153c2ec2,3,WITHIN_DATASET,BG05_CAIR,D:\AI_Agriculture_Dataset\RAW_DATASETS\Bottle_Gourd\BG05_CAIRrlder\CAIR-BGD-2025 Annotated Dataset\Bottle Gourd Disease Augmented Dataset\Nutrition Deficiency\Nutrition Deficiency00089_flipped_1056.jpg || D:\AI_Agriculture_Dataset\RAW_DATASETS\Bottle_Gourd\BG05_CAIRrlder\CAIR-BGD-2025 Annotated Dataset\Bottle Gourd Disease Augmented Dataset\Nutrition Deficiency\Nutrition Deficiency00089_flipped_1062.jpg || D:\AI_Agriculture_Dataset\RAW_DATASETS\Bottle_Gourd\BG05_CAIRrlder\CAIR-BGD-2025 Annotated Dataset\Bottle Gourd Disease Augmented Dataset\Nutrition Deficiency\Nutrition Deficiency00089_flipped_1368.jpg
1228,5d636b8adc92a7c8ca0a9bbe66a86f2d2612ac496a92bb56b734ad551f69d369,3,WITHIN_DATASET,BG05_CAIR,D:\AI_Agriculture_Dataset\RAW_DATASETS\Bottle_Gourd\BG05_CAIRrlder\CAIR-BGD-2025 Annotated Dataset\Bottle Gourd Disease Augmented Dataset\Nutrition Deficiency\Nutrition Deficiency00089_rotated_1057.jpg || D:\AI_Agriculture_Dataset\RAW_DATASETS\Bottle_Gourd\BG05_CAIRrlder\CAIR-BGD-2025 Annotated Dataset\Bottle Gourd Disease Augmented Dataset\Nutrition Deficiency\Nutrition Deficiency00089_rotated_1063.jpg || D:\AI_Agriculture_Dataset\RAW_DATASETS\Bottle_Gourd\BG05_CAIRrlder\CAIR-BGD-2025 Annotated Dataset\Bottle Gourd Disease Augmented Dataset\Nutrition Deficiency\Nutrition Deficiency00089_rotated_1402.jpg
1229,7f3e05ce52138c2f2cf82c25c3a7b2c6f5a0e5179c7e7361e8085749206c6721,2,WITHIN_DATASET,BG05_CAIR,D:\AI_Agriculture_Dataset\RAW_DATASETS\Bottle_Gourd\BG05_CAIRrlder\CAIR-BGD-2025 Annotated Dataset\Bottle Gourd Disease Augmented Dataset\Nutrition Deficiency\Nutrition Deficiency00089_shifted_1058.jpg || D:\AI_Agriculture_Dataset\RAW_DATASETS\Bottle_Gourd\BG05_CAIRrlder\CAIR-BGD-2025 Annotated Dataset\Bottle Gourd Disease Augmented Dataset\Nutrition Deficiency\Nutrition Deficiency00089_shifted_1064.jpg
1230,a362240cadbe8003ab629c7c0d5500ca2fe54f4a9a95c12cf29c7b6aa4d03c83,2,WITHIN_DATASET,BG05_CAIR,D:\AI_Agriculture_Dataset\RAW_DATASETS\Bottle_Gourd\BG05_CAIRrlder\CAIR-BGD-2025 Annotated Dataset\Bottle Gourd Disease Augmented Dataset\Nutrition Deficiency\Nutrition Deficiency00090_flipped_1068.jpg || D:\AI_Agriculture_Dataset\RAW_DATASETS\Bottle_Gourd\BG05_CAIRrlder\CAIR-BGD-2025 Annotated Dataset\Bottle Gourd Disease Augmented Dataset\Nutrition Deficiency\Nutrition Deficiency00090_flipped_1074.jpg
1231,6e53c2d5eb0611fbb94a78cccac09627520a9e7c19ca5788e65180aa0944271c,2,WITHIN_DATASET,BG05_CAIR,D:\AI_Agriculture_Dataset\RAW_DATASETS\Bottle_Gourd\BG05_CAIRrlder\CAIR-BGD-2025 Annotated Dataset\Bottle Gourd Disease Augmented Dataset\Nutrition Deficiency\Nutrition Deficiency00090_rotated_1069.jpg || D:\AI_Agriculture_Dataset\RAW_DATASETS\Bottle_Gourd\BG05_CAIRrlder\CAIR-BGD-2025 Annotated Dataset\Bottle Gourd Disease Augmented Dataset\Nutrition Deficiency\Nutrition Deficiency00090_rotated_1075.jpg
1232,267ee8b63a4d0e2ccfa541d9181c724ba13a3cec0bad0fb3d23dd52fec913fae,4,WITHIN_DATASET,BG05_CAIR,D:\AI_Agriculture_Dataset\RAW_DATASETS\Bottle_Gourd\BG05_CAIRrlder\CAIR-BGD-2025 Annotated Dataset\Bottle Gourd Disease Augmented Dataset\Nutrition Deficiency\Nutrition Deficiency00090_shifted_1070.jpg || D:\AI_Agriculture_Dataset\RAW_DATASETS\Bottle_Gourd\BG05_CAIRrlder\CAIR-BGD-2025 Annotated Dataset\Bottle Gourd Disease Augmented Dataset\Nutrition Deficiency\Nutrition Deficiency00090_shifted_1076.jpg || D:\AI_Agriculture_Dataset\RAW_DATASETS\Bottle_Gourd\BG05_CAIRrlder\CAIR-BGD-2025 Annotated Dataset\Bottle Gourd Disease Augmented Dataset\Nutrition Deficiency\Nutrition Deficiency00090_shifted_1264.jpg || D:\AI_Agriculture_Dataset\RAW_DATASETS\Bottle_Gourd\BG05_CAIRrlder\CAIR-BGD-2025 Annotated Dataset\Bottle Gourd Disease Augmented Dataset\Nutrition Deficiency\Nutrition Deficiency00090_shifted_1473.jpg
1233,4454ac114053cb159706d919bdefbc7b62c0bfe4c0241facb55376eba7f4f6a9,3,WITHIN_DATASET,BG05_CAIR,D:\AI_Agriculture_Dataset\RAW_DATASETS\Bottle_Gourd\BG05_CAIRrlder\CAIR-BGD-2025 Annotated Dataset\Bottle Gourd Disease Augmented Dataset\Nutrition Deficiency\Nutrition Deficiency00091_flipped_1080.jpg || D:\AI_Agriculture_Dataset\RAW_DATASETS\Bottle_Gourd\BG05_CAIRrlder\CAIR-BGD-2025 Annotated Dataset\Bottle Gourd Disease Augmented Dataset\Nutrition Deficiency\Nutrition Deficiency00091_flipped_1086.jpg || D:\AI_Agriculture_Dataset\RAW_DATASETS\Bottle_Gourd\BG05_CAIRrlder\CAIR-BGD-2025 Annotated Dataset\Bottle Gourd Disease Augmented Dataset\Nutrition Deficiency\Nutrition Deficiency00091_flipped_1220.jpg
1234,580e5dcf22289d3f7b5c71ea73eb526169cdf3ef4b2bb9b22dfe527aa7b3695f,2,WITHIN_DATASET,BG05_CAIR,D:\AI_Agriculture_Dataset\RAW_DATASETS\Bottle_Gourd\BG05_CAIRrlder\CAIR-BGD-2025 Annotated Dataset\Bottle Gourd Disease Augmented Dataset\Nutrition Deficiency\Nutrition Deficiency00091_rotated_1081.jpg || D:\AI_Agriculture_Dataset\RAW_DATASETS\Bottle_Gourd\BG05_CAIRrlder\CAIR-BGD-2025 Annotated Dataset\Bottle Gourd Disease Augmented Dataset\Nutrition Deficiency\Nutrition Deficiency00091_rotated_1087.jpg
1235,0acb7a0c8be6437c74c1b756775ad72a1a88ceb3af0b59d4601d945acff19130,2,WITHIN_DATASET,BG05_CAIR,D:\AI_Agriculture_Dataset\RAW_DATASETS\Bottle_Gourd\BG05_CAIRrlder\CAIR-BGD-2025 Annotated Dataset\Bottle Gourd Disease Augmented Dataset\Nutrition Deficiency\Nutrition Deficiency00091_shifted_1082.jpg || D:\AI_Agriculture_Dataset\RAW_DATASETS\Bottle_Gourd\BG05_CAIRrlder\CAIR-BGD-2025 Annotated Dataset\Bottle Gourd Disease Augmented Dataset\Nutrition Deficiency\Nutrition Deficiency00091_shifted_1088.jpg
1236,fd294fb2f16c7b03605a0374fcea6183d79c817ec331b3cb0d29a16a17c5daa6,3,WITHIN_DATASET,BG05_CAIR,D:\AI_Agriculture_Dataset\RAW_DATASETS\Bottle_Gourd\BG05_CAIRrlder\CAIR-BGD-2025 Annotated Dataset\Bottle Gourd Disease Augmented Dataset\Nutrition Deficiency\Nutrition Deficiency00092_flipped_1092.jpg || D:\AI_Agriculture_Dataset\RAW_DATASETS\Bottle_Gourd\BG05_CAIRrlder\CAIR-BGD-2025 Annotated Dataset\Bottle Gourd Disease Augmented Dataset\Nutrition Deficiency\Nutrition Deficiency00092_flipped_1098.jpg || D:\AI_Agriculture_Dataset\RAW_DATASETS\Bottle_Gourd\BG05_CAIRrlder\CAIR-BGD-2025 Annotated Dataset\Bottle Gourd Disease Augmented Dataset\Nutrition Deficiency\Nutrition Deficiency00092_flipped_1230.jpg
1237,832d1ac7dc8b10c1585774ea849ac313fdf3974400b6e2e325714642618a48e9,2,WITHIN_DATASET,BG05_CAIR,D:\AI_Agriculture_Dataset\RAW_DATASETS\Bottle_Gourd\BG05_CAIRrlder\CAIR-BGD-2025 Annotated Dataset\Bottle Gourd Disease Augmented Dataset\Nutrition Deficiency\Nutrition Deficiency00092_rotated_1093.jpg || D:\AI_Agriculture_Dataset\RAW_DATASETS\Bottle_Gourd\BG05_CAIRrlder\CAIR-BGD-2025 Annotated Dataset\Bottle Gourd Disease Augmented Dataset\Nutrition Deficiency\Nutrition Deficiency00092_rotated_1099.jpg
1238,c9da8fb2717580c9440317ec2fa515be2a8af951b58fc95414c7399597507d9a,2,WITHIN_DATASET,BG05_CAIR,D:\AI_Agriculture_Dataset\RAW_DATASETS\Bottle_Gourd\BG05_CAIRrlder\CAIR-BGD-2025 Annotated Dataset\Bottle Gourd Disease Augmented Dataset\Nutrition Deficiency\Nutrition Deficiency00092_shifted_1094.jpg || D:\AI_Agriculture_Dataset\RAW_DATASETS\Bottle_Gourd\BG05_CAIRrlder\CAIR-BGD-2025 Annotated Dataset\Bottle Gourd Disease Augmented Dataset\Nutrition Deficiency\Nutrition Deficiency00092_shifted_1100.jpg
1239,81f0f45e24c70cd7b94abcf0de110a4d445279d1f676665673f6b44ee0a6ea71,2,WITHIN_DATASET,BG05_CAIR,D:\AI_Agriculture_Dataset\RAW_DATASETS\Bottle_Gourd\BG05_CAIRrlder\CAIR-BGD-2025 Annotated Dataset\Bottle Gourd Disease Augmented Dataset\Nutrition Deficiency\Nutrition Deficiency00093_flipped_1104.jpg || D:\AI_Agriculture_Dataset\RAW_DATASETS\Bottle_Gourd\BG05_CAIRrlder\CAIR-BGD-2025 Annotated Dataset\Bottle Gourd Disease Augmented Dataset\Nutrition Deficiency\Nutrition Deficiency00093_flipped_1110.jpg
1240,03c6432ffc2d7e2abc293f13f3f7fd2972be3c3fc82a917dcf08f330cb980e83,5,WITHIN_DATASET,BG05_CAIR,D:\AI_Agriculture_Dataset\RAW_DATASETS\Bottle_Gourd\BG05_CAIRrlder\CAIR-BGD-2025 Annotated Dataset\Bottle Gourd Disease Augmented Dataset\Nutrition Deficiency\Nutrition Deficiency00093_rotated_1105.jpg || D:\AI_Agriculture_Dataset\RAW_DATASETS\Bottle_Gourd\BG05_CAIRrlder\CAIR-BGD-2025 Annotated Dataset\Bottle Gourd Disease Augmented Dataset\Nutrition Deficiency\Nutrition Deficiency00093_rotated_1111.jpg || D:\AI_Agriculture_Dataset\RAW_DATASETS\Bottle_Gourd\BG05_CAIRrlder\CAIR-BGD-2025 Annotated Dataset\Bottle Gourd Disease Augmented Dataset\Nutrition Deficiency\Nutrition Deficiency00093_rotated_1356.jpg || D:\AI_Agriculture_Dataset\RAW_DATASETS\Bottle_Gourd\BG05_CAIRrlder\CAIR-BGD-2025 Annotated Dataset\Bottle Gourd Disease Augmented Dataset\Nutrition Deficiency\Nutrition Deficiency00093_rotated_1424.jpg || D:\AI_Agriculture_Dataset\RAW_DATASETS\Bottle_Gourd\BG05_CAIRrlder\CAIR-BGD-2025 Annotated Dataset\Bottle Gourd Disease Augmented Dataset\Nutrition Deficiency\Nutrition Deficiency00093_rotated_1478.jpg
1241,6555f96fa8e4bfb478f78bd53598fba8b2f54db8c0a05aba70ae4acc902ac12f,3,WITHIN_DATASET,BG05_CAIR,D:\AI_Agriculture_Dataset\RAW_DATASETS\Bottle_Gourd\BG05_CAIRrlder\CAIR-BGD-2025 Annotated Dataset\Bottle Gourd Disease Augmented Dataset\Nutrition Deficiency\Nutrition Deficiency00093_shifted_1106.jpg || D:\AI_Agriculture_Dataset\RAW_DATASETS\Bottle_Gourd\BG05_CAIRrlder\CAIR-BGD-2025 Annotated Dataset\Bottle Gourd Disease Augmented Dataset\Nutrition Deficiency\Nutrition Deficiency00093_shifted_1112.jpg || D:\AI_Agriculture_Dataset\RAW_DATASETS\Bottle_Gourd\BG05_CAIRrlder\CAIR-BGD-2025 Annotated Dataset\Bottle Gourd Disease Augmented Dataset\Nutrition Deficiency\Nutrition Deficiency00093_shifted_1385.jpg
1242,967d749f44d95d99bacb6e694eb8248d20359b9f2d227de5d1d9aed26cfba95f,3,WITHIN_DATASET,BG05_CAIR,D:\AI_Agriculture_Dataset\RAW_DATASETS\Bottle_Gourd\BG05_CAIRrlder\CAIR-BGD-2025 Annotated Dataset\Bottle Gourd Disease Augmented Dataset\Nutrition Deficiency\Nutrition Deficiency00094_flipped_1116.jpg || D:\AI_Agriculture_Dataset\RAW_DATASETS\Bottle_Gourd\BG05_CAIRrlder\CAIR-BGD-2025 Annotated Dataset\Bottle Gourd Disease Augmented Dataset\Nutrition Deficiency\Nutrition Deficiency00094_flipped_1122.jpg || D:\AI_Agriculture_Dataset\RAW_DATASETS\Bottle_Gourd\BG05_CAIRrlder\CAIR-BGD-2025 Annotated Dataset\Bottle Gourd Disease Augmented Dataset\Nutrition Deficiency\Nutrition Deficiency00094_flipped_1203.jpg
1243,32fe946108aa61568c180911864c107559355f4d9cef4b18c9f90d5694a60fe1,2,WITHIN_DATASET,BG05_CAIR,D:\AI_Agriculture_Dataset\RAW_DATASETS\Bottle_Gourd\BG05_CAIRrlder\CAIR-BGD-2025 Annotated Dataset\Bottle Gourd Disease Augmented Dataset\Nutrition Deficiency\Nutrition Deficiency00094_rotated_1117.jpg || D:\AI_Agriculture_Dataset\RAW_DATASETS\Bottle_Gourd\BG05_CAIRrlder\CAIR-BGD-2025 Annotated Dataset\Bottle Gourd Disease Augmented Dataset\Nutrition Deficiency\Nutrition Deficiency00094_rotated_1123.jpg
1244,b518fcf06bb0073d967c62ec844184f1e9b914a29458370cf14020ff4f350781,2,WITHIN_DATASET,BG05_CAIR,D:\AI_Agriculture_Dataset\RAW_DATASETS\Bottle_Gourd\BG05_CAIRrlder\CAIR-BGD-2025 Annotated Dataset\Bottle Gourd Disease Augmented Dataset\Nutrition Deficiency\Nutrition Deficiency00094_shifted_1118.jpg || D:\AI_Agriculture_Dataset\RAW_DATASETS\Bottle_Gourd\BG05_CAIRrlder\CAIR-BGD-2025 Annotated Dataset\Bottle Gourd Disease Augmented Dataset\Nutrition Deficiency\Nutrition Deficiency00094_shifted_1124.jpg
1245,7e780aa0662da865b108358c08ed1d3960b4486049d3add573af8f910be77bfe,2,WITHIN_DATASET,BG05_CAIR,D:\AI_Agriculture_Dataset\RAW_DATASETS\Bottle_Gourd\BG05_CAIRrlder\CAIR-BGD-2025 Annotated Dataset\Bottle Gourd Disease Augmented Dataset\Nutrition Deficiency\Nutrition Deficiency00095_flipped_1128.jpg || D:\AI_Agriculture_Dataset\RAW_DATASETS\Bottle_Gourd\BG05_CAIRrlder\CAIR-BGD-2025 Annotated Dataset\Bottle Gourd Disease Augmented Dataset\Nutrition Deficiency\Nutrition Deficiency00095_flipped_1134.jpg
1246,06ffc0fb6e381a8edd41175bc74e05ce3a2179bd24d7626084d2785bb1d6a298,3,WITHIN_DATASET,BG05_CAIR,D:\AI_Agriculture_Dataset\RAW_DATASETS\Bottle_Gourd\BG05_CAIRrlder\CAIR-BGD-2025 Annotated Dataset\Bottle Gourd Disease Augmented Dataset\Nutrition Deficiency\Nutrition Deficiency00095_rotated_1129.jpg || D:\AI_Agriculture_Dataset\RAW_DATASETS\Bottle_Gourd\BG05_CAIRrlder\CAIR-BGD-2025 Annotated Dataset\Bottle Gourd Disease Augmented Dataset\Nutrition Deficiency\Nutrition Deficiency00095_rotated_1135.jpg || D:\AI_Agriculture_Dataset\RAW_DATASETS\Bottle_Gourd\BG05_CAIRrlder\CAIR-BGD-2025 Annotated Dataset\Bottle Gourd Disease Augmented Dataset\Nutrition Deficiency\Nutrition Deficiency00095_rotated_1450.jpg
1247,f7e32f072bab6f5656590d99f81441e846e5337936ae27eb452e0dba2f89812f,2,WITHIN_DATASET,BG05_CAIR,D:\AI_Agriculture_Dataset\RAW_DATASETS\Bottle_Gourd\BG05_CAIRrlder\CAIR-BGD-2025 Annotated Dataset\Bottle Gourd Disease Augmented Dataset\Nutrition Deficiency\Nutrition Deficiency00095_shifted_1130.jpg || D:\AI_Agriculture_Dataset\RAW_DATASETS\Bottle_Gourd\BG05_CAIRrlder\CAIR-BGD-2025 Annotated Dataset\Bottle Gourd Disease Augmented Dataset\Nutrition Deficiency\Nutrition Deficiency00095_shifted_1136.jpg
1248,9e104e892e74f09f24b8815340bee30647595014c171b24f76cd18b17082b0dc,7,WITHIN_DATASET,BG05_CAIR,D:\AI_Agriculture_Dataset\RAW_DATASETS\Bottle_Gourd\BG05_CAIRrlder\CAIR-BGD-2025 Annotated Dataset\Bottle Gourd Disease Augmented Dataset\Nutrition Deficiency\Nutrition Deficiency00096_flipped_1140.jpg || D:\AI_Agriculture_Dataset\RAW_DATASETS\Bottle_Gourd\BG05_CAIRrlder\CAIR-BGD-2025 Annotated Dataset\Bottle Gourd Disease Augmented Dataset\Nutrition Deficiency\Nutrition Deficiency00096_flipped_1146.jpg || D:\AI_Agriculture_Dataset\RAW_DATASETS\Bottle_Gourd\BG05_CAIRrlder\CAIR-BGD-2025 Annotated Dataset\Bottle Gourd Disease Augmented Dataset\Nutrition Deficiency\Nutrition Deficiency00096_flipped_1295.jpg || D:\AI_Agriculture_Dataset\RAW_DATASETS\Bottle_Gourd\BG05_CAIRrlder\CAIR-BGD-2025 Annotated Dataset\Bottle Gourd Disease Augmented Dataset\Nutrition Deficiency\Nutrition Deficiency00096_flipped_1341.jpg || D:\AI_Agriculture_Dataset\RAW_DATASETS\Bottle_Gourd\BG05_CAIRrlder\CAIR-BGD-2025 Annotated Dataset\Bottle Gourd Disease Augmented Dataset\Nutrition Deficiency\Nutrition Deficiency00096_flipped_1344.jpg || D:\AI_Agriculture_Dataset\RAW_DATASETS\Bottle_Gourd\BG05_CAIRrlder\CAIR-BGD-2025 Annotated Dataset\Bottle Gourd Disease Augmented Dataset\Nutrition Deficiency\Nutrition Deficiency00096_flipped_1446.jpg || D:\AI_Agriculture_Dataset\RAW_DATASETS\Bottle_Gourd\BG05_CAIRrlder\CAIR-BGD-2025 Annotated Dataset\Bottle Gourd Disease Augmented Dataset\Nutrition Deficiency\Nutrition Deficiency00096_flipped_1491.jpg
1249,067ed1cdb7f9e3a719f0ec30e9296a61bcf06945ee0ad6988cb62a84c7d0aa52,4,WITHIN_DATASET,BG05_CAIR,D:\AI_Agriculture_Dataset\RAW_DATASETS\Bottle_Gourd\BG05_CAIRrlder\CAIR-BGD-2025 Annotated Dataset\Bottle Gourd Disease Augmented Dataset\Nutrition Deficiency\Nutrition Deficiency00096_rotated_1141.jpg || D:\AI_Agriculture_Dataset\RAW_DATASETS\Bottle_Gourd\BG05_CAIRrlder\CAIR-BGD-2025 Annotated Dataset\Bottle Gourd Disease Augmented Dataset\Nutrition Deficiency\Nutrition Deficiency00096_rotated_1147.jpg || D:\AI_Agriculture_Dataset\RAW_DATASETS\Bottle_Gourd\BG05_CAIRrlder\CAIR-BGD-2025 Annotated Dataset\Bottle Gourd Disease Augmented Dataset\Nutrition Deficiency\Nutrition Deficiency00096_rotated_1233.jpg || D:\AI_Agriculture_Dataset\RAW_DATASETS\Bottle_Gourd\BG05_CAIRrlder\CAIR-BGD-2025 Annotated Dataset\Bottle Gourd Disease Augmented Dataset\Nutrition Deficiency\Nutrition Deficiency00096_rotated_1414.jpg
1250,ebd970437805b450cdcfeeef49bf97e138cea65327d70aab412567d11bdbded3,3,WITHIN_DATASET,BG05_CAIR,D:\AI_Agriculture_Dataset\RAW_DATASETS\Bottle_Gourd\BG05_CAIRrlder\CAIR-BGD-2025 Annotated Dataset\Bottle Gourd Disease Augmented Dataset\Nutrition Deficiency\Nutrition Deficiency00096_shifted_1142.jpg || D:\AI_Agriculture_Dataset\RAW_DATASETS\Bottle_Gourd\BG05_CAIRrlder\CAIR-BGD-2025 Annotated Dataset\Bottle Gourd Disease Augmented Dataset\Nutrition Deficiency\Nutrition Deficiency00096_shifted_1148.jpg || D:\AI_Agriculture_Dataset\RAW_DATASETS\Bottle_Gourd\BG05_CAIRrlder\CAIR-BGD-2025 Annotated Dataset\Bottle Gourd Disease Augmented Dataset\Nutrition Deficiency\Nutrition Deficiency00096_shifted_1406.jpg
1251,a762cb9f7f6d76517ae58a985f634b534c1144d868d1af9778adfbbffc5ae994,3,WITHIN_DATASET,BG05_CAIR,D:\AI_Agriculture_Dataset\RAW_DATASETS\Bottle_Gourd\BG05_CAIRrlder\CAIR-BGD-2025 Annotated Dataset\Bottle Gourd Disease Augmented Dataset\Nutrition Deficiency\Nutrition Deficiency00097_flipped_1152.jpg || D:\AI_Agriculture_Dataset\RAW_DATASETS\Bottle_Gourd\BG05_CAIRrlder\CAIR-BGD-2025 Annotated Dataset\Bottle Gourd Disease Augmented Dataset\Nutrition Deficiency\Nutrition Deficiency00097_flipped_1158.jpg || D:\AI_Agriculture_Dataset\RAW_DATASETS\Bottle_Gourd\BG05_CAIRrlder\CAIR-BGD-2025 Annotated Dataset\Bottle Gourd Disease Augmented Dataset\Nutrition Deficiency\Nutrition Deficiency00097_flipped_1416.jpg
1252,a9d421e03e9feee2f4c8adecbb467a9633104f61eec82ed0cae5f73c9426aa8c,3,WITHIN_DATASET,BG05_CAIR,D:\AI_Agriculture_Dataset\RAW_DATASETS\Bottle_Gourd\BG05_CAIRrlder\CAIR-BGD-2025 Annotated Dataset\Bottle Gourd Disease Augmented Dataset\Nutrition Deficiency\Nutrition Deficiency00097_rotated_1153.jpg || D:\AI_Agriculture_Dataset\RAW_DATASETS\Bottle_Gourd\BG05_CAIRrlder\CAIR-BGD-2025 Annotated Dataset\Bottle Gourd Disease Augmented Dataset\Nutrition Deficiency\Nutrition Deficiency00097_rotated_1159.jpg || D:\AI_Agriculture_Dataset\RAW_DATASETS\Bottle_Gourd\BG05_CAIRrlder\CAIR-BGD-2025 Annotated Dataset\Bottle Gourd Disease Augmented Dataset\Nutrition Deficiency\Nutrition Deficiency00097_rotated_1216.jpg
1253,a73f136adfc97c7ccb81a1bd6e68746ac6feacdfe3201a758f365f53491747d4,2,WITHIN_DATASET,BG05_CAIR,D:\AI_Agriculture_Dataset\RAW_DATASETS\Bottle_Gourd\BG05_CAIRrlder\CAIR-BGD-2025 Annotated Dataset\Bottle Gourd Disease Augmented Dataset\Nutrition Deficiency\Nutrition Deficiency00097_shifted_1154.jpg || D:\AI_Agriculture_Dataset\RAW_DATASETS\Bottle_Gourd\BG05_CAIRrlder\CAIR-BGD-2025 Annotated Dataset\Bottle Gourd Disease Augmented Dataset\Nutrition Deficiency\Nutrition Deficiency00097_shifted_1160.jpg
1254,631ec0fefe1800f7b1e00d1fbe23d471ddf9b6160a86afc6c23d4e8137f68622,2,WITHIN_DATASET,BG05_CAIR,D:\AI_Agriculture_Dataset\RAW_DATASETS\Bottle_Gourd\BG05_CAIRrlder\CAIR-BGD-2025 Annotated Dataset\Bottle Gourd Disease Augmented Dataset\Nutrition Deficiency\Nutrition Deficiency00098_flipped_1164.jpg || D:\AI_Agriculture_Dataset\RAW_DATASETS\Bottle_Gourd\BG05_CAIRrlder\CAIR-BGD-2025 Annotated Dataset\Bottle Gourd Disease Augmented Dataset\Nutrition Deficiency\Nutrition Deficiency00098_flipped_1170.jpg
1255,f23c70847e918998438da2dc5c07c60f7b87a2a50c5fdb2af80d75a2535be6da,2,WITHIN_DATASET,BG05_CAIR,D:\AI_Agriculture_Dataset\RAW_DATASETS\Bottle_Gourd\BG05_CAIRrlder\CAIR-BGD-2025 Annotated Dataset\Bottle Gourd Disease Augmented Dataset\Nutrition Deficiency\Nutrition Deficiency00098_rotated_1165.jpg || D:\AI_Agriculture_Dataset\RAW_DATASETS\Bottle_Gourd\BG05_CAIRrlder\CAIR-BGD-2025 Annotated Dataset\Bottle Gourd Disease Augmented Dataset\Nutrition Deficiency\Nutrition Deficiency00098_rotated_1171.jpg
1256,b74ee1077fb4f5bd7b4608e9f7efbcc4b275ad9cedd7edea1ab8d4cb3930d097,3,WITHIN_DATASET,BG05_CAIR,D:\AI_Agriculture_Dataset\RAW_DATASETS\Bottle_Gourd\BG05_CAIRrlder\CAIR-BGD-2025 Annotated Dataset\Bottle Gourd Disease Augmented Dataset\Nutrition Deficiency\Nutrition Deficiency00098_shifted_1166.jpg || D:\AI_Agriculture_Dataset\RAW_DATASETS\Bottle_Gourd\BG05_CAIRrlder\CAIR-BGD-2025 Annotated Dataset\Bottle Gourd Disease Augmented Dataset\Nutrition Deficiency\Nutrition Deficiency00098_shifted_1172.jpg || D:\AI_Agriculture_Dataset\RAW_DATASETS\Bottle_Gourd\BG05_CAIRrlder\CAIR-BGD-2025 Annotated Dataset\Bottle Gourd Disease Augmented Dataset\Nutrition Deficiency\Nutrition Deficiency00098_shifted_1409.jpg
1257,cbf91deb4f5f4ccfd013a3f42a8f93c69e980c05e3103309821afa0900f6bf92,2,WITHIN_DATASET,BG05_CAIR,D:\AI_Agriculture_Dataset\RAW_DATASETS\Bottle_Gourd\BG05_CAIRrlder\CAIR-BGD-2025 Annotated Dataset\Bottle Gourd Disease Augmented Dataset\Nutrition Deficiency\Nutrition Deficiency00099_flipped_1176.jpg || D:\AI_Agriculture_Dataset\RAW_DATASETS\Bottle_Gourd\BG05_CAIRrlder\CAIR-BGD-2025 Annotated Dataset\Bottle Gourd Disease Augmented Dataset\Nutrition Deficiency\Nutrition Deficiency00099_flipped_1182.jpg
1258,7eb0c738334b027cfbd6e9629528f90e2e9e6983ab8490d0f2cddbb90761ca29,3,WITHIN_DATASET,BG05_CAIR,D:\AI_Agriculture_Dataset\RAW_DATASETS\Bottle_Gourd\BG05_CAIRrlder\CAIR-BGD-2025 Annotated Dataset\Bottle Gourd Disease Augmented Dataset\Nutrition Deficiency\Nutrition Deficiency00099_rotated_1177.jpg || D:\AI_Agriculture_Dataset\RAW_DATASETS\Bottle_Gourd\BG05_CAIRrlder\CAIR-BGD-2025 Annotated Dataset\Bottle Gourd Disease Augmented Dataset\Nutrition Deficiency\Nutrition Deficiency00099_rotated_1183.jpg || D:\AI_Agriculture_Dataset\RAW_DATASETS\Bottle_Gourd\BG05_CAIRrlder\CAIR-BGD-2025 Annotated Dataset\Bottle Gourd Disease Augmented Dataset\Nutrition Deficiency\Nutrition Deficiency00099_rotated_1454.jpg
1259,d0abc5ec756173bf7f5d267c3cb53cce83e7b33a8ad37b2f0dff237a02d19947,2,WITHIN_DATASET,BG05_CAIR,D:\AI_Agriculture_Dataset\RAW_DATASETS\Bottle_Gourd\BG05_CAIRrlder\CAIR-BGD-2025 Annotated Dataset\Bottle Gourd Disease Augmented Dataset\Nutrition Deficiency\Nutrition Deficiency00099_shifted_1178.jpg || D:\AI_Agriculture_Dataset\RAW_DATASETS\Bottle_Gourd\BG05_CAIRrlder\CAIR-BGD-2025 Annotated Dataset\Bottle Gourd Disease Augmented Dataset\Nutrition Deficiency\Nutrition Deficiency00099_shifted_1184.jpg
1260,9ea335bd8a53b868be5f7d5f3f59ccbea88c3470eaa44752364baab88d2852e3,5,WITHIN_DATASET,BG05_CAIR,D:\AI_Agriculture_Dataset\RAW_DATASETS\Bottle_Gourd\BG05_CAIRrlder\CAIR-BGD-2025 Annotated Dataset\Bottle Gourd Disease Augmented Dataset\Nutrition Deficiency\Nutrition Deficiency00100_flipped_1188.jpg || D:\AI_Agriculture_Dataset\RAW_DATASETS\Bottle_Gourd\BG05_CAIRrlder\CAIR-BGD-2025 Annotated Dataset\Bottle Gourd Disease Augmented Dataset\Nutrition Deficiency\Nutrition Deficiency00100_flipped_1194.jpg || D:\AI_Agriculture_Dataset\RAW_DATASETS\Bottle_Gourd\BG05_CAIRrlder\CAIR-BGD-2025 Annotated Dataset\Bottle Gourd Disease Augmented Dataset\Nutrition Deficiency\Nutrition Deficiency00100_flipped_1265.jpg || D:\AI_Agriculture_Dataset\RAW_DATASETS\Bottle_Gourd\BG05_CAIRrlder\CAIR-BGD-2025 Annotated Dataset\Bottle Gourd Disease Augmented Dataset\Nutrition Deficiency\Nutrition Deficiency00100_flipped_1322.jpg || D:\AI_Agriculture_Dataset\RAW_DATASETS\Bottle_Gourd\BG05_CAIRrlder\CAIR-BGD-2025 Annotated Dataset\Bottle Gourd Disease Augmented Dataset\Nutrition Deficiency\Nutrition Deficiency00100_flipped_1480.jpg
1261,2274ddd796277d391022af53b516e0f6ca2951e4b52c1e930f8dea455f60e89f,3,WITHIN_DATASET,BG05_CAIR,D:\AI_Agriculture_Dataset\RAW_DATASETS\Bottle_Gourd\BG05_CAIRrlder\CAIR-BGD-2025 Annotated Dataset\Bottle Gourd Disease Augmented Dataset\Nutrition Deficiency\Nutrition Deficiency00100_rotated_1189.jpg || D:\AI_Agriculture_Dataset\RAW_DATASETS\Bottle_Gourd\BG05_CAIRrlder\CAIR-BGD-2025 Annotated Dataset\Bottle Gourd Disease Augmented Dataset\Nutrition Deficiency\Nutrition Deficiency00100_rotated_1195.jpg || D:\AI_Agriculture_Dataset\RAW_DATASETS\Bottle_Gourd\BG05_CAIRrlder\CAIR-BGD-2025 Annotated Dataset\Bottle Gourd Disease Augmented Dataset\Nutrition Deficiency\Nutrition Deficiency00100_rotated_1452.jpg
1262,7f01c1ed3b9fe1f549db14b743d946bfc6a4292015785367cf2d269f04b22af6,2,WITHIN_DATASET,BG05_CAIR,D:\AI_Agriculture_Dataset\RAW_DATASETS\Bottle_Gourd\BG05_CAIRrlder\CAIR-BGD-2025 Annotated Dataset\Bottle Gourd Disease Augmented Dataset\Nutrition Deficiency\Nutrition Deficiency00100_shifted_1190.jpg || D:\AI_Agriculture_Dataset\RAW_DATASETS\Bottle_Gourd\BG05_CAIRrlder\CAIR-BGD-2025 Annotated Dataset\Bottle Gourd Disease Augmented Dataset\Nutrition Deficiency\Nutrition Deficiency00100_shifted_1196.jpg
1263,383dcd27ee407be4e5a80b953cc3a6e764ee87ef0d8a313aedf1a6cfc8f73943,2,WITHIN_DATASET,BG05_CAIR,D:\AI_Agriculture_Dataset\RAW_DATASETS\Bottle_Gourd\BG05_CAIRrlder\CAIR-BGD-2025 Annotated Dataset\Bottle Gourd Disease Augmented Dataset\Pest Infestation\Pest Infestation00004_rotated_1377.jpg || D:\AI_Agriculture_Dataset\RAW_DATASETS\Bottle_Gourd\BG05_CAIRrlder\CAIR-BGD-2025 Annotated Dataset\Bottle Gourd Disease Augmented Dataset\Pest Infestation\Pest Infestation00004_rotated_19.jpg
1264,677aa61b1ae3daf98058270f541192bf5d34f8d8aa715a12c1f271de0c9876a1,2,WITHIN_DATASET,BG05_CAIR,D:\AI_Agriculture_Dataset\RAW_DATASETS\Bottle_Gourd\BG05_CAIRrlder\CAIR-BGD-2025 Annotated Dataset\Bottle Gourd Disease Augmented Dataset\Pest Infestation\Pest Infestation00014_flipped_1460.jpg || D:\AI_Agriculture_Dataset\RAW_DATASETS\Bottle_Gourd\BG05_CAIRrlder\CAIR-BGD-2025 Annotated Dataset\Bottle Gourd Disease Augmented Dataset\Pest Infestation\Pest Infestation00014_flipped_78.jpg
1265,33f5be0c7fa320968982687c13db5bee63e09adbd580566f7eb7b6c356dfa562,2,WITHIN_DATASET,BG05_CAIR,D:\AI_Agriculture_Dataset\RAW_DATASETS\Bottle_Gourd\BG05_CAIRrlder\CAIR-BGD-2025 Annotated Dataset\Bottle Gourd Disease Augmented Dataset\Pest Infestation\Pest Infestation00016_flipped_1499.jpg || D:\AI_Agriculture_Dataset\RAW_DATASETS\Bottle_Gourd\BG05_CAIRrlder\CAIR-BGD-2025 Annotated Dataset\Bottle Gourd Disease Augmented Dataset\Pest Infestation\Pest Infestation00016_flipped_90.jpg
1266,96a7f4f4b6b78fa15ff4e5b4f51bc33d458ec3937ef1f5cac34059c9712dc42f,2,WITHIN_DATASET,BG05_CAIR,D:\AI_Agriculture_Dataset\RAW_DATASETS\Bottle_Gourd\BG05_CAIRrlder\CAIR-BGD-2025 Annotated Dataset\Bottle Gourd Disease Augmented Dataset\Pest Infestation\Pest Infestation00016_shifted_1435.jpg || D:\AI_Agriculture_Dataset\RAW_DATASETS\Bottle_Gourd\BG05_CAIRrlder\CAIR-BGD-2025 Annotated Dataset\Bottle Gourd Disease Augmented Dataset\Pest Infestation\Pest Infestation00016_shifted_92.jpg
1267,35d4607651e434ba759b7ed154c7f6217c5a55985b737593db5ef9a5c7f6e5ad,2,WITHIN_DATASET,BG05_CAIR,D:\AI_Agriculture_Dataset\RAW_DATASETS\Bottle_Gourd\BG05_CAIRrlder\CAIR-BGD-2025 Annotated Dataset\Bottle Gourd Disease Augmented Dataset\Pest Infestation\Pest Infestation00020_flipped_114.jpg || D:\AI_Agriculture_Dataset\RAW_DATASETS\Bottle_Gourd\BG05_CAIRrlder\CAIR-BGD-2025 Annotated Dataset\Bottle Gourd Disease Augmented Dataset\Pest Infestation\Pest Infestation00020_flipped_1497.jpg
1268,c646c8db8d8241fa66c63e93251054bc2641e8b6b14ca64f7d428944b9cf05e2,2,WITHIN_DATASET,BG05_CAIR,D:\AI_Agriculture_Dataset\RAW_DATASETS\Bottle_Gourd\BG05_CAIRrlder\CAIR-BGD-2025 Annotated Dataset\Bottle Gourd Disease Augmented Dataset\Pest Infestation\Pest Infestation00022_shifted_128.jpg || D:\AI_Agriculture_Dataset\RAW_DATASETS\Bottle_Gourd\BG05_CAIRrlder\CAIR-BGD-2025 Annotated Dataset\Bottle Gourd Disease Augmented Dataset\Pest Infestation\Pest Infestation00022_shifted_1442.jpg
1269,54668a7669c3adf27fc3f0e0be1cc41b192c08ba8e19a5a41fbfcfba61630fa2,2,WITHIN_DATASET,BG05_CAIR,D:\AI_Agriculture_Dataset\RAW_DATASETS\Bottle_Gourd\BG05_CAIRrlder\CAIR-BGD-2025 Annotated Dataset\Bottle Gourd Disease Augmented Dataset\Pest Infestation\Pest Infestation00024_flipped_138.jpg || D:\AI_Agriculture_Dataset\RAW_DATASETS\Bottle_Gourd\BG05_CAIRrlder\CAIR-BGD-2025 Annotated Dataset\Bottle Gourd Disease Augmented Dataset\Pest Infestation\Pest Infestation00024_flipped_1466.jpg
1270,0953a42250e6353c53efdb56a94095d7c1bb24ceeedf91ca3f5480c0555dd393,3,WITHIN_DATASET,BG05_CAIR,D:\AI_Agriculture_Dataset\RAW_DATASETS\Bottle_Gourd\BG05_CAIRrlder\CAIR-BGD-2025 Annotated Dataset\Bottle Gourd Disease Augmented Dataset\Pest Infestation\Pest Infestation00024_shifted_1333.jpg || D:\AI_Agriculture_Dataset\RAW_DATASETS\Bottle_Gourd\BG05_CAIRrlder\CAIR-BGD-2025 Annotated Dataset\Bottle Gourd Disease Augmented Dataset\Pest Infestation\Pest Infestation00024_shifted_140.jpg || D:\AI_Agriculture_Dataset\RAW_DATASETS\Bottle_Gourd\BG05_CAIRrlder\CAIR-BGD-2025 Annotated Dataset\Bottle Gourd Disease Augmented Dataset\Pest Infestation\Pest Infestation00024_shifted_1445.jpg
1271,7523e1e704cc732999eecfa86defc4c34f43c49dc961cc2385e410bb781a5d9b,2,WITHIN_DATASET,BG05_CAIR,D:\AI_Agriculture_Dataset\RAW_DATASETS\Bottle_Gourd\BG05_CAIRrlder\CAIR-BGD-2025 Annotated Dataset\Bottle Gourd Disease Augmented Dataset\Pest Infestation\Pest Infestation00025_flipped_1359.jpg || D:\AI_Agriculture_Dataset\RAW_DATASETS\Bottle_Gourd\BG05_CAIRrlder\CAIR-BGD-2025 Annotated Dataset\Bottle Gourd Disease Augmented Dataset\Pest Infestation\Pest Infestation00025_flipped_144.jpg
1272,c9ed9d32bb37271f04d1461fa4c52b50d7a70d4c6937a6c82a6de0bbf67eeef8,2,WITHIN_DATASET,BG05_CAIR,D:\AI_Agriculture_Dataset\RAW_DATASETS\Bottle_Gourd\BG05_CAIRrlder\CAIR-BGD-2025 Annotated Dataset\Bottle Gourd Disease Augmented Dataset\Pest Infestation\Pest Infestation00025_shifted_1358.jpg || D:\AI_Agriculture_Dataset\RAW_DATASETS\Bottle_Gourd\BG05_CAIRrlder\CAIR-BGD-2025 Annotated Dataset\Bottle Gourd Disease Augmented Dataset\Pest Infestation\Pest Infestation00025_shifted_146.jpg
1273,5bc9e4f2078189478acb28f2a0c811f39fa8d9b59204faf711f92bb650422c24,2,WITHIN_DATASET,BG05_CAIR,D:\AI_Agriculture_Dataset\RAW_DATASETS\Bottle_Gourd\BG05_CAIRrlder\CAIR-BGD-2025 Annotated Dataset\Bottle Gourd Disease Augmented Dataset\Pest Infestation\Pest Infestation00026_shifted_1489.jpg || D:\AI_Agriculture_Dataset\RAW_DATASETS\Bottle_Gourd\BG05_CAIRrlder\CAIR-BGD-2025 Annotated Dataset\Bottle Gourd Disease Augmented Dataset\Pest Infestation\Pest Infestation00026_shifted_152.jpg
1274,a2a7d4658cabf7d905b11048fb0f6834f49adc95828b219098d23acc8435cebe,2,WITHIN_DATASET,BG05_CAIR,D:\AI_Agriculture_Dataset\RAW_DATASETS\Bottle_Gourd\BG05_CAIRrlder\CAIR-BGD-2025 Annotated Dataset\Bottle Gourd Disease Augmented Dataset\Pest Infestation\Pest Infestation00027_shifted_1420.jpg || D:\AI_Agriculture_Dataset\RAW_DATASETS\Bottle_Gourd\BG05_CAIRrlder\CAIR-BGD-2025 Annotated Dataset\Bottle Gourd Disease Augmented Dataset\Pest Infestation\Pest Infestation00027_shifted_158.jpg
1275,c8d62b86805bf852e70acff3de48b35285e256cb6271968f4c80c72d135f3dfc,2,WITHIN_DATASET,BG05_CAIR,D:\AI_Agriculture_Dataset\RAW_DATASETS\Bottle_Gourd\BG05_CAIRrlder\CAIR-BGD-2025 Annotated Dataset\Bottle Gourd Disease Augmented Dataset\Pest Infestation\Pest Infestation00029_shifted_1340.jpg || D:\AI_Agriculture_Dataset\RAW_DATASETS\Bottle_Gourd\BG05_CAIRrlder\CAIR-BGD-2025 Annotated Dataset\Bottle Gourd Disease Augmented Dataset\Pest Infestation\Pest Infestation00029_shifted_170.jpg
1276,05b0f49095ae384a0b46eb21d9527bbdada055c53a2e642969dc61a9f1228026,2,WITHIN_DATASET,BG05_CAIR,D:\AI_Agriculture_Dataset\RAW_DATASETS\Bottle_Gourd\BG05_CAIRrlder\CAIR-BGD-2025 Annotated Dataset\Bottle Gourd Disease Augmented Dataset\Pest Infestation\Pest Infestation00030_flipped_1343.jpg || D:\AI_Agriculture_Dataset\RAW_DATASETS\Bottle_Gourd\BG05_CAIRrlder\CAIR-BGD-2025 Annotated Dataset\Bottle Gourd Disease Augmented Dataset\Pest Infestation\Pest Infestation00030_flipped_174.jpg
1277,ab8fbb1aa56b6fa028e797597cd5e453dae402e81b93fe04466953cde5051775,2,WITHIN_DATASET,BG05_CAIR,D:\AI_Agriculture_Dataset\RAW_DATASETS\Bottle_Gourd\BG05_CAIRrlder\CAIR-BGD-2025 Annotated Dataset\Bottle Gourd Disease Augmented Dataset\Pest Infestation\Pest Infestation00032_rotated_1484.jpg || D:\AI_Agriculture_Dataset\RAW_DATASETS\Bottle_Gourd\BG05_CAIRrlder\CAIR-BGD-2025 Annotated Dataset\Bottle Gourd Disease Augmented Dataset\Pest Infestation\Pest Infestation00032_rotated_187.jpg
1278,81a338093feff627fd100a596654ab47c492e89168b11683b2495830fd1d2526,3,WITHIN_DATASET,BG05_CAIR,D:\AI_Agriculture_Dataset\RAW_DATASETS\Bottle_Gourd\BG05_CAIRrlder\CAIR-BGD-2025 Annotated Dataset\Bottle Gourd Disease Augmented Dataset\Pest Infestation\Pest Infestation00034_shifted_1326.jpg || D:\AI_Agriculture_Dataset\RAW_DATASETS\Bottle_Gourd\BG05_CAIRrlder\CAIR-BGD-2025 Annotated Dataset\Bottle Gourd Disease Augmented Dataset\Pest Infestation\Pest Infestation00034_shifted_1344.jpg || D:\AI_Agriculture_Dataset\RAW_DATASETS\Bottle_Gourd\BG05_CAIRrlder\CAIR-BGD-2025 Annotated Dataset\Bottle Gourd Disease Augmented Dataset\Pest Infestation\Pest Infestation00034_shifted_200.jpg
1279,81c1245c48bec82d8f1357f140602e15dc4ae45dc9bda528b7ec7e5ec5f49a69,2,WITHIN_DATASET,BG05_CAIR,D:\AI_Agriculture_Dataset\RAW_DATASETS\Bottle_Gourd\BG05_CAIRrlder\CAIR-BGD-2025 Annotated Dataset\Bottle Gourd Disease Augmented Dataset\Pest Infestation\Pest Infestation00044_rotated_1467.jpg || D:\AI_Agriculture_Dataset\RAW_DATASETS\Bottle_Gourd\BG05_CAIRrlder\CAIR-BGD-2025 Annotated Dataset\Bottle Gourd Disease Augmented Dataset\Pest Infestation\Pest Infestation00044_rotated_259.jpg
1280,5eed034f6f42ccf37ff82d5beaa4c542cedf751d3b870f942b98435e02213107,2,WITHIN_DATASET,BG05_CAIR,D:\AI_Agriculture_Dataset\RAW_DATASETS\Bottle_Gourd\BG05_CAIRrlder\CAIR-BGD-2025 Annotated Dataset\Bottle Gourd Disease Augmented Dataset\Pest Infestation\Pest Infestation00044_shifted_1329.jpg || D:\AI_Agriculture_Dataset\RAW_DATASETS\Bottle_Gourd\BG05_CAIRrlder\CAIR-BGD-2025 Annotated Dataset\Bottle Gourd Disease Augmented Dataset\Pest Infestation\Pest Infestation00044_shifted_260.jpg
1281,9f07a201f533a922e1377da4f5eadd1a54d72b46f8def76f27acdae9ee2457fa,2,WITHIN_DATASET,BG05_CAIR,D:\AI_Agriculture_Dataset\RAW_DATASETS\Bottle_Gourd\BG05_CAIRrlder\CAIR-BGD-2025 Annotated Dataset\Bottle Gourd Disease Augmented Dataset\Pest Infestation\Pest Infestation00046_shifted_1487.jpg || D:\AI_Agriculture_Dataset\RAW_DATASETS\Bottle_Gourd\BG05_CAIRrlder\CAIR-BGD-2025 Annotated Dataset\Bottle Gourd Disease Augmented Dataset\Pest Infestation\Pest Infestation00046_shifted_272.jpg
1282,263f7e5bb0d59f1d77dbf02647d979149fc58c6d8569307a7d5e3bc5abcbeda1,2,WITHIN_DATASET,BG05_CAIR,D:\AI_Agriculture_Dataset\RAW_DATASETS\Bottle_Gourd\BG05_CAIRrlder\CAIR-BGD-2025 Annotated Dataset\Bottle Gourd Disease Augmented Dataset\Pest Infestation\Pest Infestation00048_rotated_1394.jpg || D:\AI_Agriculture_Dataset\RAW_DATASETS\Bottle_Gourd\BG05_CAIRrlder\CAIR-BGD-2025 Annotated Dataset\Bottle Gourd Disease Augmented Dataset\Pest Infestation\Pest Infestation00048_rotated_283.jpg
1283,3f929d562a1ae087368290f843f002cf92c023156e8ca0b44c0d59699f191d01,2,WITHIN_DATASET,BG05_CAIR,D:\AI_Agriculture_Dataset\RAW_DATASETS\Bottle_Gourd\BG05_CAIRrlder\CAIR-BGD-2025 Annotated Dataset\Bottle Gourd Disease Augmented Dataset\Pest Infestation\Pest Infestation00060_flipped_1424.jpg || D:\AI_Agriculture_Dataset\RAW_DATASETS\Bottle_Gourd\BG05_CAIRrlder\CAIR-BGD-2025 Annotated Dataset\Bottle Gourd Disease Augmented Dataset\Pest Infestation\Pest Infestation00060_flipped_354.jpg
1284,59b2bf48f537a35041409de349a1147d4f81043a39b3765660e0f4bef73e8207,2,WITHIN_DATASET,BG05_CAIR,D:\AI_Agriculture_Dataset\RAW_DATASETS\Bottle_Gourd\BG05_CAIRrlder\CAIR-BGD-2025 Annotated Dataset\Bottle Gourd Disease Augmented Dataset\Pest Infestation\Pest Infestation00061_shifted_1423.jpg || D:\AI_Agriculture_Dataset\RAW_DATASETS\Bottle_Gourd\BG05_CAIRrlder\CAIR-BGD-2025 Annotated Dataset\Bottle Gourd Disease Augmented Dataset\Pest Infestation\Pest Infestation00061_shifted_362.jpg
1285,1a58661f6fd18ee50fa04566d1e5693754867679c2d0df75bdf6f84c29b4dc27,2,WITHIN_DATASET,BG05_CAIR,D:\AI_Agriculture_Dataset\RAW_DATASETS\Bottle_Gourd\BG05_CAIRrlder\CAIR-BGD-2025 Annotated Dataset\Bottle Gourd Disease Augmented Dataset\Pest Infestation\Pest Infestation00064_shifted_1496.jpg || D:\AI_Agriculture_Dataset\RAW_DATASETS\Bottle_Gourd\BG05_CAIRrlder\CAIR-BGD-2025 Annotated Dataset\Bottle Gourd Disease Augmented Dataset\Pest Infestation\Pest Infestation00064_shifted_380.jpg
1286,63f373099ae2bd039a08cd3b41c750089c94963f16b5a49d713f671ce956978c,2,WITHIN_DATASET,BG05_CAIR,D:\AI_Agriculture_Dataset\RAW_DATASETS\Bottle_Gourd\BG05_CAIRrlder\CAIR-BGD-2025 Annotated Dataset\Bottle Gourd Disease Augmented Dataset\Pest Infestation\Pest Infestation00065_shifted_1347.jpg || D:\AI_Agriculture_Dataset\RAW_DATASETS\Bottle_Gourd\BG05_CAIRrlder\CAIR-BGD-2025 Annotated Dataset\Bottle Gourd Disease Augmented Dataset\Pest Infestation\Pest Infestation00065_shifted_386.jpg
1287,0ccb2995c06afb389d4374c0d286c2bc1bdd009476a0709205fd26b5e84c2310,2,WITHIN_DATASET,BG05_CAIR,D:\AI_Agriculture_Dataset\RAW_DATASETS\Bottle_Gourd\BG05_CAIRrlder\CAIR-BGD-2025 Annotated Dataset\Bottle Gourd Disease Augmented Dataset\Pest Infestation\Pest Infestation00066_rotated_1310.jpg || D:\AI_Agriculture_Dataset\RAW_DATASETS\Bottle_Gourd\BG05_CAIRrlder\CAIR-BGD-2025 Annotated Dataset\Bottle Gourd Disease Augmented Dataset\Pest Infestation\Pest Infestation00066_rotated_391.jpg
1288,abb44c80807ccc23e58fb607de7c61444bd356237e5d4bcaac194c0fe68749b5,2,WITHIN_DATASET,BG05_CAIR,D:\AI_Agriculture_Dataset\RAW_DATASETS\Bottle_Gourd\BG05_CAIRrlder\CAIR-BGD-2025 Annotated Dataset\Bottle Gourd Disease Augmented Dataset\Pest Infestation\Pest Infestation00068_flipped_1483.jpg || D:\AI_Agriculture_Dataset\RAW_DATASETS\Bottle_Gourd\BG05_CAIRrlder\CAIR-BGD-2025 Annotated Dataset\Bottle Gourd Disease Augmented Dataset\Pest Infestation\Pest Infestation00068_flipped_402.jpg
1289,694fbff97f31658c234ce6e8bb0ac6681eddbcecd2fdc4de556165aaab6b4968,2,WITHIN_DATASET,BG05_CAIR,D:\AI_Agriculture_Dataset\RAW_DATASETS\Bottle_Gourd\BG05_CAIRrlder\CAIR-BGD-2025 Annotated Dataset\Bottle Gourd Disease Augmented Dataset\Pest Infestation\Pest Infestation00074_flipped_1478.jpg || D:\AI_Agriculture_Dataset\RAW_DATASETS\Bottle_Gourd\BG05_CAIRrlder\CAIR-BGD-2025 Annotated Dataset\Bottle Gourd Disease Augmented Dataset\Pest Infestation\Pest Infestation00074_flipped_438.jpg
1290,02d722be5d97fe08610ec3cb9f4d190eebf4a752ac652aec526ba1d4e994b538,2,WITHIN_DATASET,BG05_CAIR,D:\AI_Agriculture_Dataset\RAW_DATASETS\Bottle_Gourd\BG05_CAIRrlder\CAIR-BGD-2025 Annotated Dataset\Bottle Gourd Disease Augmented Dataset\Pest Infestation\Pest Infestation00077_shifted_1379.jpg || D:\AI_Agriculture_Dataset\RAW_DATASETS\Bottle_Gourd\BG05_CAIRrlder\CAIR-BGD-2025 Annotated Dataset\Bottle Gourd Disease Augmented Dataset\Pest Infestation\Pest Infestation00077_shifted_458.jpg
1291,48fea60a4b63e28400ca44d1c4e4b6ff374ab7f9f62478300c6faf917b2214a7,2,WITHIN_DATASET,BG05_CAIR,D:\AI_Agriculture_Dataset\RAW_DATASETS\Bottle_Gourd\BG05_CAIRrlder\CAIR-BGD-2025 Annotated Dataset\Bottle Gourd Disease Augmented Dataset\Pest Infestation\Pest Infestation00078_flipped_1432.jpg || D:\AI_Agriculture_Dataset\RAW_DATASETS\Bottle_Gourd\BG05_CAIRrlder\CAIR-BGD-2025 Annotated Dataset\Bottle Gourd Disease Augmented Dataset\Pest Infestation\Pest Infestation00078_flipped_462.jpg
1292,cab68544c46d10b110f1a8c2881889b205882d4f5342c0803cad93968a2bc492,2,WITHIN_DATASET,BG05_CAIR,D:\AI_Agriculture_Dataset\RAW_DATASETS\Bottle_Gourd\BG05_CAIRrlder\CAIR-BGD-2025 Annotated Dataset\Bottle Gourd Disease Augmented Dataset\Pest Infestation\Pest Infestation00080_shifted_1441.jpg || D:\AI_Agriculture_Dataset\RAW_DATASETS\Bottle_Gourd\BG05_CAIRrlder\CAIR-BGD-2025 Annotated Dataset\Bottle Gourd Disease Augmented Dataset\Pest Infestation\Pest Infestation00080_shifted_476.jpg
1293,379a655138dbd1865021fb1f97acf5a003de702de93049e216228f38ca92a2fc,2,WITHIN_DATASET,BG05_CAIR,D:\AI_Agriculture_Dataset\RAW_DATASETS\Bottle_Gourd\BG05_CAIRrlder\CAIR-BGD-2025 Annotated Dataset\Bottle Gourd Disease Augmented Dataset\Pest Infestation\Pest Infestation00085_rotated_1319.jpg || D:\AI_Agriculture_Dataset\RAW_DATASETS\Bottle_Gourd\BG05_CAIRrlder\CAIR-BGD-2025 Annotated Dataset\Bottle Gourd Disease Augmented Dataset\Pest Infestation\Pest Infestation00085_rotated_505.jpg
1294,17c7b92c051357db06b75098092ab0750c455e0583300625f976356252ee8795,2,WITHIN_DATASET,BG05_CAIR,D:\AI_Agriculture_Dataset\RAW_DATASETS\Bottle_Gourd\BG05_CAIRrlder\CAIR-BGD-2025 Annotated Dataset\Bottle Gourd Disease Augmented Dataset\Pest Infestation\Pest Infestation00091_rotated_1486.jpg || D:\AI_Agriculture_Dataset\RAW_DATASETS\Bottle_Gourd\BG05_CAIRrlder\CAIR-BGD-2025 Annotated Dataset\Bottle Gourd Disease Augmented Dataset\Pest Infestation\Pest Infestation00091_rotated_541.jpg
1295,fb4c21399f710e1ce1862102e6b3e86dbf04111d7283ff71185b78759db26831,2,WITHIN_DATASET,BG05_CAIR,D:\AI_Agriculture_Dataset\RAW_DATASETS\Bottle_Gourd\BG05_CAIRrlder\CAIR-BGD-2025 Annotated Dataset\Bottle Gourd Disease Augmented Dataset\Pest Infestation\Pest Infestation00093_flipped_1446.jpg || D:\AI_Agriculture_Dataset\RAW_DATASETS\Bottle_Gourd\BG05_CAIRrlder\CAIR-BGD-2025 Annotated Dataset\Bottle Gourd Disease Augmented Dataset\Pest Infestation\Pest Infestation00093_flipped_552.jpg
1296,f5c17943066f9bd8705fa4ed11f6b1d1bbed2c6b250874693914e81556c7e310,2,WITHIN_DATASET,BG05_CAIR,D:\AI_Agriculture_Dataset\RAW_DATASETS\Bottle_Gourd\BG05_CAIRrlder\CAIR-BGD-2025 Annotated Dataset\Bottle Gourd Disease Augmented Dataset\Pest Infestation\Pest Infestation00098_flipped_1371.jpg || D:\AI_Agriculture_Dataset\RAW_DATASETS\Bottle_Gourd\BG05_CAIRrlder\CAIR-BGD-2025 Annotated Dataset\Bottle Gourd Disease Augmented Dataset\Pest Infestation\Pest Infestation00098_flipped_582.jpg
1297,91fc056ed5c7c4115550c59338bf99c74dcf2230f86ef35d8cbdd679ad67527f,2,WITHIN_DATASET,BG05_CAIR,D:\AI_Agriculture_Dataset\RAW_DATASETS\Bottle_Gourd\BG05_CAIRrlder\CAIR-BGD-2025 Annotated Dataset\Bottle Gourd Disease Augmented Dataset\Pest Infestation\Pest Infestation00098_rotated_1415.jpg || D:\AI_Agriculture_Dataset\RAW_DATASETS\Bottle_Gourd\BG05_CAIRrlder\CAIR-BGD-2025 Annotated Dataset\Bottle Gourd Disease Augmented Dataset\Pest Infestation\Pest Infestation00098_rotated_583.jpg
1298,c86ae8b5971ea2b61d97cdbd641680388738074b84c430a0418b66ecbf6f8360,2,WITHIN_DATASET,BG05_CAIR,D:\AI_Agriculture_Dataset\RAW_DATASETS\Bottle_Gourd\BG05_CAIRrlder\CAIR-BGD-2025 Annotated Dataset\Bottle Gourd Disease Augmented Dataset\Pest Infestation\Pest Infestation00098_shifted_1304.jpg || D:\AI_Agriculture_Dataset\RAW_DATASETS\Bottle_Gourd\BG05_CAIRrlder\CAIR-BGD-2025 Annotated Dataset\Bottle Gourd Disease Augmented Dataset\Pest Infestation\Pest Infestation00098_shifted_584.jpg
1299,8885fdff2be104006f7e19fe109ba2ca26254310f1adbd120413bc986a38387d,2,WITHIN_DATASET,BG05_CAIR,D:\AI_Agriculture_Dataset\RAW_DATASETS\Bottle_Gourd\BG05_CAIRrlder\CAIR-BGD-2025 Annotated Dataset\Bottle Gourd Disease Augmented Dataset\Pest Infestation\Pest Infestation00101_rotated_1476.jpg || D:\AI_Agriculture_Dataset\RAW_DATASETS\Bottle_Gourd\BG05_CAIRrlder\CAIR-BGD-2025 Annotated Dataset\Bottle Gourd Disease Augmented Dataset\Pest Infestation\Pest Infestation00101_rotated_601.jpg
1300,efcf96fbbf69189620e779aa7f2e1db43017ef6f24665ee1eee0cfe45c86393d,3,WITHIN_DATASET,BG05_CAIR,D:\AI_Agriculture_Dataset\RAW_DATASETS\Bottle_Gourd\BG05_CAIRrlder\CAIR-BGD-2025 Annotated Dataset\Bottle Gourd Disease Augmented Dataset\Pest Infestation\Pest Infestation00102_flipped_1332.jpg || D:\AI_Agriculture_Dataset\RAW_DATASETS\Bottle_Gourd\BG05_CAIRrlder\CAIR-BGD-2025 Annotated Dataset\Bottle Gourd Disease Augmented Dataset\Pest Infestation\Pest Infestation00102_flipped_1381.jpg || D:\AI_Agriculture_Dataset\RAW_DATASETS\Bottle_Gourd\BG05_CAIRrlder\CAIR-BGD-2025 Annotated Dataset\Bottle Gourd Disease Augmented Dataset\Pest Infestation\Pest Infestation00102_flipped_606.jpg
1301,6cc2ffef2cd2d5efb1d39151a57a4b046bb4902a910fb170bf7251d4bbdc75fb,2,WITHIN_DATASET,BG05_CAIR,D:\AI_Agriculture_Dataset\RAW_DATASETS\Bottle_Gourd\BG05_CAIRrlder\CAIR-BGD-2025 Annotated Dataset\Bottle Gourd Disease Augmented Dataset\Pest Infestation\Pest Infestation00103_rotated_1430.jpg || D:\AI_Agriculture_Dataset\RAW_DATASETS\Bottle_Gourd\BG05_CAIRrlder\CAIR-BGD-2025 Annotated Dataset\Bottle Gourd Disease Augmented Dataset\Pest Infestation\Pest Infestation00103_rotated_613.jpg
1302,6d618db86a066f211cabd40a7ff80b52f349f31965e467406540445a6d3e84d1,2,WITHIN_DATASET,BG05_CAIR,D:\AI_Agriculture_Dataset\RAW_DATASETS\Bottle_Gourd\BG05_CAIRrlder\CAIR-BGD-2025 Annotated Dataset\Bottle Gourd Disease Augmented Dataset\Pest Infestation\Pest Infestation00104_shifted_1440.jpg || D:\AI_Agriculture_Dataset\RAW_DATASETS\Bottle_Gourd\BG05_CAIRrlder\CAIR-BGD-2025 Annotated Dataset\Bottle Gourd Disease Augmented Dataset\Pest Infestation\Pest Infestation00104_shifted_620.jpg
1303,11b0cc1fc7343e44a46d9732b37f6bdca31cc2f2b92ef36dd4b71cfc2198bb95,2,WITHIN_DATASET,BG05_CAIR,D:\AI_Agriculture_Dataset\RAW_DATASETS\Bottle_Gourd\BG05_CAIRrlder\CAIR-BGD-2025 Annotated Dataset\Bottle Gourd Disease Augmented Dataset\Pest Infestation\Pest Infestation00107_rotated_1488.jpg || D:\AI_Agriculture_Dataset\RAW_DATASETS\Bottle_Gourd\BG05_CAIRrlder\CAIR-BGD-2025 Annotated Dataset\Bottle Gourd Disease Augmented Dataset\Pest Infestation\Pest Infestation00107_rotated_637.jpg
1304,1d0b8cba7d46b2648160d5404586f87ead6aed82c83789b3418e8a44bd6a9727,2,WITHIN_DATASET,BG05_CAIR,D:\AI_Agriculture_Dataset\RAW_DATASETS\Bottle_Gourd\BG05_CAIRrlder\CAIR-BGD-2025 Annotated Dataset\Bottle Gourd Disease Augmented Dataset\Pest Infestation\Pest Infestation00108_flipped_1301.jpg || D:\AI_Agriculture_Dataset\RAW_DATASETS\Bottle_Gourd\BG05_CAIRrlder\CAIR-BGD-2025 Annotated Dataset\Bottle Gourd Disease Augmented Dataset\Pest Infestation\Pest Infestation00108_flipped_642.jpg
1305,d179c3b6ff25862d75eb7027efe458691bad4ca3d6d1681b635419049eb1da7b,2,WITHIN_DATASET,BG05_CAIR,D:\AI_Agriculture_Dataset\RAW_DATASETS\Bottle_Gourd\BG05_CAIRrlder\CAIR-BGD-2025 Annotated Dataset\Bottle Gourd Disease Augmented Dataset\Pest Infestation\Pest Infestation00110_flipped_1390.jpg || D:\AI_Agriculture_Dataset\RAW_DATASETS\Bottle_Gourd\BG05_CAIRrlder\CAIR-BGD-2025 Annotated Dataset\Bottle Gourd Disease Augmented Dataset\Pest Infestation\Pest Infestation00110_flipped_654.jpg
1306,a4b493ac1ce08fa75197fdbb347714904df9facf0fe1c7cc79c162dfd43d3cd4,2,WITHIN_DATASET,BG05_CAIR,D:\AI_Agriculture_Dataset\RAW_DATASETS\Bottle_Gourd\BG05_CAIRrlder\CAIR-BGD-2025 Annotated Dataset\Bottle Gourd Disease Augmented Dataset\Pest Infestation\Pest Infestation00110_shifted_1462.jpg || D:\AI_Agriculture_Dataset\RAW_DATASETS\Bottle_Gourd\BG05_CAIRrlder\CAIR-BGD-2025 Annotated Dataset\Bottle Gourd Disease Augmented Dataset\Pest Infestation\Pest Infestation00110_shifted_656.jpg
1307,cdc1fd2cc19a2299dcc00b66b58f00c936828f670d068d36f0196b12e3e812bb,2,WITHIN_DATASET,BG05_CAIR,D:\AI_Agriculture_Dataset\RAW_DATASETS\Bottle_Gourd\BG05_CAIRrlder\CAIR-BGD-2025 Annotated Dataset\Bottle Gourd Disease Augmented Dataset\Pest Infestation\Pest Infestation00112_shifted_1434.jpg || D:\AI_Agriculture_Dataset\RAW_DATASETS\Bottle_Gourd\BG05_CAIRrlder\CAIR-BGD-2025 Annotated Dataset\Bottle Gourd Disease Augmented Dataset\Pest Infestation\Pest Infestation00112_shifted_668.jpg
1308,843e87c3d0cbbc5daeb929bcc344656185bb363daea1842b08271270f277ee3e,2,WITHIN_DATASET,BG05_CAIR,D:\AI_Agriculture_Dataset\RAW_DATASETS\Bottle_Gourd\BG05_CAIRrlder\CAIR-BGD-2025 Annotated Dataset\Bottle Gourd Disease Augmented Dataset\Pest Infestation\Pest Infestation00116_shifted_1382.jpg || D:\AI_Agriculture_Dataset\RAW_DATASETS\Bottle_Gourd\BG05_CAIRrlder\CAIR-BGD-2025 Annotated Dataset\Bottle Gourd Disease Augmented Dataset\Pest Infestation\Pest Infestation00116_shifted_692.jpg
1309,5a98dc64cfea28ecadcda990f875d47a9254916754867bfce5e8efce347744e8,2,WITHIN_DATASET,BG05_CAIR,D:\AI_Agriculture_Dataset\RAW_DATASETS\Bottle_Gourd\BG05_CAIRrlder\CAIR-BGD-2025 Annotated Dataset\Bottle Gourd Disease Augmented Dataset\Pest Infestation\Pest Infestation00122_flipped_1470.jpg || D:\AI_Agriculture_Dataset\RAW_DATASETS\Bottle_Gourd\BG05_CAIRrlder\CAIR-BGD-2025 Annotated Dataset\Bottle Gourd Disease Augmented Dataset\Pest Infestation\Pest Infestation00122_flipped_726.jpg
1310,eb631cfad37edf3e45783fc98362f934677336174699efd7096c4e2a2f933d7b,2,WITHIN_DATASET,BG05_CAIR,D:\AI_Agriculture_Dataset\RAW_DATASETS\Bottle_Gourd\BG05_CAIRrlder\CAIR-BGD-2025 Annotated Dataset\Bottle Gourd Disease Augmented Dataset\Pest Infestation\Pest Infestation00122_rotated_1464.jpg || D:\AI_Agriculture_Dataset\RAW_DATASETS\Bottle_Gourd\BG05_CAIRrlder\CAIR-BGD-2025 Annotated Dataset\Bottle Gourd Disease Augmented Dataset\Pest Infestation\Pest Infestation00122_rotated_727.jpg
1311,d480b5e51a2f799782d38e2f91277ba3a5ac450b5f5a5e9eceb6bb67fe79908e,2,WITHIN_DATASET,BG05_CAIR,D:\AI_Agriculture_Dataset\RAW_DATASETS\Bottle_Gourd\BG05_CAIRrlder\CAIR-BGD-2025 Annotated Dataset\Bottle Gourd Disease Augmented Dataset\Pest Infestation\Pest Infestation00123_shifted_1426.jpg || D:\AI_Agriculture_Dataset\RAW_DATASETS\Bottle_Gourd\BG05_CAIRrlder\CAIR-BGD-2025 Annotated Dataset\Bottle Gourd Disease Augmented Dataset\Pest Infestation\Pest Infestation00123_shifted_734.jpg
1312,3eef420c70a974dbc34af32e3831dd877d32dca8eab5eb76149e5c0528570996,2,WITHIN_DATASET,BG05_CAIR,D:\AI_Agriculture_Dataset\RAW_DATASETS\Bottle_Gourd\BG05_CAIRrlder\CAIR-BGD-2025 Annotated Dataset\Bottle Gourd Disease Augmented Dataset\Pest Infestation\Pest Infestation00125_rotated_1400.jpg || D:\AI_Agriculture_Dataset\RAW_DATASETS\Bottle_Gourd\BG05_CAIRrlder\CAIR-BGD-2025 Annotated Dataset\Bottle Gourd Disease Augmented Dataset\Pest Infestation\Pest Infestation00125_rotated_745.jpg
1313,2b9a5d776030a7895329165af17ca595f1f86ac307e2e86ac459d0cdc0abfa5c,2,WITHIN_DATASET,BG05_CAIR,D:\AI_Agriculture_Dataset\RAW_DATASETS\Bottle_Gourd\BG05_CAIRrlder\CAIR-BGD-2025 Annotated Dataset\Bottle Gourd Disease Augmented Dataset\Pest Infestation\Pest Infestation00126_rotated_1296.jpg || D:\AI_Agriculture_Dataset\RAW_DATASETS\Bottle_Gourd\BG05_CAIRrlder\CAIR-BGD-2025 Annotated Dataset\Bottle Gourd Disease Augmented Dataset\Pest Infestation\Pest Infestation00126_rotated_751.jpg
1314,6cb69ef48b54e365648f5b1ba4b8548a2c323c2969d8f0c436ba7adb82bf2874,2,WITHIN_DATASET,BG05_CAIR,D:\AI_Agriculture_Dataset\RAW_DATASETS\Bottle_Gourd\BG05_CAIRrlder\CAIR-BGD-2025 Annotated Dataset\Bottle Gourd Disease Augmented Dataset\Pest Infestation\Pest Infestation00130_flipped_1331.jpg || D:\AI_Agriculture_Dataset\RAW_DATASETS\Bottle_Gourd\BG05_CAIRrlder\CAIR-BGD-2025 Annotated Dataset\Bottle Gourd Disease Augmented Dataset\Pest Infestation\Pest Infestation00130_flipped_774.jpg
1315,f65001df4508225a26721c7afa28c1900065fc465629311516770504fbbdbb7d,2,WITHIN_DATASET,BG05_CAIR,D:\AI_Agriculture_Dataset\RAW_DATASETS\Bottle_Gourd\BG05_CAIRrlder\CAIR-BGD-2025 Annotated Dataset\Bottle Gourd Disease Augmented Dataset\Pest Infestation\Pest Infestation00135_flipped_1493.jpg || D:\AI_Agriculture_Dataset\RAW_DATASETS\Bottle_Gourd\BG05_CAIRrlder\CAIR-BGD-2025 Annotated Dataset\Bottle Gourd Disease Augmented Dataset\Pest Infestation\Pest Infestation00135_flipped_804.jpg
1316,c538cafaf496a140af1da24c4bc68dbb2e67cb6ddf32c94c628e71106370f5fb,2,WITHIN_DATASET,BG05_CAIR,D:\AI_Agriculture_Dataset\RAW_DATASETS\Bottle_Gourd\BG05_CAIRrlder\CAIR-BGD-2025 Annotated Dataset\Bottle Gourd Disease Augmented Dataset\Pest Infestation\Pest Infestation00137_shifted_1362.jpg || D:\AI_Agriculture_Dataset\RAW_DATASETS\Bottle_Gourd\BG05_CAIRrlder\CAIR-BGD-2025 Annotated Dataset\Bottle Gourd Disease Augmented Dataset\Pest Infestation\Pest Infestation00137_shifted_818.jpg
1317,e5de9d0faf700271316539e43055c4b36ef8d83889daf8eb26ee3b7141dec18d,2,WITHIN_DATASET,BG05_CAIR,D:\AI_Agriculture_Dataset\RAW_DATASETS\Bottle_Gourd\BG05_CAIRrlder\CAIR-BGD-2025 Annotated Dataset\Bottle Gourd Disease Augmented Dataset\Pest Infestation\Pest Infestation00138_flipped_1402.jpg || D:\AI_Agriculture_Dataset\RAW_DATASETS\Bottle_Gourd\BG05_CAIRrlder\CAIR-BGD-2025 Annotated Dataset\Bottle Gourd Disease Augmented Dataset\Pest Infestation\Pest Infestation00138_flipped_822.jpg
1318,7a297fd8311bf5039a9612c91492b594f08ac32f9c5ab8b77287a18e10bda071,2,WITHIN_DATASET,BG05_CAIR,D:\AI_Agriculture_Dataset\RAW_DATASETS\Bottle_Gourd\BG05_CAIRrlder\CAIR-BGD-2025 Annotated Dataset\Bottle Gourd Disease Augmented Dataset\Pest Infestation\Pest Infestation00140_flipped_1367.jpg || D:\AI_Agriculture_Dataset\RAW_DATASETS\Bottle_Gourd\BG05_CAIRrlder\CAIR-BGD-2025 Annotated Dataset\Bottle Gourd Disease Augmented Dataset\Pest Infestation\Pest Infestation00140_flipped_834.jpg
1319,2bd5dc563d122a78a4e55abc0f816a456d05478773cf8eceda00f845955b73e7,3,WITHIN_DATASET,BG05_CAIR,D:\AI_Agriculture_Dataset\RAW_DATASETS\Bottle_Gourd\BG05_CAIRrlder\CAIR-BGD-2025 Annotated Dataset\Bottle Gourd Disease Augmented Dataset\Pest Infestation\Pest Infestation00141_flipped_1388.jpg || D:\AI_Agriculture_Dataset\RAW_DATASETS\Bottle_Gourd\BG05_CAIRrlder\CAIR-BGD-2025 Annotated Dataset\Bottle Gourd Disease Augmented Dataset\Pest Infestation\Pest Infestation00141_flipped_1469.jpg || D:\AI_Agriculture_Dataset\RAW_DATASETS\Bottle_Gourd\BG05_CAIRrlder\CAIR-BGD-2025 Annotated Dataset\Bottle Gourd Disease Augmented Dataset\Pest Infestation\Pest Infestation00141_flipped_840.jpg
1320,21e20ff94aa18d6c9c5c01fbd4b073d364048c0b3a50d49dcef32ff59c1eaaa5,3,WITHIN_DATASET,BG05_CAIR,D:\AI_Agriculture_Dataset\RAW_DATASETS\Bottle_Gourd\BG05_CAIRrlder\CAIR-BGD-2025 Annotated Dataset\Bottle Gourd Disease Augmented Dataset\Pest Infestation\Pest Infestation00142_flipped_1318.jpg || D:\AI_Agriculture_Dataset\RAW_DATASETS\Bottle_Gourd\BG05_CAIRrlder\CAIR-BGD-2025 Annotated Dataset\Bottle Gourd Disease Augmented Dataset\Pest Infestation\Pest Infestation00142_flipped_1454.jpg || D:\AI_Agriculture_Dataset\RAW_DATASETS\Bottle_Gourd\BG05_CAIRrlder\CAIR-BGD-2025 Annotated Dataset\Bottle Gourd Disease Augmented Dataset\Pest Infestation\Pest Infestation00142_flipped_846.jpg
1321,974f4ca53aeee4a8f2531c38544af35ca610f2af99f9f619dbb0e8387ca9dc91,2,WITHIN_DATASET,BG05_CAIR,D:\AI_Agriculture_Dataset\RAW_DATASETS\Bottle_Gourd\BG05_CAIRrlder\CAIR-BGD-2025 Annotated Dataset\Bottle Gourd Disease Augmented Dataset\Pest Infestation\Pest Infestation00142_rotated_1395.jpg || D:\AI_Agriculture_Dataset\RAW_DATASETS\Bottle_Gourd\BG05_CAIRrlder\CAIR-BGD-2025 Annotated Dataset\Bottle Gourd Disease Augmented Dataset\Pest Infestation\Pest Infestation00142_rotated_847.jpg
1322,672134fa93c5933e41eb1566b7c767a2c4061d8b18f945dd6d144f93ebbbb4f6,2,WITHIN_DATASET,BG05_CAIR,D:\AI_Agriculture_Dataset\RAW_DATASETS\Bottle_Gourd\BG05_CAIRrlder\CAIR-BGD-2025 Annotated Dataset\Bottle Gourd Disease Augmented Dataset\Pest Infestation\Pest Infestation00144_flipped_1417.jpg || D:\AI_Agriculture_Dataset\RAW_DATASETS\Bottle_Gourd\BG05_CAIRrlder\CAIR-BGD-2025 Annotated Dataset\Bottle Gourd Disease Augmented Dataset\Pest Infestation\Pest Infestation00144_flipped_858.jpg
1323,1f26952ff89b43ddd7e1b65f3e149fcd6f6d9b1d352fbbe9b8cb1459552111c6,2,WITHIN_DATASET,BG05_CAIR,D:\AI_Agriculture_Dataset\RAW_DATASETS\Bottle_Gourd\BG05_CAIRrlder\CAIR-BGD-2025 Annotated Dataset\Bottle Gourd Disease Augmented Dataset\Pest Infestation\Pest Infestation00145_shifted_1354.jpg || D:\AI_Agriculture_Dataset\RAW_DATASETS\Bottle_Gourd\BG05_CAIRrlder\CAIR-BGD-2025 Annotated Dataset\Bottle Gourd Disease Augmented Dataset\Pest Infestation\Pest Infestation00145_shifted_866.jpg
1324,36eb48c9117e1e589ca0681f030919d8a2ca58b4be0c8ee51addcb5dcd6ad44e,2,WITHIN_DATASET,BG05_CAIR,D:\AI_Agriculture_Dataset\RAW_DATASETS\Bottle_Gourd\BG05_CAIRrlder\CAIR-BGD-2025 Annotated Dataset\Bottle Gourd Disease Augmented Dataset\Pest Infestation\Pest Infestation00148_rotated_1297.jpg || D:\AI_Agriculture_Dataset\RAW_DATASETS\Bottle_Gourd\BG05_CAIRrlder\CAIR-BGD-2025 Annotated Dataset\Bottle Gourd Disease Augmented Dataset\Pest Infestation\Pest Infestation00148_rotated_883.jpg
1325,49fb749e38d329a65cdc08cff1bd9acc5d3a27eac0608f22705deaf608015431,2,WITHIN_DATASET,BG05_CAIR,D:\AI_Agriculture_Dataset\RAW_DATASETS\Bottle_Gourd\BG05_CAIRrlder\CAIR-BGD-2025 Annotated Dataset\Bottle Gourd Disease Augmented Dataset\Pest Infestation\Pest Infestation00151_rotated_1312.jpg || D:\AI_Agriculture_Dataset\RAW_DATASETS\Bottle_Gourd\BG05_CAIRrlder\CAIR-BGD-2025 Annotated Dataset\Bottle Gourd Disease Augmented Dataset\Pest Infestation\Pest Infestation00151_rotated_901.jpg
1326,0a2de70458a1697ad14bd911c4f5ee8d1a91bda2415444cd53a3efd9c2b33ad1,2,WITHIN_DATASET,BG05_CAIR,D:\AI_Agriculture_Dataset\RAW_DATASETS\Bottle_Gourd\BG05_CAIRrlder\CAIR-BGD-2025 Annotated Dataset\Bottle Gourd Disease Augmented Dataset\Pest Infestation\Pest Infestation00152_shifted_1300.jpg || D:\AI_Agriculture_Dataset\RAW_DATASETS\Bottle_Gourd\BG05_CAIRrlder\CAIR-BGD-2025 Annotated Dataset\Bottle Gourd Disease Augmented Dataset\Pest Infestation\Pest Infestation00152_shifted_908.jpg
1327,5d86e2a4c987fad66361e604735e7425307e80ccd8e67974f44a1f24deb72031,2,WITHIN_DATASET,BG05_CAIR,D:\AI_Agriculture_Dataset\RAW_DATASETS\Bottle_Gourd\BG05_CAIRrlder\CAIR-BGD-2025 Annotated Dataset\Bottle Gourd Disease Augmented Dataset\Pest Infestation\Pest Infestation00156_shifted_1385.jpg || D:\AI_Agriculture_Dataset\RAW_DATASETS\Bottle_Gourd\BG05_CAIRrlder\CAIR-BGD-2025 Annotated Dataset\Bottle Gourd Disease Augmented Dataset\Pest Infestation\Pest Infestation00156_shifted_932.jpg
1328,0e8143b9a8b909158a2dfaae618b5c0faed70030428fee27b90f7ef34106767b,2,WITHIN_DATASET,BG05_CAIR,D:\AI_Agriculture_Dataset\RAW_DATASETS\Bottle_Gourd\BG05_CAIRrlder\CAIR-BGD-2025 Annotated Dataset\Bottle Gourd Disease Augmented Dataset\Pest Infestation\Pest Infestation00159_rotated_1324.jpg || D:\AI_Agriculture_Dataset\RAW_DATASETS\Bottle_Gourd\BG05_CAIRrlder\CAIR-BGD-2025 Annotated Dataset\Bottle Gourd Disease Augmented Dataset\Pest Infestation\Pest Infestation00159_rotated_949.jpg
1329,327d32053cfab737ce329ddb8a7fe4d074db53fd001dc4b2b07b5f9687f9f80c,2,WITHIN_DATASET,BG05_CAIR,D:\AI_Agriculture_Dataset\RAW_DATASETS\Bottle_Gourd\BG05_CAIRrlder\CAIR-BGD-2025 Annotated Dataset\Bottle Gourd Disease Augmented Dataset\Pest Infestation\Pest Infestation00162_flipped_1375.jpg || D:\AI_Agriculture_Dataset\RAW_DATASETS\Bottle_Gourd\BG05_CAIRrlder\CAIR-BGD-2025 Annotated Dataset\Bottle Gourd Disease Augmented Dataset\Pest Infestation\Pest Infestation00162_flipped_966.jpg
1330,d4b40df3765a861782887b469f811022cfe9847fdf156ccde535af3a161b904b,2,WITHIN_DATASET,BG05_CAIR,D:\AI_Agriculture_Dataset\RAW_DATASETS\Bottle_Gourd\BG05_CAIRrlder\CAIR-BGD-2025 Annotated Dataset\Bottle Gourd Disease Augmented Dataset\Pest Infestation\Pest Infestation00163_shifted_1364.jpg || D:\AI_Agriculture_Dataset\RAW_DATASETS\Bottle_Gourd\BG05_CAIRrlder\CAIR-BGD-2025 Annotated Dataset\Bottle Gourd Disease Augmented Dataset\Pest Infestation\Pest Infestation00163_shifted_974.jpg
1331,ad8fba857ace92b283c75f5c38667a3c06f1a5bb326ed693c4622f1c61d55268,2,WITHIN_DATASET,BG05_CAIR,D:\AI_Agriculture_Dataset\RAW_DATASETS\Bottle_Gourd\BG05_CAIRrlder\CAIR-BGD-2025 Annotated Dataset\Bottle Gourd Disease Augmented Dataset\Pest Infestation\Pest Infestation00168_shifted_1004.jpg || D:\AI_Agriculture_Dataset\RAW_DATASETS\Bottle_Gourd\BG05_CAIRrlder\CAIR-BGD-2025 Annotated Dataset\Bottle Gourd Disease Augmented Dataset\Pest Infestation\Pest Infestation00168_shifted_1408.jpg
1332,2895f39a8a8823f16cdc4d02fc61e8336db550c167580525f13e4b0c73eadef2,2,WITHIN_DATASET,BG05_CAIR,D:\AI_Agriculture_Dataset\RAW_DATASETS\Bottle_Gourd\BG05_CAIRrlder\CAIR-BGD-2025 Annotated Dataset\Bottle Gourd Disease Augmented Dataset\Pest Infestation\Pest Infestation00170_rotated_1015.jpg || D:\AI_Agriculture_Dataset\RAW_DATASETS\Bottle_Gourd\BG05_CAIRrlder\CAIR-BGD-2025 Annotated Dataset\Bottle Gourd Disease Augmented Dataset\Pest Infestation\Pest Infestation00170_rotated_1403.jpg
1333,c13b2f1cd62e5eb953305d9a6a164913c9c1fb2b727e92c4111f4c9cba4e0c62,2,WITHIN_DATASET,BG05_CAIR,D:\AI_Agriculture_Dataset\RAW_DATASETS\Bottle_Gourd\BG05_CAIRrlder\CAIR-BGD-2025 Annotated Dataset\Bottle Gourd Disease Augmented Dataset\Pest Infestation\Pest Infestation00172_rotated_1027.jpg || D:\AI_Agriculture_Dataset\RAW_DATASETS\Bottle_Gourd\BG05_CAIRrlder\CAIR-BGD-2025 Annotated Dataset\Bottle Gourd Disease Augmented Dataset\Pest Infestation\Pest Infestation00172_rotated_1479.jpg
1334,f345dad21cc84ba4c692d7ae32d474d4eb95c640d9252b437f7ba5ef734b6554,2,WITHIN_DATASET,BG05_CAIR,D:\AI_Agriculture_Dataset\RAW_DATASETS\Bottle_Gourd\BG05_CAIRrlder\CAIR-BGD-2025 Annotated Dataset\Bottle Gourd Disease Augmented Dataset\Pest Infestation\Pest Infestation00177_rotated_1057.jpg || D:\AI_Agriculture_Dataset\RAW_DATASETS\Bottle_Gourd\BG05_CAIRrlder\CAIR-BGD-2025 Annotated Dataset\Bottle Gourd Disease Augmented Dataset\Pest Infestation\Pest Infestation00177_rotated_1429.jpg
1335,f3da7217f22981380a156bb3228dbe4faa69ec5a753fba08158e6607b02f112f,2,WITHIN_DATASET,BG05_CAIR,D:\AI_Agriculture_Dataset\RAW_DATASETS\Bottle_Gourd\BG05_CAIRrlder\CAIR-BGD-2025 Annotated Dataset\Bottle Gourd Disease Augmented Dataset\Pest Infestation\Pest Infestation00177_shifted_1058.jpg || D:\AI_Agriculture_Dataset\RAW_DATASETS\Bottle_Gourd\BG05_CAIRrlder\CAIR-BGD-2025 Annotated Dataset\Bottle Gourd Disease Augmented Dataset\Pest Infestation\Pest Infestation00177_shifted_1427.jpg
1336,b01ea000e4707e4a1b158f5036428be0921e4459eb25d22fa71f1da1212434a1,2,WITHIN_DATASET,BG05_CAIR,D:\AI_Agriculture_Dataset\RAW_DATASETS\Bottle_Gourd\BG05_CAIRrlder\CAIR-BGD-2025 Annotated Dataset\Bottle Gourd Disease Augmented Dataset\Pest Infestation\Pest Infestation00178_shifted_1064.jpg || D:\AI_Agriculture_Dataset\RAW_DATASETS\Bottle_Gourd\BG05_CAIRrlder\CAIR-BGD-2025 Annotated Dataset\Bottle Gourd Disease Augmented Dataset\Pest Infestation\Pest Infestation00178_shifted_1370.jpg
1337,1c293ab915d79bae871ec3bf045d279d83da45169d1382eb4dbd4c37bf863783,2,WITHIN_DATASET,BG05_CAIR,D:\AI_Agriculture_Dataset\RAW_DATASETS\Bottle_Gourd\BG05_CAIRrlder\CAIR-BGD-2025 Annotated Dataset\Bottle Gourd Disease Augmented Dataset\Pest Infestation\Pest Infestation00179_rotated_1069.jpg || D:\AI_Agriculture_Dataset\RAW_DATASETS\Bottle_Gourd\BG05_CAIRrlder\CAIR-BGD-2025 Annotated Dataset\Bottle Gourd Disease Augmented Dataset\Pest Infestation\Pest Infestation00179_rotated_1452.jpg
1338,852fc546562c9e2644b72e6454df2197a7b6cde53b51a997edffd288a0b4e5b2,2,WITHIN_DATASET,BG05_CAIR,D:\AI_Agriculture_Dataset\RAW_DATASETS\Bottle_Gourd\BG05_CAIRrlder\CAIR-BGD-2025 Annotated Dataset\Bottle Gourd Disease Augmented Dataset\Pest Infestation\Pest Infestation00181_rotated_1081.jpg || D:\AI_Agriculture_Dataset\RAW_DATASETS\Bottle_Gourd\BG05_CAIRrlder\CAIR-BGD-2025 Annotated Dataset\Bottle Gourd Disease Augmented Dataset\Pest Infestation\Pest Infestation00181_rotated_1307.jpg
1339,81b31db555875131158fda5d1e8766e150463f7b789ac6dd281f2c27f0c075c0,2,WITHIN_DATASET,BG05_CAIR,D:\AI_Agriculture_Dataset\RAW_DATASETS\Bottle_Gourd\BG05_CAIRrlder\CAIR-BGD-2025 Annotated Dataset\Bottle Gourd Disease Augmented Dataset\Pest Infestation\Pest Infestation00181_shifted_1082.jpg || D:\AI_Agriculture_Dataset\RAW_DATASETS\Bottle_Gourd\BG05_CAIRrlder\CAIR-BGD-2025 Annotated Dataset\Bottle Gourd Disease Augmented Dataset\Pest Infestation\Pest Infestation00181_shifted_1338.jpg
1340,acd54720acd6ac81206a3d31a1a6d59cb304a2ce87f1f01d6869737372434f47,2,WITHIN_DATASET,BG05_CAIR,D:\AI_Agriculture_Dataset\RAW_DATASETS\Bottle_Gourd\BG05_CAIRrlder\CAIR-BGD-2025 Annotated Dataset\Bottle Gourd Disease Augmented Dataset\Pest Infestation\Pest Infestation00183_shifted_1094.jpg || D:\AI_Agriculture_Dataset\RAW_DATASETS\Bottle_Gourd\BG05_CAIRrlder\CAIR-BGD-2025 Annotated Dataset\Bottle Gourd Disease Augmented Dataset\Pest Infestation\Pest Infestation00183_shifted_1491.jpg
1341,f015e943663908e225b61b80287e12d75a2b7473f20819633fcc43aabf141cd6,2,WITHIN_DATASET,BG05_CAIR,D:\AI_Agriculture_Dataset\RAW_DATASETS\Bottle_Gourd\BG05_CAIRrlder\CAIR-BGD-2025 Annotated Dataset\Bottle Gourd Disease Augmented Dataset\Pest Infestation\Pest Infestation00185_flipped_1104.jpg || D:\AI_Agriculture_Dataset\RAW_DATASETS\Bottle_Gourd\BG05_CAIRrlder\CAIR-BGD-2025 Annotated Dataset\Bottle Gourd Disease Augmented Dataset\Pest Infestation\Pest Infestation00185_flipped_1459.jpg
1342,3a86b9220dde473d243e8f387a8ce288a5bdb981e674184366002a1a35c123dc,3,WITHIN_DATASET,BG05_CAIR,D:\AI_Agriculture_Dataset\RAW_DATASETS\Bottle_Gourd\BG05_CAIRrlder\CAIR-BGD-2025 Annotated Dataset\Bottle Gourd Disease Augmented Dataset\Pest Infestation\Pest Infestation00189_flipped_1128.jpg || D:\AI_Agriculture_Dataset\RAW_DATASETS\Bottle_Gourd\BG05_CAIRrlder\CAIR-BGD-2025 Annotated Dataset\Bottle Gourd Disease Augmented Dataset\Pest Infestation\Pest Infestation00189_flipped_1330.jpg || D:\AI_Agriculture_Dataset\RAW_DATASETS\Bottle_Gourd\BG05_CAIRrlder\CAIR-BGD-2025 Annotated Dataset\Bottle Gourd Disease Augmented Dataset\Pest Infestation\Pest Infestation00189_flipped_1345.jpg
1343,48c60e01fe976a32b690a17c69f6bf7f4f6028a165462a6202f75998b906c1c2,2,WITHIN_DATASET,BG05_CAIR,D:\AI_Agriculture_Dataset\RAW_DATASETS\Bottle_Gourd\BG05_CAIRrlder\CAIR-BGD-2025 Annotated Dataset\Bottle Gourd Disease Augmented Dataset\Pest Infestation\Pest Infestation00190_shifted_1136.jpg || D:\AI_Agriculture_Dataset\RAW_DATASETS\Bottle_Gourd\BG05_CAIRrlder\CAIR-BGD-2025 Annotated Dataset\Bottle Gourd Disease Augmented Dataset\Pest Infestation\Pest Infestation00190_shifted_1335.jpg
1344,dc9fe591185da8bcd939556771544a12fb4213638b8581c18db93b5a43a757e1,2,WITHIN_DATASET,BG05_CAIR,D:\AI_Agriculture_Dataset\RAW_DATASETS\Bottle_Gourd\BG05_CAIRrlder\CAIR-BGD-2025 Annotated Dataset\Bottle Gourd Disease Augmented Dataset\Pest Infestation\Pest Infestation00192_flipped_1146.jpg || D:\AI_Agriculture_Dataset\RAW_DATASETS\Bottle_Gourd\BG05_CAIRrlder\CAIR-BGD-2025 Annotated Dataset\Bottle Gourd Disease Augmented Dataset\Pest Infestation\Pest Infestation00192_flipped_1341.jpg
1345,00019c80989ce52abac547748bba9b0c1be106c607cc93795484fe7c9d3ef823,2,WITHIN_DATASET,BG05_CAIR,D:\AI_Agriculture_Dataset\RAW_DATASETS\Bottle_Gourd\BG05_CAIRrlder\CAIR-BGD-2025 Annotated Dataset\Bottle Gourd Disease Augmented Dataset\Pest Infestation\Pest Infestation00193_rotated_1153.jpg || D:\AI_Agriculture_Dataset\RAW_DATASETS\Bottle_Gourd\BG05_CAIRrlder\CAIR-BGD-2025 Annotated Dataset\Bottle Gourd Disease Augmented Dataset\Pest Infestation\Pest Infestation00193_rotated_1298.jpg
1346,ec4a693d81cc2e432c65b61a4fb0f3554a796435b94ec5533dd3fa0d6608da7d,2,WITHIN_DATASET,BG05_CAIR,D:\AI_Agriculture_Dataset\RAW_DATASETS\Bottle_Gourd\BG05_CAIRrlder\CAIR-BGD-2025 Annotated Dataset\Bottle Gourd Disease Augmented Dataset\Pest Infestation\Pest Infestation00195_flipped_1164.jpg || D:\AI_Agriculture_Dataset\RAW_DATASETS\Bottle_Gourd\BG05_CAIRrlder\CAIR-BGD-2025 Annotated Dataset\Bottle Gourd Disease Augmented Dataset\Pest Infestation\Pest Infestation00195_flipped_1436.jpg
1347,4333bc8e9a4847b3c44bd9d0c0088af8b1a672839530279901cac6ef7cf89e97,2,WITHIN_DATASET,BG05_CAIR,D:\AI_Agriculture_Dataset\RAW_DATASETS\Bottle_Gourd\BG05_CAIRrlder\CAIR-BGD-2025 Annotated Dataset\Bottle Gourd Disease Augmented Dataset\Pest Infestation\Pest Infestation00198_rotated_1183.jpg || D:\AI_Agriculture_Dataset\RAW_DATASETS\Bottle_Gourd\BG05_CAIRrlder\CAIR-BGD-2025 Annotated Dataset\Bottle Gourd Disease Augmented Dataset\Pest Infestation\Pest Infestation00198_rotated_1473.jpg
1348,86f49d2fc4f1e36c490ca147099e9400eccc677470a1cf2857a225b8807226e9,2,WITHIN_DATASET,BG05_CAIR,D:\AI_Agriculture_Dataset\RAW_DATASETS\Bottle_Gourd\BG05_CAIRrlder\CAIR-BGD-2025 Annotated Dataset\Bottle Gourd Disease Augmented Dataset\Pest Infestation\Pest Infestation00205_shifted_1226.jpg || D:\AI_Agriculture_Dataset\RAW_DATASETS\Bottle_Gourd\BG05_CAIRrlder\CAIR-BGD-2025 Annotated Dataset\Bottle Gourd Disease Augmented Dataset\Pest Infestation\Pest Infestation00205_shifted_1366.jpg
1349,9c97d2b67ecc01928ad57cae10cbaa17b2cddfc7823771074452ffa021e6a389,2,WITHIN_DATASET,BG05_CAIR,D:\AI_Agriculture_Dataset\RAW_DATASETS\Bottle_Gourd\BG05_CAIRrlder\CAIR-BGD-2025 Annotated Dataset\Bottle Gourd Disease Augmented Dataset\Pest Infestation\Pest Infestation00209_rotated_1249.jpg || D:\AI_Agriculture_Dataset\RAW_DATASETS\Bottle_Gourd\BG05_CAIRrlder\CAIR-BGD-2025 Annotated Dataset\Bottle Gourd Disease Augmented Dataset\Pest Infestation\Pest Infestation00209_rotated_1361.jpg
1350,671323468a2aabb9fc36db8853daf733d0abf2d112db44d59fb8e7f7a7d86766,3,WITHIN_DATASET,BG05_CAIR,D:\AI_Agriculture_Dataset\RAW_DATASETS\Bottle_Gourd\BG05_CAIRrlder\CAIR-BGD-2025 Annotated Dataset\Bottle Gourd Disease Augmented Dataset\Pest Infestation\Pest Infestation00210_rotated_1255.jpg || D:\AI_Agriculture_Dataset\RAW_DATASETS\Bottle_Gourd\BG05_CAIRrlder\CAIR-BGD-2025 Annotated Dataset\Bottle Gourd Disease Augmented Dataset\Pest Infestation\Pest Infestation00210_rotated_1438.jpg || D:\AI_Agriculture_Dataset\RAW_DATASETS\Bottle_Gourd\BG05_CAIRrlder\CAIR-BGD-2025 Annotated Dataset\Bottle Gourd Disease Augmented Dataset\Pest Infestation\Pest Infestation00210_rotated_1494.jpg
1351,9fb25fdd8b201cf08415ccf03f4a2ad9e84c69c098bd56edf0ed92add60625d8,2,WITHIN_DATASET,BG05_CAIR,D:\AI_Agriculture_Dataset\RAW_DATASETS\Bottle_Gourd\BG05_CAIRrlder\CAIR-BGD-2025 Annotated Dataset\Bottle Gourd Disease Augmented Dataset\Pest Infestation\Pest Infestation00216_shifted_1292.jpg || D:\AI_Agriculture_Dataset\RAW_DATASETS\Bottle_Gourd\BG05_CAIRrlder\CAIR-BGD-2025 Annotated Dataset\Bottle Gourd Disease Augmented Dataset\Pest Infestation\Pest Infestation00216_shifted_1449.jpg
