index,true_class,predicted_class,confidence,correct,_confidence,_correct
1801,Pest_Infestation,Pest_Infestation,1.0,True,1.0,True
1792,Pest_Infestation,Pest_Infestation,1.0,True,1.0,True
1791,Pest_Infestation,Pest_Infestation,0.9999998807907104,True,0.9999998807907104,True
1816,Pest_Infestation,Pest_Infestation,0.9999997615814208,True,0.9999997615814208,True
1814,Pest_Infestation,Pest_Infestation,0.9999997615814208,True,0.9999997615814208,True
1802,Pest_Infestation,Pest_Infestation,0.9999997615814208,True,0.9999997615814208,True
628,Downy_Mildew,Downy_Mildew,0.9999995231628418,True,0.9999995231628418,True
1798,Pest_Infestation,Pest_Infestation,0.9999995231628418,True,0.9999995231628418,True
1081,Fungal_Damage_Leaf,Fungal_Damage_Leaf,0.9999995231628418,True,0.9999995231628418,True
1822,Pest_Infestation,Pest_Infestation,0.9999995231628418,True,0.9999995231628418,True
1795,Pest_Infestation,Pest_Infestation,0.9999994039535522,True,0.9999994039535522,True
828,Dry_Leaf,Dry_Leaf,0.9999992847442628,True,0.9999992847442628,True
1815,Pest_Infestation,Pest_Infestation,0.9999992847442628,True,0.9999992847442628,True
1805,Pest_Infestation,Pest_Infestation,0.9999990463256836,True,0.9999990463256836,True
1818,Pest_Infestation,Pest_Infestation,0.9999990463256836,True,0.9999990463256836,True
1778,Nutrition_Deficiency,Nutrition_Deficiency,0.9999990463256836,True,0.9999990463256836,True
1799,Pest_Infestation,Pest_Infestation,0.999998927116394,True,0.999998927116394,True
1800,Pest_Infestation,Pest_Infestation,0.999998927116394,True,0.999998927116394,True
1779,Nutrition_Deficiency,Nutrition_Deficiency,0.9999988079071044,True,0.9999988079071044,True
1783,Nutrition_Deficiency,Nutrition_Deficiency,0.9999988079071044,True,0.9999988079071044,True
1775,Nutrition_Deficiency,Nutrition_Deficiency,0.9999988079071044,True,0.9999988079071044,True
1819,Pest_Infestation,Pest_Infestation,0.9999985694885254,True,0.9999985694885254,True
1793,Pest_Infestation,Pest_Infestation,0.9999985694885254,True,0.9999985694885254,True
202,Anthracnose,Anthracnose,0.9999985694885254,True,0.9999985694885254,True
1717,Mosaic_Virus,Mosaic_Virus,0.9999983310699464,True,0.9999983310699464,True
1781,Nutrition_Deficiency,Nutrition_Deficiency,0.9999983310699464,True,0.9999983310699464,True
371,Anthracnose,Anthracnose,0.9999980926513672,True,0.9999980926513672,True
1149,Fungal_Damage_Leaf,Fungal_Damage_Leaf,0.9999979734420776,True,0.9999979734420776,True
1811,Pest_Infestation,Pest_Infestation,0.9999979734420776,True,0.9999979734420776,True
1803,Pest_Infestation,Pest_Infestation,0.999997854232788,True,0.999997854232788,True
1776,Nutrition_Deficiency,Nutrition_Deficiency,0.999997854232788,True,0.999997854232788,True
1780,Nutrition_Deficiency,Nutrition_Deficiency,0.9999977350234984,True,0.9999977350234984,True
455,Anthracnose,Anthracnose,0.9999977350234984,True,0.9999977350234984,True
819,Dry_Leaf,Dry_Leaf,0.9999974966049194,True,0.9999974966049194,True
1789,Nutrition_Deficiency,Nutrition_Deficiency,0.9999972581863404,True,0.9999972581863404,True
457,Anthracnose,Anthracnose,0.9999970197677612,True,0.9999970197677612,True
1810,Pest_Infestation,Pest_Infestation,0.9999970197677612,True,0.9999970197677612,True
437,Anthracnose,Anthracnose,0.9999969005584716,True,0.9999969005584716,True
1796,Pest_Infestation,Pest_Infestation,0.9999969005584716,True,0.9999969005584716,True
1293,Healthy,Healthy,0.9999969005584716,True,0.9999969005584716,True
1790,Pest_Infestation,Pest_Infestation,0.9999969005584716,True,0.9999969005584716,True
377,Anthracnose,Anthracnose,0.999996781349182,True,0.999996781349182,True
378,Anthracnose,Anthracnose,0.9999966621398926,True,0.9999966621398926,True
802,Dry_Leaf,Dry_Leaf,0.999996542930603,True,0.999996542930603,True
323,Anthracnose,Anthracnose,0.9999964237213136,True,0.9999964237213136,True
1147,Fungal_Damage_Leaf,Fungal_Damage_Leaf,0.9999964237213136,True,0.9999964237213136,True
491,Anthracnose,Anthracnose,0.9999964237213136,True,0.9999964237213136,True
376,Anthracnose,Anthracnose,0.999996304512024,True,0.999996304512024,True
1090,Fungal_Damage_Leaf,Fungal_Damage_Leaf,0.9999961853027344,True,0.9999961853027344,True
1787,Nutrition_Deficiency,Nutrition_Deficiency,0.9999959468841552,True,0.9999959468841552,True
1812,Pest_Infestation,Pest_Infestation,0.9999958276748656,True,0.9999958276748656,True
1181,Healthy,Healthy,0.9999957084655762,True,0.9999957084655762,True
1114,Fungal_Damage_Leaf,Fungal_Damage_Leaf,0.9999955892562866,True,0.9999955892562866,True
1786,Nutrition_Deficiency,Nutrition_Deficiency,0.9999955892562866,True,0.9999955892562866,True
518,Downy_Mildew,Downy_Mildew,0.9999953508377076,True,0.9999953508377076,True
1806,Pest_Infestation,Pest_Infestation,0.9999951124191284,True,0.9999951124191284,True
1060,Fungal_Damage_Leaf,Fungal_Damage_Leaf,0.9999949932098388,True,0.9999949932098388,True
560,Downy_Mildew,Downy_Mildew,0.9999947547912598,True,0.9999947547912598,True
820,Dry_Leaf,Dry_Leaf,0.9999946355819702,True,0.9999946355819702,True
1013,Fungal_Damage_Leaf,Fungal_Damage_Leaf,0.9999945163726808,True,0.9999945163726808,True
484,Anthracnose,Anthracnose,0.9999945163726808,True,0.9999945163726808,True
380,Anthracnose,Anthracnose,0.9999940395355223,True,0.9999940395355223,True
1137,Fungal_Damage_Leaf,Fungal_Damage_Leaf,0.9999939203262328,True,0.9999939203262328,True
1152,Fungal_Damage_Leaf,Fungal_Damage_Leaf,0.9999938011169434,True,0.9999938011169434,True
448,Anthracnose,Anthracnose,0.9999936819076538,True,0.9999936819076538,True
1804,Pest_Infestation,Pest_Infestation,0.9999936819076538,True,0.9999936819076538,True
488,Anthracnose,Anthracnose,0.9999935626983644,True,0.9999935626983644,True
824,Dry_Leaf,Dry_Leaf,0.9999935626983644,True,0.9999935626983644,True
603,Downy_Mildew,Downy_Mildew,0.9999934434890748,True,0.9999934434890748,True
454,Anthracnose,Anthracnose,0.9999933242797852,True,0.9999933242797852,True
381,Anthracnose,Anthracnose,0.9999932050704956,True,0.9999932050704956,True
1788,Nutrition_Deficiency,Nutrition_Deficiency,0.999993085861206,True,0.999993085861206,True
1122,Fungal_Damage_Leaf,Fungal_Damage_Leaf,0.9999927282333374,True,0.9999927282333374,True
1135,Fungal_Damage_Leaf,Fungal_Damage_Leaf,0.9999927282333374,True,0.9999927282333374,True
1168,Healthy,Healthy,0.9999924898147584,True,0.9999924898147584,True
596,Downy_Mildew,Downy_Mildew,0.9999923706054688,True,0.9999923706054688,True
1374,Healthy,Healthy,0.9999923706054688,True,0.9999923706054688,True
822,Dry_Leaf,Dry_Leaf,0.9999923706054688,True,0.9999923706054688,True
1794,Pest_Infestation,Pest_Infestation,0.9999922513961792,True,0.9999922513961792,True
426,Anthracnose,Anthracnose,0.9999922513961792,True,0.9999922513961792,True
1049,Fungal_Damage_Leaf,Fungal_Damage_Leaf,0.9999921321868896,True,0.9999921321868896,True
384,Anthracnose,Anthracnose,0.9999921321868896,True,0.9999921321868896,True
832,Dry_Leaf,Dry_Leaf,0.9999920129776,True,0.9999920129776,True
308,Anthracnose,Anthracnose,0.999991536140442,True,0.999991536140442,True
434,Anthracnose,Anthracnose,0.9999914169311525,True,0.9999914169311525,True
827,Dry_Leaf,Dry_Leaf,0.9999914169311525,True,0.9999914169311525,True
747,Downy_Mildew,Downy_Mildew,0.9999912977218628,True,0.9999912977218628,True
1797,Pest_Infestation,Pest_Infestation,0.9999912977218628,True,0.9999912977218628,True
374,Anthracnose,Anthracnose,0.9999908208847046,True,0.9999908208847046,True
492,Anthracnose,Anthracnose,0.9999905824661256,True,0.9999905824661256,True
1040,Fungal_Damage_Leaf,Fungal_Damage_Leaf,0.9999905824661256,True,0.9999905824661256,True
495,Anthracnose,Anthracnose,0.9999905824661256,True,0.9999905824661256,True
425,Anthracnose,Anthracnose,0.999990463256836,True,0.999990463256836,True
1821,Pest_Infestation,Pest_Infestation,0.9999902248382568,True,0.9999902248382568,True
1043,Fungal_Damage_Leaf,Fungal_Damage_Leaf,0.9999898672103882,True,0.9999898672103882,True
485,Anthracnose,Anthracnose,0.9999897480010986,True,0.9999897480010986,True
440,Anthracnose,Anthracnose,0.9999895095825196,True,0.9999895095825196,True
1784,Nutrition_Deficiency,Nutrition_Deficiency,0.9999892711639404,True,0.9999892711639404,True
1125,Fungal_Damage_Leaf,Fungal_Damage_Leaf,0.9999891519546508,True,0.9999891519546508,True
799,Dry_Leaf,Dry_Leaf,0.9999887943267822,True,0.9999887943267822,True
1782,Nutrition_Deficiency,Nutrition_Deficiency,0.9999886751174928,True,0.9999886751174928,True
1809,Pest_Infestation,Pest_Infestation,0.9999885559082032,True,0.9999885559082032,True
1019,Fungal_Damage_Leaf,Fungal_Damage_Leaf,0.9999880790710448,True,0.9999880790710448,True
1817,Pest_Infestation,Pest_Infestation,0.9999880790710448,True,0.9999880790710448,True
693,Downy_Mildew,Downy_Mildew,0.9999880790710448,True,0.9999880790710448,True
1067,Fungal_Damage_Leaf,Fungal_Damage_Leaf,0.9999879598617554,True,0.9999879598617554,True
450,Anthracnose,Anthracnose,0.9999879598617554,True,0.9999879598617554,True
604,Downy_Mildew,Downy_Mildew,0.9999876022338868,True,0.9999876022338868,True
692,Downy_Mildew,Downy_Mildew,0.9999874830245972,True,0.9999874830245972,True
680,Downy_Mildew,Downy_Mildew,0.9999873638153076,True,0.9999873638153076,True
734,Downy_Mildew,Downy_Mildew,0.9999873638153076,True,0.9999873638153076,True
811,Dry_Leaf,Dry_Leaf,0.999987244606018,True,0.999987244606018,True
1138,Fungal_Damage_Leaf,Fungal_Damage_Leaf,0.9999871253967284,True,0.9999871253967284,True
1528,Healthy,Healthy,0.9999871253967284,True,0.9999871253967284,True
803,Dry_Leaf,Dry_Leaf,0.999987006187439,True,0.999987006187439,True
422,Anthracnose,Anthracnose,0.99998676776886,True,0.99998676776886,True
1156,Fungal_Damage_Leaf,Fungal_Damage_Leaf,0.99998676776886,True,0.99998676776886,True
1270,Healthy,Healthy,0.9999866485595704,True,0.9999866485595704,True
726,Downy_Mildew,Downy_Mildew,0.9999864101409912,True,0.9999864101409912,True
572,Downy_Mildew,Downy_Mildew,0.9999862909317015,True,0.9999862909317015,True
465,Anthracnose,Anthracnose,0.9999860525131226,True,0.9999860525131226,True
412,Anthracnose,Anthracnose,0.999985933303833,True,0.999985933303833,True
1079,Fungal_Damage_Leaf,Fungal_Damage_Leaf,0.9999858140945436,True,0.9999858140945436,True
1139,Fungal_Damage_Leaf,Fungal_Damage_Leaf,0.9999854564666748,True,0.9999854564666748,True
1590,Healthy,Healthy,0.9999853372573853,True,0.9999853372573853,True
1813,Pest_Infestation,Pest_Infestation,0.9999853372573853,True,0.9999853372573853,True
1074,Fungal_Damage_Leaf,Fungal_Damage_Leaf,0.9999852180480956,True,0.9999852180480956,True
810,Dry_Leaf,Dry_Leaf,0.9999849796295166,True,0.9999849796295166,True
1011,Fungal_Damage_Leaf,Fungal_Damage_Leaf,0.9999847412109376,True,0.9999847412109376,True
489,Anthracnose,Anthracnose,0.9999845027923584,True,0.9999845027923584,True
503,Downy_Mildew,Downy_Mildew,0.9999841451644896,True,0.9999841451644896,True
1077,Fungal_Damage_Leaf,Fungal_Damage_Leaf,0.9999839067459106,True,0.9999839067459106,True
583,Downy_Mildew,Downy_Mildew,0.9999837875366212,True,0.9999837875366212,True
1118,Fungal_Damage_Leaf,Fungal_Damage_Leaf,0.9999837875366212,True,0.9999837875366212,True
424,Anthracnose,Anthracnose,0.9999836683273317,True,0.9999836683273317,True
1155,Fungal_Damage_Leaf,Fungal_Damage_Leaf,0.999983549118042,True,0.999983549118042,True
585,Downy_Mildew,Downy_Mildew,0.999983549118042,True,0.999983549118042,True
1053,Fungal_Damage_Leaf,Fungal_Damage_Leaf,0.9999834299087524,True,0.9999834299087524,True
1669,Mosaic_Virus,Mosaic_Virus,0.9999831914901732,True,0.9999831914901732,True
826,Dry_Leaf,Dry_Leaf,0.9999831914901732,True,0.9999831914901732,True
579,Downy_Mildew,Downy_Mildew,0.9999829530715942,True,0.9999829530715942,True
829,Dry_Leaf,Dry_Leaf,0.9999827146530152,True,0.9999827146530152,True
372,Anthracnose,Anthracnose,0.9999825954437256,True,0.9999825954437256,True
1240,Healthy,Healthy,0.9999819993972778,True,0.9999819993972778,True
443,Anthracnose,Anthracnose,0.9999819993972778,True,0.9999819993972778,True
1533,Healthy,Healthy,0.9999815225601196,True,0.9999815225601196,True
508,Downy_Mildew,Downy_Mildew,0.9999812841415404,True,0.9999812841415404,True
1006,Fungal_Damage_Leaf,Fungal_Damage_Leaf,0.9999812841415404,True,0.9999812841415404,True
807,Dry_Leaf,Dry_Leaf,0.999981164932251,True,0.999981164932251,True
1351,Healthy,Healthy,0.9999808073043824,True,0.9999808073043824,True
1069,Fungal_Damage_Leaf,Fungal_Damage_Leaf,0.9999804496765136,True,0.9999804496765136,True
804,Dry_Leaf,Dry_Leaf,0.999979853630066,True,0.999979853630066,True
1440,Healthy,Healthy,0.9999797344207764,True,0.9999797344207764,True
843,Dry_Leaf,Dry_Leaf,0.9999793767929076,True,0.9999793767929076,True
1036,Fungal_Damage_Leaf,Fungal_Damage_Leaf,0.9999793767929076,True,0.9999793767929076,True
1430,Healthy,Healthy,0.9999792575836182,True,0.9999792575836182,True
707,Downy_Mildew,Downy_Mildew,0.9999791383743286,True,0.9999791383743286,True
684,Downy_Mildew,Downy_Mildew,0.9999790191650392,True,0.9999790191650392,True
798,Dry_Leaf,Dry_Leaf,0.9999790191650392,True,0.9999790191650392,True
809,Dry_Leaf,Dry_Leaf,0.99997878074646,True,0.99997878074646,True
581,Downy_Mildew,Downy_Mildew,0.99997878074646,True,0.99997878074646,True
1512,Healthy,Healthy,0.9999786615371704,True,0.9999786615371704,True
668,Downy_Mildew,Downy_Mildew,0.9999786615371704,True,0.9999786615371704,True
647,Downy_Mildew,Downy_Mildew,0.9999786615371704,True,0.9999786615371704,True
459,Anthracnose,Anthracnose,0.9999785423278807,True,0.9999785423278807,True
475,Anthracnose,Anthracnose,0.9999785423278807,True,0.9999785423278807,True
817,Dry_Leaf,Dry_Leaf,0.9999784231185912,True,0.9999784231185912,True
1535,Healthy,Healthy,0.9999778270721436,True,0.9999778270721436,True
830,Dry_Leaf,Dry_Leaf,0.999977707862854,True,0.999977707862854,True
698,Downy_Mildew,Downy_Mildew,0.999977707862854,True,0.999977707862854,True
263,Anthracnose,Anthracnose,0.9999775886535645,True,0.9999775886535645,True
838,Dry_Leaf,Dry_Leaf,0.9999774694442748,True,0.9999774694442748,True
1096,Fungal_Damage_Leaf,Fungal_Damage_Leaf,0.9999772310256958,True,0.9999772310256958,True
1134,Fungal_Damage_Leaf,Fungal_Damage_Leaf,0.9999771118164062,True,0.9999771118164062,True
930,Early_Alternaria_Leaf_Blight,Early_Alternaria_Leaf_Blight,0.9999769926071168,True,0.9999769926071168,True
700,Downy_Mildew,Downy_Mildew,0.9999762773513794,True,0.9999762773513794,True
744,Downy_Mildew,Downy_Mildew,0.9999762773513794,True,0.9999762773513794,True
498,Anthracnose,Anthracnose,0.9999761581420898,True,0.9999761581420898,True
1808,Pest_Infestation,Pest_Infestation,0.9999756813049316,True,0.9999756813049316,True
299,Anthracnose,Anthracnose,0.9999756813049316,True,0.9999756813049316,True
413,Anthracnose,Anthracnose,0.999975562095642,True,0.999975562095642,True
1330,Healthy,Healthy,0.999975323677063,True,0.999975323677063,True
1523,Healthy,Healthy,0.999975323677063,True,0.999975323677063,True
1052,Fungal_Damage_Leaf,Fungal_Damage_Leaf,0.9999752044677734,True,0.9999752044677734,True
1375,Healthy,Healthy,0.999975085258484,True,0.999975085258484,True
1124,Fungal_Damage_Leaf,Fungal_Damage_Leaf,0.9999749660491944,True,0.9999749660491944,True
1263,Healthy,Healthy,0.9999743700027466,True,0.9999743700027466,True
324,Anthracnose,Anthracnose,0.999974012374878,True,0.999974012374878,True
1589,Healthy,Healthy,0.9999738931655884,True,0.9999738931655884,True
1777,Nutrition_Deficiency,Nutrition_Deficiency,0.9999738931655884,True,0.9999738931655884,True
722,Downy_Mildew,Downy_Mildew,0.9999737739562988,True,0.9999737739562988,True
825,Dry_Leaf,Dry_Leaf,0.9999736547470092,True,0.9999736547470092,True
439,Anthracnose,Anthracnose,0.9999735355377196,True,0.9999735355377196,True
404,Anthracnose,Anthracnose,0.9999734163284302,True,0.9999734163284302,True
952,Early_Alternaria_Leaf_Blight,Early_Alternaria_Leaf_Blight,0.9999731779098512,True,0.9999731779098512,True
1016,Fungal_Damage_Leaf,Fungal_Damage_Leaf,0.9999730587005616,True,0.9999730587005616,True
691,Downy_Mildew,Downy_Mildew,0.9999728202819824,True,0.9999728202819824,True
1250,Healthy,Healthy,0.9999728202819824,True,0.9999728202819824,True
727,Downy_Mildew,Downy_Mildew,0.9999724626541138,True,0.9999724626541138,True
1136,Fungal_Damage_Leaf,Fungal_Damage_Leaf,0.9999724626541138,True,0.9999724626541138,True
1191,Healthy,Healthy,0.9999723434448242,True,0.9999723434448242,True
396,Anthracnose,Anthracnose,0.9999722242355348,True,0.9999722242355348,True
1258,Healthy,Healthy,0.9999715089797974,True,0.9999715089797974,True
486,Anthracnose,Anthracnose,0.9999712705612184,True,0.9999712705612184,True
586,Downy_Mildew,Downy_Mildew,0.9999706745147704,True,0.9999706745147704,True
834,Dry_Leaf,Dry_Leaf,0.999970555305481,True,0.999970555305481,True
456,Anthracnose,Anthracnose,0.999970316886902,True,0.999970316886902,True
1008,Fungal_Damage_Leaf,Fungal_Damage_Leaf,0.9999699592590332,True,0.9999699592590332,True
1276,Healthy,Healthy,0.9999699592590332,True,0.9999699592590332,True
712,Downy_Mildew,Downy_Mildew,0.9999698400497437,True,0.9999698400497437,True
686,Downy_Mildew,Downy_Mildew,0.999969720840454,True,0.999969720840454,True
216,Anthracnose,Anthracnose,0.9999696016311646,True,0.9999696016311646,True
375,Anthracnose,Anthracnose,0.9999696016311646,True,0.9999696016311646,True
812,Dry_Leaf,Dry_Leaf,0.9999696016311646,True,0.9999696016311646,True
679,Downy_Mildew,Downy_Mildew,0.9999688863754272,True,0.9999688863754272,True
646,Downy_Mildew,Downy_Mildew,0.999968647956848,True,0.999968647956848,True
801,Dry_Leaf,Dry_Leaf,0.999968409538269,True,0.999968409538269,True
1769,Mosaic_Virus,Mosaic_Virus,0.9999676942825316,True,0.9999676942825316,True
1820,Pest_Infestation,Pest_Infestation,0.9999673366546632,True,0.9999673366546632,True
1588,Healthy,Healthy,0.9999665021896362,True,0.9999665021896362,True
1130,Fungal_Damage_Leaf,Fungal_Damage_Leaf,0.9999662637710572,True,0.9999662637710572,True
1030,Fungal_Damage_Leaf,Fungal_Damage_Leaf,0.9999662637710572,True,0.9999662637710572,True
283,Anthracnose,Anthracnose,0.999966025352478,True,0.999966025352478,True
685,Downy_Mildew,Downy_Mildew,0.999966025352478,True,0.999966025352478,True
844,Dry_Leaf,Dry_Leaf,0.9999659061431884,True,0.9999659061431884,True
1209,Healthy,Healthy,0.9999657869338988,True,0.9999657869338988,True
1035,Fungal_Damage_Leaf,Fungal_Damage_Leaf,0.9999656677246094,True,0.9999656677246094,True
1557,Healthy,Healthy,0.9999654293060304,True,0.9999654293060304,True
1066,Fungal_Damage_Leaf,Fungal_Damage_Leaf,0.9999654293060304,True,0.9999654293060304,True
794,Downy_Mildew,Downy_Mildew,0.9999653100967408,True,0.9999653100967408,True
1529,Healthy,Healthy,0.9999653100967408,True,0.9999653100967408,True
1146,Fungal_Damage_Leaf,Fungal_Damage_Leaf,0.999964952468872,True,0.999964952468872,True
840,Dry_Leaf,Dry_Leaf,0.999964714050293,True,0.999964714050293,True
463,Anthracnose,Anthracnose,0.9999645948410034,True,0.9999645948410034,True
1044,Fungal_Damage_Leaf,Fungal_Damage_Leaf,0.9999639987945556,True,0.9999639987945556,True
1303,Healthy,Healthy,0.999963879585266,True,0.999963879585266,True
1033,Fungal_Damage_Leaf,Fungal_Damage_Leaf,0.999963402748108,True,0.999963402748108,True
411,Anthracnose,Anthracnose,0.9999632835388184,True,0.9999632835388184,True
1500,Healthy,Healthy,0.9999632835388184,True,0.9999632835388184,True
1469,Healthy,Healthy,0.9999624490737916,True,0.9999624490737916,True
800,Dry_Leaf,Dry_Leaf,0.9999624490737916,True,0.9999624490737916,True
818,Dry_Leaf,Dry_Leaf,0.999962329864502,True,0.999962329864502,True
738,Downy_Mildew,Downy_Mildew,0.9999622106552124,True,0.9999622106552124,True
831,Dry_Leaf,Dry_Leaf,0.9999620914459229,True,0.9999620914459229,True
1211,Healthy,Healthy,0.9999620914459229,True,0.9999620914459229,True
423,Anthracnose,Anthracnose,0.9999620914459229,True,0.9999620914459229,True
525,Downy_Mildew,Downy_Mildew,0.9999619722366332,True,0.9999619722366332,True
1530,Healthy,Healthy,0.9999619722366332,True,0.9999619722366332,True
1199,Healthy,Healthy,0.9999616146087646,True,0.9999616146087646,True
1042,Fungal_Damage_Leaf,Fungal_Damage_Leaf,0.9999613761901855,True,0.9999613761901855,True
1045,Fungal_Damage_Leaf,Fungal_Damage_Leaf,0.999961256980896,True,0.999961256980896,True
805,Dry_Leaf,Dry_Leaf,0.999961256980896,True,0.999961256980896,True
212,Anthracnose,Anthracnose,0.9999610185623168,True,0.9999610185623168,True
873,Early_Alternaria_Leaf_Blight,Early_Alternaria_Leaf_Blight,0.9999603033065796,True,0.9999603033065796,True
1546,Healthy,Healthy,0.9999603033065796,True,0.9999603033065796,True
482,Anthracnose,Anthracnose,0.99996018409729,True,0.99996018409729,True
458,Anthracnose,Anthracnose,0.99996018409729,True,0.99996018409729,True
791,Downy_Mildew,Downy_Mildew,0.9999599456787108,True,0.9999599456787108,True
678,Downy_Mildew,Downy_Mildew,0.9999598264694214,True,0.9999598264694214,True
1007,Fungal_Damage_Leaf,Fungal_Damage_Leaf,0.9999597072601318,True,0.9999597072601318,True
379,Anthracnose,Anthracnose,0.9999594688415528,True,0.9999594688415528,True
1548,Healthy,Healthy,0.9999592304229736,True,0.9999592304229736,True
496,Anthracnose,Anthracnose,0.9999592304229736,True,0.9999592304229736,True
659,Downy_Mildew,Downy_Mildew,0.9999592304229736,True,0.9999592304229736,True
1308,Healthy,Healthy,0.999959111213684,True,0.999959111213684,True
1352,Healthy,Healthy,0.999959111213684,True,0.999959111213684,True
1032,Fungal_Damage_Leaf,Fungal_Damage_Leaf,0.999958872795105,True,0.999958872795105,True
1219,Healthy,Healthy,0.999958872795105,True,0.999958872795105,True
320,Anthracnose,Anthracnose,0.999958872795105,True,0.999958872795105,True
418,Anthracnose,Anthracnose,0.9999587535858154,True,0.9999587535858154,True
1063,Fungal_Damage_Leaf,Fungal_Damage_Leaf,0.999958038330078,True,0.999958038330078,True
845,Dry_Leaf,Dry_Leaf,0.999958038330078,True,0.999958038330078,True
690,Downy_Mildew,Downy_Mildew,0.999958038330078,True,0.999958038330078,True
1472,Healthy,Healthy,0.999957799911499,True,0.999957799911499,True
848,Dry_Leaf,Dry_Leaf,0.9999576807022096,True,0.9999576807022096,True
1014,Fungal_Damage_Leaf,Fungal_Damage_Leaf,0.99995756149292,True,0.99995756149292,True
1627,Mosaic_Virus,Mosaic_Virus,0.9999574422836304,True,0.9999574422836304,True
1547,Healthy,Healthy,0.9999573230743408,True,0.9999573230743408,True
607,Downy_Mildew,Downy_Mildew,0.9999570846557616,True,0.9999570846557616,True
543,Downy_Mildew,Downy_Mildew,0.9999569654464722,True,0.9999569654464722,True
1133,Fungal_Damage_Leaf,Fungal_Damage_Leaf,0.9999563694000244,True,0.9999563694000244,True
851,Dry_Leaf,Dry_Leaf,0.9999562501907348,True,0.9999562501907348,True
649,Downy_Mildew,Downy_Mildew,0.9999562501907348,True,0.9999562501907348,True
1563,Healthy,Healthy,0.9999561309814452,True,0.9999561309814452,True
662,Downy_Mildew,Downy_Mildew,0.9999560117721558,True,0.9999560117721558,True
627,Downy_Mildew,Downy_Mildew,0.9999558925628662,True,0.9999558925628662,True
850,Dry_Leaf,Dry_Leaf,0.9999556541442872,True,0.9999556541442872,True
205,Anthracnose,Anthracnose,0.9999552965164183,True,0.9999552965164183,True
408,Anthracnose,Anthracnose,0.9999551773071288,True,0.9999551773071288,True
1659,Mosaic_Virus,Mosaic_Virus,0.9999550580978394,True,0.9999550580978394,True
750,Downy_Mildew,Downy_Mildew,0.999954342842102,True,0.999954342842102,True
530,Downy_Mildew,Downy_Mildew,0.999954342842102,True,0.999954342842102,True
570,Downy_Mildew,Downy_Mildew,0.9999539852142334,True,0.9999539852142334,True
1217,Healthy,Healthy,0.9999539852142334,True,0.9999539852142334,True
249,Anthracnose,Anthracnose,0.9999537467956544,True,0.9999537467956544,True
1148,Fungal_Damage_Leaf,Fungal_Damage_Leaf,0.9999531507492064,True,0.9999531507492064,True
201,Anthracnose,Anthracnose,0.9999531507492064,True,0.9999531507492064,True
1061,Fungal_Damage_Leaf,Fungal_Damage_Leaf,0.9999529123306274,True,0.9999529123306274,True
436,Anthracnose,Anthracnose,0.9999526739120485,True,0.9999526739120485,True
1532,Healthy,Healthy,0.9999516010284424,True,0.9999516010284424,True
382,Anthracnose,Anthracnose,0.9999513626098632,True,0.9999513626098632,True
464,Anthracnose,Anthracnose,0.9999513626098632,True,0.9999513626098632,True
921,Early_Alternaria_Leaf_Blight,Early_Alternaria_Leaf_Blight,0.9999512434005736,True,0.9999512434005736,True
1350,Healthy,Healthy,0.9999510049819946,True,0.9999510049819946,True
1266,Healthy,Healthy,0.999950647354126,True,0.999950647354126,True
1513,Healthy,Healthy,0.9999502897262572,True,0.9999502897262572,True
1807,Pest_Infestation,Pest_Infestation,0.9999502897262572,True,0.9999502897262572,True
1195,Healthy,Healthy,0.9999502897262572,True,0.9999502897262572,True
806,Dry_Leaf,Dry_Leaf,0.9999494552612304,True,0.9999494552612304,True
565,Downy_Mildew,Downy_Mildew,0.9999494552612304,True,0.9999494552612304,True
808,Dry_Leaf,Dry_Leaf,0.9999493360519408,True,0.9999493360519408,True
735,Downy_Mildew,Downy_Mildew,0.9999489784240724,True,0.9999489784240724,True
915,Early_Alternaria_Leaf_Blight,Early_Alternaria_Leaf_Blight,0.999948501586914,True,0.999948501586914,True
1140,Fungal_Damage_Leaf,Fungal_Damage_Leaf,0.9999483823776244,True,0.9999483823776244,True
874,Early_Alternaria_Leaf_Blight,Early_Alternaria_Leaf_Blight,0.9999483823776244,True,0.9999483823776244,True
522,Downy_Mildew,Downy_Mildew,0.9999476671218872,True,0.9999476671218872,True
502,Downy_Mildew,Downy_Mildew,0.9999475479125975,True,0.9999475479125975,True
1167,Healthy,Healthy,0.999947428703308,True,0.999947428703308,True
1087,Fungal_Damage_Leaf,Fungal_Damage_Leaf,0.9999473094940186,True,0.9999473094940186,True
841,Dry_Leaf,Dry_Leaf,0.9999470710754396,True,0.9999470710754396,True
1313,Healthy,Healthy,0.9999468326568604,True,0.9999468326568604,True
1288,Healthy,Healthy,0.9999465942382812,True,0.9999465942382812,True
1531,Healthy,Healthy,0.9999455213546752,True,0.9999455213546752,True
669,Downy_Mildew,Downy_Mildew,0.9999455213546752,True,0.9999455213546752,True
419,Anthracnose,Anthracnose,0.9999451637268066,True,0.9999451637268066,True
449,Anthracnose,Anthracnose,0.9999449253082277,True,0.9999449253082277,True
852,Dry_Leaf,Dry_Leaf,0.999944806098938,True,0.999944806098938,True
1570,Healthy,Healthy,0.9999446868896484,True,0.9999446868896484,True
1194,Healthy,Healthy,0.9999446868896484,True,0.9999446868896484,True
1264,Healthy,Healthy,0.9999445676803588,True,0.9999445676803588,True
466,Anthracnose,Anthracnose,0.9999443292617798,True,0.9999443292617798,True
245,Anthracnose,Anthracnose,0.9999443292617798,True,0.9999443292617798,True
1071,Fungal_Damage_Leaf,Fungal_Damage_Leaf,0.9999440908432008,True,0.9999440908432008,True
1208,Healthy,Healthy,0.999943733215332,True,0.999943733215332,True
1212,Healthy,Healthy,0.9999427795410156,True,0.9999427795410156,True
936,Early_Alternaria_Leaf_Blight,Early_Alternaria_Leaf_Blight,0.9999423027038574,True,0.9999423027038574,True
476,Anthracnose,Anthracnose,0.999942183494568,True,0.999942183494568,True
1158,Healthy,Healthy,0.999942183494568,True,0.999942183494568,True
1180,Healthy,Healthy,0.9999417066574096,True,0.9999417066574096,True
655,Downy_Mildew,Downy_Mildew,0.999941349029541,True,0.999941349029541,True
500,Anthracnose,Anthracnose,0.9999409914016724,True,0.9999409914016724,True
1120,Fungal_Damage_Leaf,Fungal_Damage_Leaf,0.9999408721923828,True,0.9999408721923828,True
1084,Fungal_Damage_Leaf,Fungal_Damage_Leaf,0.9999408721923828,True,0.9999408721923828,True
1559,Healthy,Healthy,0.9999407529830932,True,0.9999407529830932,True
399,Anthracnose,Anthracnose,0.9999407529830932,True,0.9999407529830932,True
701,Downy_Mildew,Downy_Mildew,0.9999406337738036,True,0.9999406337738036,True
472,Anthracnose,Anthracnose,0.9999405145645142,True,0.9999405145645142,True
833,Dry_Leaf,Dry_Leaf,0.9999403953552246,True,0.9999403953552246,True
1534,Healthy,Healthy,0.9999401569366456,True,0.9999401569366456,True
1100,Fungal_Damage_Leaf,Fungal_Damage_Leaf,0.999940037727356,True,0.999940037727356,True
403,Anthracnose,Anthracnose,0.9999397993087769,True,0.9999397993087769,True
1157,Fungal_Damage_Leaf,Fungal_Damage_Leaf,0.9999393224716188,True,0.9999393224716188,True
1251,Healthy,Healthy,0.9999390840530396,True,0.9999390840530396,True
446,Anthracnose,Anthracnose,0.99993896484375,True,0.99993896484375,True
1117,Fungal_Damage_Leaf,Fungal_Damage_Leaf,0.9999388456344604,True,0.9999388456344604,True
1564,Healthy,Healthy,0.9999388456344604,True,0.9999388456344604,True
1376,Healthy,Healthy,0.9999387264251708,True,0.9999387264251708,True
1123,Fungal_Damage_Leaf,Fungal_Damage_Leaf,0.9999384880065918,True,0.9999384880065918,True
428,Anthracnose,Anthracnose,0.999937891960144,True,0.999937891960144,True
681,Downy_Mildew,Downy_Mildew,0.9999376535415648,True,0.9999376535415648,True
1402,Healthy,Healthy,0.9999375343322754,True,0.9999375343322754,True
390,Anthracnose,Anthracnose,0.9999375343322754,True,0.9999375343322754,True
995,Early_Alternaria_Leaf_Blight,Early_Alternaria_Leaf_Blight,0.9999370574951172,True,0.9999370574951172,True
676,Downy_Mildew,Downy_Mildew,0.9999369382858276,True,0.9999369382858276,True
978,Early_Alternaria_Leaf_Blight,Early_Alternaria_Leaf_Blight,0.9999369382858276,True,0.9999369382858276,True
1460,Healthy,Healthy,0.999936819076538,True,0.999936819076538,True
839,Dry_Leaf,Dry_Leaf,0.9999361038208008,True,0.9999361038208008,True
1173,Healthy,Healthy,0.9999361038208008,True,0.9999361038208008,True
837,Dry_Leaf,Dry_Leaf,0.999935507774353,True,0.999935507774353,True
729,Downy_Mildew,Downy_Mildew,0.9999351501464844,True,0.9999351501464844,True
1113,Fungal_Damage_Leaf,Fungal_Damage_Leaf,0.9999350309371948,True,0.9999350309371948,True
1423,Healthy,Healthy,0.9999349117279052,True,0.9999349117279052,True
1192,Healthy,Healthy,0.9999346733093262,True,0.9999346733093262,True
1001,Early_Alternaria_Leaf_Blight,Early_Alternaria_Leaf_Blight,0.9999344348907472,True,0.9999344348907472,True
599,Downy_Mildew,Downy_Mildew,0.9999344348907472,True,0.9999344348907472,True
397,Anthracnose,Anthracnose,0.9999340772628784,True,0.9999340772628784,True
417,Anthracnose,Anthracnose,0.9999336004257202,True,0.9999336004257202,True
1302,Healthy,Healthy,0.9999330043792723,True,0.9999330043792723,True
842,Dry_Leaf,Dry_Leaf,0.9999330043792723,True,0.9999330043792723,True
1425,Healthy,Healthy,0.9999322891235352,True,0.9999322891235352,True
1329,Healthy,Healthy,0.9999321699142456,True,0.9999321699142456,True
688,Downy_Mildew,Downy_Mildew,0.9999321699142456,True,0.9999321699142456,True
664,Downy_Mildew,Downy_Mildew,0.9999316930770874,True,0.9999316930770874,True
754,Downy_Mildew,Downy_Mildew,0.99993097782135,True,0.99993097782135,True
444,Anthracnose,Anthracnose,0.9999301433563232,True,0.9999301433563232,True
793,Downy_Mildew,Downy_Mildew,0.9999300241470336,True,0.9999300241470336,True
1580,Healthy,Healthy,0.9999297857284546,True,0.9999297857284546,True
814,Dry_Leaf,Dry_Leaf,0.9999295473098756,True,0.9999295473098756,True
429,Anthracnose,Anthracnose,0.9999293088912964,True,0.9999293088912964,True
1549,Healthy,Healthy,0.9999291896820068,True,0.9999291896820068,True
1151,Fungal_Damage_Leaf,Fungal_Damage_Leaf,0.9999291896820068,True,0.9999291896820068,True
479,Anthracnose,Anthracnose,0.9999290704727172,True,0.9999290704727172,True
813,Dry_Leaf,Dry_Leaf,0.9999289512634276,True,0.9999289512634276,True
1526,Healthy,Healthy,0.9999279975891112,True,0.9999279975891112,True
1331,Healthy,Healthy,0.9999278783798218,True,0.9999278783798218,True
1221,Healthy,Healthy,0.9999278783798218,True,0.9999278783798218,True
960,Early_Alternaria_Leaf_Blight,Early_Alternaria_Leaf_Blight,0.9999277591705322,True,0.9999277591705322,True
973,Early_Alternaria_Leaf_Blight,Early_Alternaria_Leaf_Blight,0.9999275207519532,True,0.9999275207519532,True
1476,Healthy,Healthy,0.9999266862869264,True,0.9999266862869264,True
1054,Fungal_Damage_Leaf,Fungal_Damage_Leaf,0.9999264478683472,True,0.9999264478683472,True
493,Anthracnose,Anthracnose,0.999926209449768,True,0.999926209449768,True
1387,Healthy,Healthy,0.9999258518218994,True,0.9999258518218994,True
1301,Healthy,Healthy,0.9999258518218994,True,0.9999258518218994,True
717,Downy_Mildew,Downy_Mildew,0.9999256134033204,True,0.9999256134033204,True
1368,Healthy,Healthy,0.999924898147583,True,0.999924898147583,True
1509,Healthy,Healthy,0.9999243021011353,True,0.9999243021011353,True
442,Anthracnose,Anthracnose,0.999923825263977,True,0.999923825263977,True
1311,Healthy,Healthy,0.9999231100082396,True,0.9999231100082396,True
1591,Healthy,Healthy,0.9999227523803712,True,0.9999227523803712,True
1726,Mosaic_Virus,Mosaic_Virus,0.9999226331710817,True,0.9999226331710817,True
699,Downy_Mildew,Downy_Mildew,0.9999222755432128,True,0.9999222755432128,True
407,Anthracnose,Anthracnose,0.9999217987060548,True,0.9999217987060548,True
687,Downy_Mildew,Downy_Mildew,0.9999213218688964,True,0.9999213218688964,True
715,Downy_Mildew,Downy_Mildew,0.9999208450317384,True,0.9999208450317384,True
1579,Healthy,Healthy,0.9999196529388428,True,0.9999196529388428,True
453,Anthracnose,Anthracnose,0.9999196529388428,True,0.9999196529388428,True
1039,Fungal_Damage_Leaf,Fungal_Damage_Leaf,0.999919295310974,True,0.999919295310974,True
1189,Healthy,Healthy,0.9999183416366576,True,0.9999183416366576,True
637,Downy_Mildew,Downy_Mildew,0.99991774559021,True,0.99991774559021,True
1538,Healthy,Healthy,0.9999175071716307,True,0.9999175071716307,True
451,Anthracnose,Anthracnose,0.9999173879623412,True,0.9999173879623412,True
776,Downy_Mildew,Downy_Mildew,0.9999171495437622,True,0.9999171495437622,True
1399,Healthy,Healthy,0.9999170303344728,True,0.9999170303344728,True
702,Downy_Mildew,Downy_Mildew,0.9999169111251832,True,0.9999169111251832,True
420,Anthracnose,Anthracnose,0.9999165534973145,True,0.9999165534973145,True
745,Downy_Mildew,Downy_Mildew,0.9999159574508668,True,0.9999159574508668,True
957,Early_Alternaria_Leaf_Blight,Early_Alternaria_Leaf_Blight,0.9999159574508668,True,0.9999159574508668,True
1465,Healthy,Healthy,0.9999154806137084,True,0.9999154806137084,True
386,Anthracnose,Anthracnose,0.9999151229858398,True,0.9999151229858398,True
893,Early_Alternaria_Leaf_Blight,Early_Alternaria_Leaf_Blight,0.9999151229858398,True,0.9999151229858398,True
1201,Healthy,Healthy,0.9999148845672609,True,0.9999148845672609,True
760,Downy_Mildew,Downy_Mildew,0.9999148845672609,True,0.9999148845672609,True
1487,Healthy,Healthy,0.9999147653579712,True,0.9999147653579712,True
1046,Fungal_Damage_Leaf,Fungal_Damage_Leaf,0.9999141693115234,True,0.9999141693115234,True
1473,Healthy,Healthy,0.999914050102234,True,0.999914050102234,True
733,Downy_Mildew,Downy_Mildew,0.9999138116836548,True,0.9999138116836548,True
370,Anthracnose,Anthracnose,0.9999135732650756,True,0.9999135732650756,True
743,Downy_Mildew,Downy_Mildew,0.9999135732650756,True,0.9999135732650756,True
1371,Healthy,Healthy,0.9999135732650756,True,0.9999135732650756,True
1485,Healthy,Healthy,0.9999128580093384,True,0.9999128580093384,True
406,Anthracnose,Anthracnose,0.9999120235443116,True,0.9999120235443116,True
1490,Healthy,Healthy,0.9999117851257324,True,0.9999117851257324,True
652,Downy_Mildew,Downy_Mildew,0.9999116659164428,True,0.9999116659164428,True
252,Anthracnose,Anthracnose,0.9999111890792848,True,0.9999111890792848,True
528,Downy_Mildew,Downy_Mildew,0.9999109506607056,True,0.9999109506607056,True
635,Downy_Mildew,Downy_Mildew,0.9999091625213624,True,0.9999091625213624,True
706,Downy_Mildew,Downy_Mildew,0.9999089241027832,True,0.9999089241027832,True
537,Downy_Mildew,Downy_Mildew,0.999908447265625,True,0.999908447265625,True
1428,Healthy,Healthy,0.999908447265625,True,0.999908447265625,True
752,Downy_Mildew,Downy_Mildew,0.999907612800598,True,0.999907612800598,True
779,Downy_Mildew,Downy_Mildew,0.999907374382019,True,0.999907374382019,True
430,Anthracnose,Anthracnose,0.99990713596344,True,0.99990713596344,True
1502,Healthy,Healthy,0.99990713596344,True,0.99990713596344,True
1222,Healthy,Healthy,0.9999068975448608,True,0.9999068975448608,True
1064,Fungal_Damage_Leaf,Fungal_Damage_Leaf,0.9999065399169922,True,0.9999065399169922,True
1020,Fungal_Damage_Leaf,Fungal_Damage_Leaf,0.9999059438705444,True,0.9999059438705444,True
1297,Healthy,Healthy,0.9999055862426758,True,0.9999055862426758,True
1386,Healthy,Healthy,0.9999054670333862,True,0.9999054670333862,True
762,Downy_Mildew,Downy_Mildew,0.9999052286148072,True,0.9999052286148072,True
409,Anthracnose,Anthracnose,0.9999045133590698,True,0.9999045133590698,True
1698,Mosaic_Virus,Mosaic_Virus,0.9999035596847534,True,0.9999035596847534,True
1170,Healthy,Healthy,0.9999035596847534,True,0.9999035596847534,True
1082,Fungal_Damage_Leaf,Fungal_Damage_Leaf,0.9999035596847534,True,0.9999035596847534,True
1281,Healthy,Healthy,0.9999033212661744,True,0.9999033212661744,True
563,Downy_Mildew,Downy_Mildew,0.9999032020568848,True,0.9999032020568848,True
663,Downy_Mildew,Downy_Mildew,0.9999030828475952,True,0.9999030828475952,True
1239,Healthy,Healthy,0.999902844429016,True,0.999902844429016,True
1494,Healthy,Healthy,0.9999024868011476,True,0.9999024868011476,True
388,Anthracnose,Anthracnose,0.9999016523361206,True,0.9999016523361206,True
1364,Healthy,Healthy,0.999901294708252,True,0.999901294708252,True
642,Downy_Mildew,Downy_Mildew,0.9998997449874878,True,0.9998997449874878,True
1143,Fungal_Damage_Leaf,Fungal_Damage_Leaf,0.9998990297317504,True,0.9998990297317504,True
1498,Healthy,Healthy,0.9998989105224608,True,0.9998989105224608,True
1041,Fungal_Damage_Leaf,Fungal_Damage_Leaf,0.9998979568481444,True,0.9998979568481444,True
1503,Healthy,Healthy,0.9998962879180908,True,0.9998962879180908,True
1028,Fungal_Damage_Leaf,Fungal_Damage_Leaf,0.9998959302902222,True,0.9998959302902222,True
385,Anthracnose,Anthracnose,0.9998956918716432,True,0.9998956918716432,True
427,Anthracnose,Anthracnose,0.9998955726623536,True,0.9998955726623536,True
401,Anthracnose,Anthracnose,0.9998952150344848,True,0.9998952150344848,True
836,Dry_Leaf,Dry_Leaf,0.9998952150344848,True,0.9998952150344848,True
416,Anthracnose,Anthracnose,0.9998946189880372,True,0.9998946189880372,True
1068,Fungal_Damage_Leaf,Fungal_Damage_Leaf,0.9998934268951416,True,0.9998934268951416,True
1558,Healthy,Healthy,0.9998928308486938,True,0.9998928308486938,True
1062,Fungal_Damage_Leaf,Fungal_Damage_Leaf,0.9998923540115356,True,0.9998923540115356,True
1470,Healthy,Healthy,0.999891996383667,True,0.999891996383667,True
387,Anthracnose,Anthracnose,0.9998915195465088,True,0.9998915195465088,True
432,Anthracnose,Anthracnose,0.9998914003372192,True,0.9998914003372192,True
674,Downy_Mildew,Downy_Mildew,0.9998908042907716,True,0.9998908042907716,True
220,Anthracnose,Anthracnose,0.9998903274536132,True,0.9998903274536132,True
405,Anthracnose,Anthracnose,0.9998902082443236,True,0.9998902082443236,True
709,Downy_Mildew,Downy_Mildew,0.9998897314071656,True,0.9998897314071656,True
1171,Healthy,Healthy,0.999889612197876,True,0.999889612197876,True
616,Downy_Mildew,Downy_Mildew,0.999889612197876,True,0.999889612197876,True
1571,Healthy,Healthy,0.999889612197876,True,0.999889612197876,True
942,Early_Alternaria_Leaf_Blight,Early_Alternaria_Leaf_Blight,0.9998894929885864,True,0.9998894929885864,True
1078,Fungal_Damage_Leaf,Fungal_Damage_Leaf,0.9998893737792968,True,0.9998893737792968,True
821,Dry_Leaf,Dry_Leaf,0.9998867511749268,True,0.9998867511749268,True
447,Anthracnose,Anthracnose,0.9998866319656372,True,0.9998866319656372,True
847,Dry_Leaf,Dry_Leaf,0.999884843826294,True,0.999884843826294,True
1511,Healthy,Healthy,0.999884843826294,True,0.999884843826294,True
515,Downy_Mildew,Downy_Mildew,0.9998836517333984,True,0.9998836517333984,True
1323,Healthy,Healthy,0.9998832941055298,True,0.9998832941055298,True
1419,Healthy,Healthy,0.9998828172683716,True,0.9998828172683716,True
969,Early_Alternaria_Leaf_Blight,Early_Alternaria_Leaf_Blight,0.9998815059661864,True,0.9998815059661864,True
1763,Mosaic_Virus,Mosaic_Virus,0.999880075454712,True,0.999880075454712,True
711,Downy_Mildew,Downy_Mildew,0.9998799562454224,True,0.9998799562454224,True
1059,Fungal_Damage_Leaf,Fungal_Damage_Leaf,0.9998797178268432,True,0.9998797178268432,True
1051,Fungal_Damage_Leaf,Fungal_Damage_Leaf,0.9998797178268432,True,0.9998797178268432,True
1009,Fungal_Damage_Leaf,Fungal_Damage_Leaf,0.9998795986175536,True,0.9998795986175536,True
665,Downy_Mildew,Downy_Mildew,0.9998794794082642,True,0.9998794794082642,True
1188,Healthy,Healthy,0.9998793601989746,True,0.9998793601989746,True
1357,Healthy,Healthy,0.9998786449432372,True,0.9998786449432372,True
1458,Healthy,Healthy,0.9998784065246582,True,0.9998784065246582,True
474,Anthracnose,Anthracnose,0.9998780488967896,True,0.9998780488967896,True
1382,Healthy,Healthy,0.9998780488967896,True,0.9998780488967896,True
1205,Healthy,Healthy,0.9998778104782104,True,0.9998778104782104,True
1094,Fungal_Damage_Leaf,Fungal_Damage_Leaf,0.9998773336410522,True,0.9998773336410522,True
606,Downy_Mildew,Downy_Mildew,0.9998773336410522,True,0.9998773336410522,True
431,Anthracnose,Anthracnose,0.999876856803894,True,0.999876856803894,True
1578,Healthy,Healthy,0.9998749494552612,True,0.9998749494552612,True
1693,Mosaic_Virus,Mosaic_Virus,0.999874711036682,True,0.999874711036682,True
595,Downy_Mildew,Downy_Mildew,0.999874234199524,True,0.999874234199524,True
849,Dry_Leaf,Dry_Leaf,0.9998741149902344,True,0.9998741149902344,True
473,Anthracnose,Anthracnose,0.9998738765716552,True,0.9998738765716552,True
393,Anthracnose,Anthracnose,0.9998738765716552,True,0.9998738765716552,True
307,Anthracnose,Anthracnose,0.9998736381530762,True,0.9998736381530762,True
391,Anthracnose,Anthracnose,0.9998733997344972,True,0.9998733997344972,True
786,Downy_Mildew,Downy_Mildew,0.9998728036880492,True,0.9998728036880492,True
703,Downy_Mildew,Downy_Mildew,0.9998726844787598,True,0.9998726844787598,True
1522,Healthy,Healthy,0.9998724460601808,True,0.9998724460601808,True
1115,Fungal_Damage_Leaf,Fungal_Damage_Leaf,0.9998708963394164,True,0.9998708963394164,True
694,Downy_Mildew,Downy_Mildew,0.9998676776885986,True,0.9998676776885986,True
1283,Healthy,Healthy,0.9998663663864136,True,0.9998663663864136,True
361,Anthracnose,Anthracnose,0.9998656511306764,True,0.9998656511306764,True
1739,Mosaic_Virus,Mosaic_Virus,0.9998656511306764,True,0.9998656511306764,True
1241,Healthy,Healthy,0.9998655319213868,True,0.9998655319213868,True
856,Early_Alternaria_Leaf_Blight,Early_Alternaria_Leaf_Blight,0.9998652935028076,True,0.9998652935028076,True
862,Early_Alternaria_Leaf_Blight,Early_Alternaria_Leaf_Blight,0.9998652935028076,True,0.9998652935028076,True
816,Dry_Leaf,Dry_Leaf,0.99986469745636,True,0.99986469745636,True
1438,Healthy,Healthy,0.9998633861541748,True,0.9998633861541748,True
580,Downy_Mildew,Downy_Mildew,0.9998631477355956,True,0.9998631477355956,True
986,Early_Alternaria_Leaf_Blight,Early_Alternaria_Leaf_Blight,0.9998626708984376,True,0.9998626708984376,True
757,Downy_Mildew,Downy_Mildew,0.9998619556427002,True,0.9998619556427002,True
1196,Healthy,Healthy,0.9998615980148317,True,0.9998615980148317,True
656,Downy_Mildew,Downy_Mildew,0.9998607635498048,True,0.9998607635498048,True
716,Downy_Mildew,Downy_Mildew,0.999860405921936,True,0.999860405921936,True
1029,Fungal_Damage_Leaf,Fungal_Damage_Leaf,0.999860405921936,True,0.999860405921936,True
588,Downy_Mildew,Downy_Mildew,0.99985933303833,True,0.99985933303833,True
478,Anthracnose,Anthracnose,0.999858856201172,True,0.999858856201172,True
1421,Healthy,Healthy,0.999858856201172,True,0.999858856201172,True
1441,Healthy,Healthy,0.999858260154724,True,0.999858260154724,True
1025,Fungal_Damage_Leaf,Fungal_Damage_Leaf,0.9998575448989868,True,0.9998575448989868,True
1484,Healthy,Healthy,0.99985671043396,True,0.99985671043396,True
1198,Healthy,Healthy,0.9998561143875122,True,0.9998561143875122,True
1254,Healthy,Healthy,0.9998550415039062,True,0.9998550415039062,True
1585,Healthy,Healthy,0.9998540878295898,True,0.9998540878295898,True
536,Downy_Mildew,Downy_Mildew,0.999853014945984,True,0.999853014945984,True
1708,Mosaic_Virus,Mosaic_Virus,0.9998528957366944,True,0.9998528957366944,True
730,Downy_Mildew,Downy_Mildew,0.9998526573181152,True,0.9998526573181152,True
282,Anthracnose,Anthracnose,0.9998526573181152,True,0.9998526573181152,True
661,Downy_Mildew,Downy_Mildew,0.999852418899536,True,0.999852418899536,True
400,Anthracnose,Anthracnose,0.9998522996902466,True,0.9998522996902466,True
1749,Mosaic_Virus,Mosaic_Virus,0.999852180480957,True,0.999852180480957,True
1017,Fungal_Damage_Leaf,Fungal_Damage_Leaf,0.9998509883880616,True,0.9998509883880616,True
710,Downy_Mildew,Downy_Mildew,0.9998501539230348,True,0.9998501539230348,True
414,Anthracnose,Anthracnose,0.999849796295166,True,0.999849796295166,True
764,Downy_Mildew,Downy_Mildew,0.99984610080719,True,0.99984610080719,True
1753,Mosaic_Virus,Mosaic_Virus,0.9998451471328736,True,0.9998451471328736,True
1260,Healthy,Healthy,0.9998451471328736,True,0.9998451471328736,True
248,Anthracnose,Anthracnose,0.9998446702957152,True,0.9998446702957152,True
1104,Fungal_Damage_Leaf,Fungal_Damage_Leaf,0.9998438358306884,True,0.9998438358306884,True
1644,Mosaic_Virus,Mosaic_Virus,0.9998433589935304,True,0.9998433589935304,True
1461,Healthy,Healthy,0.9998421669006348,True,0.9998421669006348,True
1047,Fungal_Damage_Leaf,Fungal_Damage_Leaf,0.999841570854187,True,0.999841570854187,True
363,Anthracnose,Anthracnose,0.9998410940170288,True,0.9998410940170288,True
1197,Healthy,Healthy,0.9998407363891602,True,0.9998407363891602,True
815,Dry_Leaf,Dry_Leaf,0.999840259552002,True,0.999840259552002,True
1369,Healthy,Healthy,0.9998369216918944,True,0.9998369216918944,True
1444,Healthy,Healthy,0.9998356103897096,True,0.9998356103897096,True
1521,Healthy,Healthy,0.9998338222503662,True,0.9998338222503662,True
1554,Healthy,Healthy,0.9998338222503662,True,0.9998338222503662,True
1393,Healthy,Healthy,0.9998337030410768,True,0.9998337030410768,True
600,Downy_Mildew,Downy_Mildew,0.9998331069946288,True,0.9998331069946288,True
1015,Fungal_Damage_Leaf,Fungal_Damage_Leaf,0.9998325109481812,True,0.9998325109481812,True
311,Anthracnose,Anthracnose,0.9998319149017334,True,0.9998319149017334,True
517,Downy_Mildew,Downy_Mildew,0.9998315572738647,True,0.9998315572738647,True
1499,Healthy,Healthy,0.9998313188552856,True,0.9998313188552856,True
1142,Fungal_Damage_Leaf,Fungal_Damage_Leaf,0.9998310804367064,True,0.9998310804367064,True
1338,Healthy,Healthy,0.9998308420181274,True,0.9998308420181274,True
773,Downy_Mildew,Downy_Mildew,0.9998303651809692,True,0.9998303651809692,True
421,Anthracnose,Anthracnose,0.9998302459716796,True,0.9998302459716796,True
1237,Healthy,Healthy,0.999829888343811,True,0.999829888343811,True
415,Anthracnose,Anthracnose,0.9998297691345216,True,0.9998297691345216,True
797,Downy_Mildew,Downy_Mildew,0.9998290538787842,True,0.9998290538787842,True
1119,Fungal_Damage_Leaf,Fungal_Damage_Leaf,0.9998288154602052,True,0.9998288154602052,True
736,Downy_Mildew,Downy_Mildew,0.9998273253440856,True,0.9998273253440856,True
1415,Healthy,Healthy,0.9998268485069276,True,0.9998268485069276,True
468,Anthracnose,Anthracnose,0.9998250603675842,True,0.9998250603675842,True
1405,Healthy,Healthy,0.9998249411582948,True,0.9998249411582948,True
751,Downy_Mildew,Downy_Mildew,0.999824583530426,True,0.999824583530426,True
1126,Fungal_Damage_Leaf,Fungal_Damage_Leaf,0.9998241066932678,True,0.9998241066932678,True
1618,Mosaic_Virus,Mosaic_Virus,0.9998225569725036,True,0.9998225569725036,True
277,Anthracnose,Anthracnose,0.9998223185539246,True,0.9998223185539246,True
359,Anthracnose,Anthracnose,0.9998217225074768,True,0.9998217225074768,True
718,Downy_Mildew,Downy_Mildew,0.9998204112052916,True,0.9998204112052916,True
1510,Healthy,Healthy,0.9998195767402648,True,0.9998195767402648,True
1186,Healthy,Healthy,0.9998194575309752,True,0.9998194575309752,True
1681,Mosaic_Virus,Mosaic_Virus,0.9998189806938172,True,0.9998189806938172,True
1474,Healthy,Healthy,0.9998186230659484,True,0.9998186230659484,True
835,Dry_Leaf,Dry_Leaf,0.9998183846473694,True,0.9998183846473694,True
547,Downy_Mildew,Downy_Mildew,0.9998169541358948,True,0.9998169541358948,True
499,Anthracnose,Anthracnose,0.999816119670868,True,0.999816119670868,True
1471,Healthy,Healthy,0.9998154044151306,True,0.9998154044151306,True
1730,Mosaic_Virus,Mosaic_Virus,0.9998143315315248,True,0.9998143315315248,True
1332,Healthy,Healthy,0.9998142123222352,True,0.9998142123222352,True
1680,Mosaic_Virus,Mosaic_Virus,0.999813973903656,True,0.999813973903656,True
714,Downy_Mildew,Downy_Mildew,0.999812662601471,True,0.999812662601471,True
352,Anthracnose,Anthracnose,0.9998111128807068,True,0.9998111128807068,True
394,Anthracnose,Anthracnose,0.9998101592063904,True,0.9998101592063904,True
1182,Healthy,Healthy,0.9998095631599426,True,0.9998095631599426,True
1426,Healthy,Healthy,0.9998084902763368,True,0.9998084902763368,True
823,Dry_Leaf,Dry_Leaf,0.9998083710670472,True,0.9998083710670472,True
232,Anthracnose,Anthracnose,0.9998078942298888,True,0.9998078942298888,True
561,Downy_Mildew,Downy_Mildew,0.999806582927704,True,0.999806582927704,True
766,Downy_Mildew,Downy_Mildew,0.999806582927704,True,0.999806582927704,True
859,Early_Alternaria_Leaf_Blight,Early_Alternaria_Leaf_Blight,0.9998062252998352,True,0.9998062252998352,True
705,Downy_Mildew,Downy_Mildew,0.9998058676719666,True,0.9998058676719666,True
272,Anthracnose,Anthracnose,0.999805510044098,True,0.999805510044098,True
1363,Healthy,Healthy,0.99980491399765,True,0.99980491399765,True
1410,Healthy,Healthy,0.9998034834861756,True,0.9998034834861756,True
783,Downy_Mildew,Downy_Mildew,0.9998034834861756,True,0.9998034834861756,True
1203,Healthy,Healthy,0.9998028874397278,True,0.9998028874397278,True
445,Anthracnose,Anthracnose,0.9998027682304382,True,0.9998027682304382,True
1294,Healthy,Healthy,0.9998024106025696,True,0.9998024106025696,True
1080,Fungal_Damage_Leaf,Fungal_Damage_Leaf,0.9998021721839904,True,0.9998021721839904,True
337,Anthracnose,Anthracnose,0.9998016953468324,True,0.9998016953468324,True
1768,Mosaic_Virus,Mosaic_Virus,0.9998015761375428,True,0.9998015761375428,True
861,Early_Alternaria_Leaf_Blight,Early_Alternaria_Leaf_Blight,0.9998014569282532,True,0.9998014569282532,True
855,Early_Alternaria_Leaf_Blight,Early_Alternaria_Leaf_Blight,0.9998014569282532,True,0.9998014569282532,True
1372,Healthy,Healthy,0.999801218509674,True,0.999801218509674,True
1249,Healthy,Healthy,0.9998005032539368,True,0.9998005032539368,True
1012,Fungal_Damage_Leaf,Fungal_Damage_Leaf,0.999798595905304,True,0.999798595905304,True
683,Downy_Mildew,Downy_Mildew,0.9997984766960144,True,0.9997984766960144,True
1349,Healthy,Healthy,0.9997984766960144,True,0.9997984766960144,True
469,Anthracnose,Anthracnose,0.9997984766960144,True,0.9997984766960144,True
1384,Healthy,Healthy,0.9997966885566713,True,0.9997966885566713,True
677,Downy_Mildew,Downy_Mildew,0.9997947812080384,True,0.9997947812080384,True
1464,Healthy,Healthy,0.9997932314872742,True,0.9997932314872742,True
1091,Fungal_Damage_Leaf,Fungal_Damage_Leaf,0.9997932314872742,True,0.9997932314872742,True
723,Downy_Mildew,Downy_Mildew,0.9997929930686952,True,0.9997929930686952,True
1348,Healthy,Healthy,0.9997921586036682,True,0.9997921586036682,True
1686,Mosaic_Virus,Mosaic_Virus,0.9997901320457458,True,0.9997901320457458,True
1253,Healthy,Healthy,0.999789535999298,True,0.999789535999298,True
395,Anthracnose,Anthracnose,0.9997888207435608,True,0.9997888207435608,True
1572,Healthy,Healthy,0.9997885823249816,True,0.9997885823249816,True
1416,Healthy,Healthy,0.9997861981391908,True,0.9997861981391908,True
758,Downy_Mildew,Downy_Mildew,0.9997860789299012,True,0.9997860789299012,True
567,Downy_Mildew,Downy_Mildew,0.9997860789299012,True,0.9997860789299012,True
1525,Healthy,Healthy,0.999785840511322,True,0.999785840511322,True
1072,Fungal_Damage_Leaf,Fungal_Damage_Leaf,0.9997853636741638,True,0.9997853636741638,True
1298,Healthy,Healthy,0.999784767627716,True,0.999784767627716,True
1492,Healthy,Healthy,0.9997835755348206,True,0.9997835755348206,True
1466,Healthy,Healthy,0.999783217906952,True,0.999783217906952,True
789,Downy_Mildew,Downy_Mildew,0.999782383441925,True,0.999782383441925,True
1480,Healthy,Healthy,0.999782145023346,True,0.999782145023346,True
1226,Healthy,Healthy,0.9997820258140564,True,0.9997820258140564,True
1086,Fungal_Damage_Leaf,Fungal_Damage_Leaf,0.9997820258140564,True,0.9997820258140564,True
1005,Early_Alternaria_Leaf_Blight,Early_Alternaria_Leaf_Blight,0.9997809529304504,True,0.9997809529304504,True
713,Downy_Mildew,Downy_Mildew,0.9997802376747132,True,0.9997802376747132,True
235,Anthracnose,Anthracnose,0.9997782111167908,True,0.9997782111167908,True
739,Downy_Mildew,Downy_Mildew,0.9997779726982116,True,0.9997779726982116,True
402,Anthracnose,Anthracnose,0.9997772574424744,True,0.9997772574424744,True
1728,Mosaic_Virus,Mosaic_Virus,0.9997771382331848,True,0.9997771382331848,True
1616,Mosaic_Virus,Mosaic_Virus,0.9997755885124208,True,0.9997755885124208,True
1316,Healthy,Healthy,0.9997754693031312,True,0.9997754693031312,True
520,Downy_Mildew,Downy_Mildew,0.9997745156288148,True,0.9997745156288148,True
1340,Healthy,Healthy,0.9997732043266296,True,0.9997732043266296,True
481,Anthracnose,Anthracnose,0.999771535396576,True,0.999771535396576,True
746,Downy_Mildew,Downy_Mildew,0.9997702240943908,True,0.9997702240943908,True
651,Downy_Mildew,Downy_Mildew,0.9997696280479432,True,0.9997696280479432,True
1083,Fungal_Damage_Leaf,Fungal_Damage_Leaf,0.9997681975364684,True,0.9997681975364684,True
998,Early_Alternaria_Leaf_Blight,Early_Alternaria_Leaf_Blight,0.999768078327179,True,0.999768078327179,True
1265,Healthy,Healthy,0.9997606873512268,True,0.9997606873512268,True
1586,Healthy,Healthy,0.9997584223747252,True,0.9997584223747252,True
1468,Healthy,Healthy,0.9997569918632508,True,0.9997569918632508,True
524,Downy_Mildew,Downy_Mildew,0.9997568726539612,True,0.9997568726539612,True
1268,Healthy,Healthy,0.9997565150260924,True,0.9997565150260924,True
1398,Healthy,Healthy,0.9997549653053284,True,0.9997549653053284,True
900,Early_Alternaria_Leaf_Blight,Early_Alternaria_Leaf_Blight,0.9997541308403016,True,0.9997541308403016,True
558,Downy_Mildew,Downy_Mildew,0.9997530579566956,True,0.9997530579566956,True
1439,Healthy,Healthy,0.9997525811195374,True,0.9997525811195374,True
1317,Healthy,Healthy,0.9997515082359314,True,0.9997515082359314,True
1353,Healthy,Healthy,0.9997515082359314,True,0.9997515082359314,True
1516,Healthy,Healthy,0.9997506737709044,True,0.9997506737709044,True
1422,Healthy,Healthy,0.999749720096588,True,0.999749720096588,True
1536,Healthy,Healthy,0.9997493624687196,True,0.9997493624687196,True
857,Early_Alternaria_Leaf_Blight,Early_Alternaria_Leaf_Blight,0.9997491240501404,True,0.9997491240501404,True
1395,Healthy,Healthy,0.9997479319572448,True,0.9997479319572448,True
1034,Fungal_Damage_Leaf,Fungal_Damage_Leaf,0.9997473359107972,True,0.9997473359107972,True
1685,Mosaic_Virus,Mosaic_Virus,0.9997466206550598,True,0.9997466206550598,True
494,Anthracnose,Anthracnose,0.9997463822364808,True,0.9997463822364808,True
1159,Healthy,Healthy,0.9997454285621644,True,0.9997454285621644,True
1755,Mosaic_Virus,Mosaic_Virus,0.9997441172599792,True,0.9997441172599792,True
1437,Healthy,Healthy,0.999743402004242,True,0.999743402004242,True
1204,Healthy,Healthy,0.9997430443763732,True,0.9997430443763732,True
1341,Healthy,Healthy,0.9997426867485046,True,0.9997426867485046,True
956,Early_Alternaria_Leaf_Blight,Early_Alternaria_Leaf_Blight,0.9997417330741882,True,0.9997417330741882,True
1450,Healthy,Healthy,0.9997416138648988,True,0.9997416138648988,True
1555,Healthy,Healthy,0.9997416138648988,True,0.9997416138648988,True
172,Anthracnose,Anthracnose,0.9997393488883972,True,0.9997393488883972,True
1385,Healthy,Healthy,0.9997362494468688,True,0.9997362494468688,True
1506,Healthy,Healthy,0.9997358918190002,True,0.9997358918190002,True
1315,Healthy,Healthy,0.9997337460517884,True,0.9997337460517884,True
461,Anthracnose,Anthracnose,0.9997324347496032,True,0.9997324347496032,True
708,Downy_Mildew,Downy_Mildew,0.9997311234474182,True,0.9997311234474182,True
1742,Mosaic_Virus,Mosaic_Virus,0.99973064661026,True,0.99973064661026,True
737,Downy_Mildew,Downy_Mildew,0.9997301697731018,True,0.9997301697731018,True
1111,Fungal_Damage_Leaf,Fungal_Damage_Leaf,0.9997300505638124,True,0.9997300505638124,True
198,Anthracnose,Anthracnose,0.999729573726654,True,0.999729573726654,True
1404,Healthy,Healthy,0.999728500843048,True,0.999728500843048,True
497,Anthracnose,Anthracnose,0.9997279047966005,True,0.9997279047966005,True
1491,Healthy,Healthy,0.9997268319129944,True,0.9997268319129944,True
878,Early_Alternaria_Leaf_Blight,Early_Alternaria_Leaf_Blight,0.9997246861457824,True,0.9997246861457824,True
755,Downy_Mildew,Downy_Mildew,0.9997244477272034,True,0.9997244477272034,True
601,Downy_Mildew,Downy_Mildew,0.9997228980064392,True,0.9997228980064392,True
1713,Mosaic_Virus,Mosaic_Virus,0.99972265958786,True,0.99972265958786,True
471,Anthracnose,Anthracnose,0.9997215867042542,True,0.9997215867042542,True
765,Downy_Mildew,Downy_Mildew,0.999721348285675,True,0.999721348285675,True
1496,Healthy,Healthy,0.9997205138206482,True,0.9997205138206482,True
1073,Fungal_Damage_Leaf,Fungal_Damage_Leaf,0.9997201561927797,True,0.9997201561927797,True
640,Downy_Mildew,Downy_Mildew,0.9997195601463318,True,0.9997195601463318,True
1121,Fungal_Damage_Leaf,Fungal_Damage_Leaf,0.99971741437912,True,0.99971741437912,True
274,Anthracnose,Anthracnose,0.9997144341468812,True,0.9997144341468812,True
767,Downy_Mildew,Downy_Mildew,0.9997144341468812,True,0.9997144341468812,True
641,Downy_Mildew,Downy_Mildew,0.9997126460075378,True,0.9997126460075378,True
1722,Mosaic_Virus,Mosaic_Virus,0.9997110962867736,True,0.9997110962867736,True
1245,Healthy,Healthy,0.9997108578681946,True,0.9997108578681946,True
1286,Healthy,Healthy,0.999707281589508,True,0.999707281589508,True
1562,Healthy,Healthy,0.9997054934501648,True,0.9997054934501648,True
392,Anthracnose,Anthracnose,0.9997050166130066,True,0.9997050166130066,True
1582,Healthy,Healthy,0.9997040629386902,True,0.9997040629386902,True
1412,Healthy,Healthy,0.9997022747993468,True,0.9997022747993468,True
467,Anthracnose,Anthracnose,0.9997022747993468,True,0.9997022747993468,True
389,Anthracnose,Anthracnose,0.9997020363807678,True,0.9997020363807678,True
1453,Healthy,Healthy,0.9997017979621888,True,0.9997017979621888,True
1475,Healthy,Healthy,0.9997015595436096,True,0.9997015595436096,True
483,Anthracnose,Anthracnose,0.9997015595436096,True,0.9997015595436096,True
1654,Mosaic_Virus,Mosaic_Virus,0.9997000694274902,True,0.9997000694274902,True
477,Anthracnose,Anthracnose,0.9996986389160156,True,0.9996986389160156,True
480,Anthracnose,Anthracnose,0.999698042869568,True,0.999698042869568,True
792,Downy_Mildew,Downy_Mildew,0.999698042869568,True,0.999698042869568,True
1346,Healthy,Healthy,0.9996976852416992,True,0.9996976852416992,True
1560,Healthy,Healthy,0.99969744682312,True,0.99969744682312,True
725,Downy_Mildew,Downy_Mildew,0.99969744682312,True,0.99969744682312,True
1099,Fungal_Damage_Leaf,Fungal_Damage_Leaf,0.9996963739395142,True,0.9996963739395142,True
696,Downy_Mildew,Downy_Mildew,0.9996956586837769,True,0.9996956586837769,True
1541,Healthy,Healthy,0.9996943473815918,True,0.9996943473815918,True
1424,Healthy,Healthy,0.9996939897537231,True,0.9996939897537231,True
1397,Healthy,Healthy,0.999693751335144,True,0.999693751335144,True
697,Downy_Mildew,Downy_Mildew,0.999691605567932,True,0.999691605567932,True
660,Downy_Mildew,Downy_Mildew,0.9996910095214844,True,0.9996910095214844,True
1210,Healthy,Healthy,0.9996906518936156,True,0.9996906518936156,True
1573,Healthy,Healthy,0.9996887445449828,True,0.9996887445449828,True
1648,Mosaic_Virus,Mosaic_Virus,0.9996838569641112,True,0.9996838569641112,True
1150,Fungal_Damage_Leaf,Fungal_Damage_Leaf,0.9996829032897948,True,0.9996829032897948,True
1747,Mosaic_Virus,Mosaic_Virus,0.9996801614761353,True,0.9996801614761353,True
1645,Mosaic_Virus,Mosaic_Virus,0.9996775388717652,True,0.9996775388717652,True
634,Downy_Mildew,Downy_Mildew,0.9996770620346068,True,0.9996770620346068,True
1391,Healthy,Healthy,0.9996758699417114,True,0.9996758699417114,True
1449,Healthy,Healthy,0.999675154685974,True,0.999675154685974,True
1358,Healthy,Healthy,0.9996745586395264,True,0.9996745586395264,True
1127,Fungal_Damage_Leaf,Fungal_Damage_Leaf,0.9996713399887084,True,0.9996713399887084,True
1514,Healthy,Healthy,0.9996705055236816,True,0.9996705055236816,True
1581,Healthy,Healthy,0.9996695518493652,True,0.9996695518493652,True
1075,Fungal_Damage_Leaf,Fungal_Damage_Leaf,0.9996691942214966,True,0.9996691942214966,True
331,Anthracnose,Anthracnose,0.999668836593628,True,0.999668836593628,True
1593,Mosaic_Virus,Mosaic_Virus,0.9996672868728638,True,0.9996672868728638,True
1542,Healthy,Healthy,0.9996650218963624,True,0.9996650218963624,True
650,Downy_Mildew,Downy_Mildew,0.99966299533844,True,0.99966299533844,True
1495,Healthy,Healthy,0.9996613264083862,True,0.9996613264083862,True
514,Downy_Mildew,Downy_Mildew,0.999660849571228,True,0.999660849571228,True
980,Early_Alternaria_Leaf_Blight,Early_Alternaria_Leaf_Blight,0.9996588230133056,True,0.9996588230133056,True
1664,Mosaic_Virus,Mosaic_Virus,0.9996585845947266,True,0.9996585845947266,True
1508,Healthy,Healthy,0.9996542930603028,True,0.9996542930603028,True
763,Downy_Mildew,Downy_Mildew,0.999653697013855,True,0.999653697013855,True
775,Downy_Mildew,Downy_Mildew,0.9996527433395386,True,0.9996527433395386,True
846,Dry_Leaf,Dry_Leaf,0.9996503591537476,True,0.9996503591537476,True
1457,Healthy,Healthy,0.999647617340088,True,0.999647617340088,True
1435,Healthy,Healthy,0.999647617340088,True,0.999647617340088,True
1704,Mosaic_Virus,Mosaic_Virus,0.9996466636657716,True,0.9996466636657716,True
1594,Mosaic_Virus,Mosaic_Virus,0.999645471572876,True,0.999645471572876,True
953,Early_Alternaria_Leaf_Blight,Early_Alternaria_Leaf_Blight,0.9996389150619508,True,0.9996389150619508,True
1379,Healthy,Healthy,0.9996383190155028,True,0.9996383190155028,True
682,Downy_Mildew,Downy_Mildew,0.9996355772018432,True,0.9996355772018432,True
695,Downy_Mildew,Downy_Mildew,0.9996351003646852,True,0.9996351003646852,True
1691,Mosaic_Virus,Mosaic_Virus,0.9996324777603148,True,0.9996324777603148,True
1483,Healthy,Healthy,0.9996320009231568,True,0.9996320009231568,True
309,Anthracnose,Anthracnose,0.9996306896209716,True,0.9996306896209716,True
1378,Healthy,Healthy,0.9996287822723388,True,0.9996287822723388,True
1334,Healthy,Healthy,0.9996260404586792,True,0.9996260404586792,True
610,Downy_Mildew,Downy_Mildew,0.9996243715286256,True,0.9996243715286256,True
1383,Healthy,Healthy,0.9996240139007568,True,0.9996240139007568,True
954,Early_Alternaria_Leaf_Blight,Early_Alternaria_Leaf_Blight,0.9996235370635986,True,0.9996235370635986,True
1031,Fungal_Damage_Leaf,Fungal_Damage_Leaf,0.9996188879013062,True,0.9996188879013062,True
593,Downy_Mildew,Downy_Mildew,0.9996180534362792,True,0.9996180534362792,True
876,Early_Alternaria_Leaf_Blight,Early_Alternaria_Leaf_Blight,0.9996165037155152,True,0.9996165037155152,True
1456,Healthy,Healthy,0.9996161460876464,True,0.9996161460876464,True
1365,Healthy,Healthy,0.999614715576172,True,0.999614715576172,True
562,Downy_Mildew,Downy_Mildew,0.9996144771575928,True,0.9996144771575928,True
761,Downy_Mildew,Downy_Mildew,0.9996121525764464,True,0.9996121525764464,True
1238,Healthy,Healthy,0.9996108412742616,True,0.9996108412742616,True
732,Downy_Mildew,Downy_Mildew,0.9996101260185242,True,0.9996101260185242,True
462,Anthracnose,Anthracnose,0.9996090531349182,True,0.9996090531349182,True
1183,Healthy,Healthy,0.999607264995575,True,0.999607264995575,True
1360,Healthy,Healthy,0.999606430530548,True,0.999606430530548,True
853,Early_Alternaria_Leaf_Blight,Early_Alternaria_Leaf_Blight,0.9996045231819152,True,0.9996045231819152,True
1098,Fungal_Damage_Leaf,Fungal_Damage_Leaf,0.9996041655540466,True,0.9996041655540466,True
1141,Fungal_Damage_Leaf,Fungal_Damage_Leaf,0.999602735042572,True,0.999602735042572,True
925,Early_Alternaria_Leaf_Blight,Early_Alternaria_Leaf_Blight,0.9996013045310974,True,0.9996013045310974,True
1026,Fungal_Damage_Leaf,Fungal_Damage_Leaf,0.9995996356010436,True,0.9995996356010436,True
1452,Healthy,Healthy,0.9995993971824646,True,0.9995993971824646,True
1486,Healthy,Healthy,0.9995977282524108,True,0.9995977282524108,True
1482,Healthy,Healthy,0.9995966553688048,True,0.9995966553688048,True
244,Anthracnose,Anthracnose,0.9995966553688048,True,0.9995966553688048,True
630,Downy_Mildew,Downy_Mildew,0.9995962977409364,True,0.9995962977409364,True
1517,Healthy,Healthy,0.9995936751365662,True,0.9995936751365662,True
1427,Healthy,Healthy,0.9995819926261902,True,0.9995819926261902,True
1304,Healthy,Healthy,0.9995772242546082,True,0.9995772242546082,True
1314,Healthy,Healthy,0.9995772242546082,True,0.9995772242546082,True
1291,Healthy,Healthy,0.999573051929474,True,0.999573051929474,True
174,Anthracnose,Anthracnose,0.9995713829994202,True,0.9995713829994202,True
770,Downy_Mildew,Downy_Mildew,0.9995707869529724,True,0.9995707869529724,True
1615,Mosaic_Virus,Mosaic_Virus,0.9995691180229188,True,0.9995691180229188,True
1272,Healthy,Healthy,0.9995691180229188,True,0.9995691180229188,True
728,Downy_Mildew,Downy_Mildew,0.9995691180229188,True,0.9995691180229188,True
398,Anthracnose,Anthracnose,0.99956613779068,True,0.99956613779068,True
269,Anthracnose,Anthracnose,0.9995653033256532,True,0.9995653033256532,True
1216,Healthy,Healthy,0.9995642304420472,True,0.9995642304420472,True
1520,Healthy,Healthy,0.999562442302704,True,0.999562442302704,True
724,Downy_Mildew,Downy_Mildew,0.9995614886283876,True,0.9995614886283876,True
410,Anthracnose,Anthracnose,0.9995606541633606,True,0.9995606541633606,True
1344,Healthy,Healthy,0.999544084072113,True,0.999544084072113,True
1443,Healthy,Healthy,0.9995415210723876,True,0.9995415210723876,True
1109,Fungal_Damage_Leaf,Fungal_Damage_Leaf,0.999538779258728,True,0.999538779258728,True
670,Downy_Mildew,Downy_Mildew,0.9995347261428832,True,0.9995347261428832,True
1597,Mosaic_Virus,Mosaic_Virus,0.9995338916778564,True,0.9995338916778564,True
1692,Mosaic_Virus,Mosaic_Virus,0.9995335340499878,True,0.9995335340499878,True
749,Downy_Mildew,Downy_Mildew,0.9995293617248536,True,0.9995293617248536,True
622,Downy_Mildew,Downy_Mildew,0.9995272159576416,True,0.9995272159576416,True
1292,Healthy,Healthy,0.9995269775390624,True,0.9995269775390624,True
1540,Healthy,Healthy,0.9995193481445312,True,0.9995193481445312,True
1394,Healthy,Healthy,0.999518871307373,True,0.999518871307373,True
1507,Healthy,Healthy,0.9995174407958984,True,0.9995174407958984,True
1103,Fungal_Damage_Leaf,Fungal_Damage_Leaf,0.9995146989822388,True,0.9995146989822388,True
273,Anthracnose,Anthracnose,0.999512791633606,True,0.999512791633606,True
1660,Mosaic_Virus,Mosaic_Virus,0.9995123147964478,True,0.9995123147964478,True
1646,Mosaic_Virus,Mosaic_Virus,0.9995096921920776,True,0.9995096921920776,True
1575,Healthy,Healthy,0.9995068311691284,True,0.9995068311691284,True
204,Anthracnose,Anthracnose,0.9995055198669434,True,0.9995055198669434,True
645,Downy_Mildew,Downy_Mildew,0.9995050430297852,True,0.9995050430297852,True
383,Anthracnose,Anthracnose,0.9995046854019164,True,0.9995046854019164,True
1392,Healthy,Healthy,0.999504327774048,True,0.999504327774048,True
1326,Healthy,Healthy,0.9995038509368896,True,0.9995038509368896,True
279,Anthracnose,Anthracnose,0.999502658843994,True,0.999502658843994,True
438,Anthracnose,Anthracnose,0.9995025396347046,True,0.9995025396347046,True
1408,Healthy,Healthy,0.99950110912323,True,0.99950110912323,True
1543,Healthy,Healthy,0.99950110912323,True,0.99950110912323,True
1489,Healthy,Healthy,0.999496340751648,True,0.999496340751648,True
1213,Healthy,Healthy,0.9994956254959106,True,0.9994956254959106,True
501,Downy_Mildew,Downy_Mildew,0.9994932413101196,True,0.9994932413101196,True
884,Early_Alternaria_Leaf_Blight,Early_Alternaria_Leaf_Blight,0.9994927644729614,True,0.9994927644729614,True
1335,Healthy,Healthy,0.999492645263672,True,0.999492645263672,True
731,Downy_Mildew,Downy_Mildew,0.9994890689849854,True,0.9994890689849854,True
490,Anthracnose,Anthracnose,0.9994882345199584,True,0.9994882345199584,True
672,Downy_Mildew,Downy_Mildew,0.9994856119155884,True,0.9994856119155884,True
1305,Healthy,Healthy,0.9994841814041138,True,0.9994841814041138,True
991,Early_Alternaria_Leaf_Blight,Early_Alternaria_Leaf_Blight,0.99948251247406,True,0.99948251247406,True
1380,Healthy,Healthy,0.9994816184043884,True,0.9994816184043884,True
781,Downy_Mildew,Downy_Mildew,0.9994801878929138,True,0.9994801878929138,True
1442,Healthy,Healthy,0.9994798302650452,True,0.9994798302650452,True
1488,Healthy,Healthy,0.9994788765907288,True,0.9994788765907288,True
1396,Healthy,Healthy,0.9994753003120422,True,0.9994753003120422,True
1010,Fungal_Damage_Leaf,Fungal_Damage_Leaf,0.9994688630104064,True,0.9994688630104064,True
1553,Healthy,Healthy,0.9994687438011168,True,0.9994687438011168,True
1733,Mosaic_Virus,Mosaic_Virus,0.9994671940803528,True,0.9994671940803528,True
1432,Healthy,Healthy,0.9994625449180604,True,0.9994625449180604,True
1719,Mosaic_Virus,Mosaic_Virus,0.9994522929191588,True,0.9994522929191588,True
1256,Healthy,Healthy,0.9994491934776306,True,0.9994491934776306,True
1050,Fungal_Damage_Leaf,Fungal_Damage_Leaf,0.9994457364082336,True,0.9994457364082336,True
1373,Healthy,Healthy,0.999444544315338,True,0.999444544315338,True
1131,Fungal_Damage_Leaf,Fungal_Damage_Leaf,0.9994426369667052,True,0.9994426369667052,True
1745,Mosaic_Virus,Mosaic_Virus,0.9994414448738098,True,0.9994414448738098,True
521,Downy_Mildew,Downy_Mildew,0.9994340538978576,True,0.9994340538978576,True
1359,Healthy,Healthy,0.9994338154792786,True,0.9994338154792786,True
932,Early_Alternaria_Leaf_Blight,Early_Alternaria_Leaf_Blight,0.9994317889213562,True,0.9994317889213562,True
996,Early_Alternaria_Leaf_Blight,Early_Alternaria_Leaf_Blight,0.999427616596222,True,0.999427616596222,True
1318,Healthy,Healthy,0.9994274377822876,True,0.9994274377822876,True
1307,Healthy,Healthy,0.999426007270813,True,0.999426007270813,True
787,Downy_Mildew,Downy_Mildew,0.9994159936904908,True,0.9994159936904908,True
539,Downy_Mildew,Downy_Mildew,0.9994148015975952,True,0.9994148015975952,True
582,Downy_Mildew,Downy_Mildew,0.9994138479232788,True,0.9994138479232788,True
549,Downy_Mildew,Downy_Mildew,0.9994138479232788,True,0.9994138479232788,True
666,Downy_Mildew,Downy_Mildew,0.9994120597839355,True,0.9994120597839355,True
795,Downy_Mildew,Downy_Mildew,0.9994109869003296,True,0.9994109869003296,True
373,Anthracnose,Anthracnose,0.99940824508667,True,0.99940824508667,True
535,Downy_Mildew,Downy_Mildew,0.99940824508667,True,0.99940824508667,True
1065,Fungal_Damage_Leaf,Fungal_Damage_Leaf,0.9994074106216432,True,0.9994074106216432,True
1162,Healthy,Healthy,0.9994063377380372,True,0.9994063377380372,True
1609,Mosaic_Virus,Mosaic_Virus,0.9994040727615356,True,0.9994040727615356,True
1638,Mosaic_Virus,Mosaic_Virus,0.9994031190872192,True,0.9994031190872192,True
229,Anthracnose,Anthracnose,0.9994029998779296,True,0.9994029998779296,True
1479,Healthy,Healthy,0.9994029998779296,True,0.9994029998779296,True
275,Anthracnose,Anthracnose,0.9993985891342164,True,0.9993985891342164,True
1628,Mosaic_Virus,Mosaic_Virus,0.9993964433670044,True,0.9993964433670044,True
768,Downy_Mildew,Downy_Mildew,0.9993957281112672,True,0.9993957281112672,True
268,Anthracnose,Anthracnose,0.9993951320648192,True,0.9993951320648192,True
913,Early_Alternaria_Leaf_Blight,Early_Alternaria_Leaf_Blight,0.9993941783905028,True,0.9993941783905028,True
441,Anthracnose,Anthracnose,0.9993940591812134,True,0.9993940591812134,True
221,Anthracnose,Anthracnose,0.9993927478790284,True,0.9993927478790284,True
1519,Healthy,Healthy,0.9993911981582642,True,0.9993911981582642,True
237,Anthracnose,Anthracnose,0.9993876218795776,True,0.9993876218795776,True
1565,Healthy,Healthy,0.99937903881073,True,0.99937903881073,True
433,Anthracnose,Anthracnose,0.99937903881073,True,0.99937903881073,True
963,Early_Alternaria_Leaf_Blight,Early_Alternaria_Leaf_Blight,0.9993788003921508,True,0.9993788003921508,True
720,Downy_Mildew,Downy_Mildew,0.9993757605552672,True,0.9993757605552672,True
673,Downy_Mildew,Downy_Mildew,0.99937504529953,True,0.99937504529953,True
880,Early_Alternaria_Leaf_Blight,Early_Alternaria_Leaf_Blight,0.9993749260902404,True,0.9993749260902404,True
1401,Healthy,Healthy,0.9993742108345032,True,0.9993742108345032,True
939,Early_Alternaria_Leaf_Blight,Early_Alternaria_Leaf_Blight,0.9993701577186584,True,0.9993701577186584,True
573,Downy_Mildew,Downy_Mildew,0.9993699193000792,True,0.9993699193000792,True
1295,Healthy,Healthy,0.9993688464164734,True,0.9993688464164734,True
289,Anthracnose,Anthracnose,0.9993672966957092,True,0.9993672966957092,True
1583,Healthy,Healthy,0.9993671774864196,True,0.9993671774864196,True
1187,Healthy,Healthy,0.9993650317192078,True,0.9993650317192078,True
1746,Mosaic_Virus,Mosaic_Virus,0.9993594288825988,True,0.9993594288825988,True
1539,Healthy,Healthy,0.999357521533966,True,0.999357521533966,True
1431,Healthy,Healthy,0.999341070652008,True,0.999341070652008,True
1527,Healthy,Healthy,0.9993388056755066,True,0.9993388056755066,True
507,Downy_Mildew,Downy_Mildew,0.9993367791175842,True,0.9993367791175842,True
1325,Healthy,Healthy,0.9993323683738708,True,0.9993323683738708,True
1362,Healthy,Healthy,0.9993304014205932,True,0.9993304014205932,True
571,Downy_Mildew,Downy_Mildew,0.9993263483047484,True,0.9993263483047484,True
1190,Healthy,Healthy,0.9993261098861694,True,0.9993261098861694,True
1321,Healthy,Healthy,0.9993150234222412,True,0.9993150234222412,True
1312,Healthy,Healthy,0.9993131160736084,True,0.9993131160736084,True
527,Downy_Mildew,Downy_Mildew,0.9993066787719728,True,0.9993066787719728,True
260,Anthracnose,Anthracnose,0.9993065595626832,True,0.9993065595626832,True
1333,Healthy,Healthy,0.9993007183074952,True,0.9993007183074952,True
1406,Healthy,Healthy,0.9992945194244384,True,0.9992945194244384,True
242,Anthracnose,Anthracnose,0.9992786049842834,True,0.9992786049842834,True
533,Downy_Mildew,Downy_Mildew,0.9992765784263612,True,0.9992765784263612,True
452,Anthracnose,Anthracnose,0.9992734789848328,True,0.9992734789848328,True
1744,Mosaic_Virus,Mosaic_Virus,0.999273121356964,True,0.999273121356964,True
1172,Healthy,Healthy,0.9992719292640686,True,0.9992719292640686,True
1319,Healthy,Healthy,0.999261200428009,True,0.999261200428009,True
1647,Mosaic_Virus,Mosaic_Virus,0.9992586970329284,True,0.9992586970329284,True
1356,Healthy,Healthy,0.9992576241493224,True,0.9992576241493224,True
644,Downy_Mildew,Downy_Mildew,0.9992524981498718,True,0.9992524981498718,True
1544,Healthy,Healthy,0.9992511868476868,True,0.9992511868476868,True
1300,Healthy,Healthy,0.999250590801239,True,0.999250590801239,True
1677,Mosaic_Virus,Mosaic_Virus,0.9992469549179076,True,0.9992469549179076,True
943,Early_Alternaria_Leaf_Blight,Early_Alternaria_Leaf_Blight,0.999243974685669,True,0.999243974685669,True
1354,Healthy,Healthy,0.9992407560348512,True,0.9992407560348512,True
983,Early_Alternaria_Leaf_Blight,Early_Alternaria_Leaf_Blight,0.9992401599884032,True,0.9992401599884032,True
321,Anthracnose,Anthracnose,0.999238133430481,True,0.999238133430481,True
1587,Healthy,Healthy,0.9992371797561646,True,0.9992371797561646,True
653,Downy_Mildew,Downy_Mildew,0.9992315769195556,True,0.9992315769195556,True
632,Downy_Mildew,Downy_Mildew,0.9992257356643676,True,0.9992257356643676,True
689,Downy_Mildew,Downy_Mildew,0.9992151260375975,True,0.9992151260375975,True
253,Anthracnose,Anthracnose,0.9992086291313172,True,0.9992086291313172,True
1595,Mosaic_Virus,Mosaic_Virus,0.9991942048072816,True,0.9991942048072816,True
1653,Mosaic_Virus,Mosaic_Virus,0.99918133020401,True,0.99918133020401,True
875,Early_Alternaria_Leaf_Blight,Early_Alternaria_Leaf_Blight,0.9991785883903505,True,0.9991785883903505,True
264,Anthracnose,Anthracnose,0.9991768002510072,True,0.9991768002510072,True
553,Downy_Mildew,Downy_Mildew,0.9991757273674012,True,0.9991757273674012,True
1537,Healthy,Healthy,0.999173939228058,True,0.999173939228058,True
1320,Healthy,Healthy,0.9991655349731444,True,0.9991655349731444,True
1262,Healthy,Healthy,0.9991601705551147,True,0.9991601705551147,True
470,Anthracnose,Anthracnose,0.9991565942764282,True,0.9991565942764282,True
741,Downy_Mildew,Downy_Mildew,0.9991532564163208,True,0.9991532564163208,True
1160,Healthy,Healthy,0.9991426467895508,True,0.9991426467895508,True
1389,Healthy,Healthy,0.9991366267204284,True,0.9991366267204284,True
1202,Healthy,Healthy,0.999133050441742,True,0.999133050441742,True
1705,Mosaic_Virus,Mosaic_Virus,0.9991233944892884,True,0.9991233944892884,True
657,Downy_Mildew,Downy_Mildew,0.9991206526756288,True,0.9991206526756288,True
1193,Healthy,Healthy,0.9991200566291808,True,0.9991200566291808,True
989,Early_Alternaria_Leaf_Blight,Early_Alternaria_Leaf_Blight,0.9991199374198914,True,0.9991199374198914,True
552,Downy_Mildew,Downy_Mildew,0.999117910861969,True,0.999117910861969,True
667,Downy_Mildew,Downy_Mildew,0.9991169571876526,True,0.9991169571876526,True
854,Early_Alternaria_Leaf_Blight,Early_Alternaria_Leaf_Blight,0.9991087317466736,True,0.9991087317466736,True
1129,Fungal_Damage_Leaf,Fungal_Damage_Leaf,0.9991045594215392,True,0.9991045594215392,True
1620,Mosaic_Virus,Mosaic_Virus,0.9991043210029602,True,0.9991043210029602,True
1752,Mosaic_Virus,Mosaic_Virus,0.9991002082824708,True,0.9991002082824708,True
566,Downy_Mildew,Downy_Mildew,0.9990835189819336,True,0.9990835189819336,True
638,Downy_Mildew,Downy_Mildew,0.9990832805633544,True,0.9990832805633544,True
902,Early_Alternaria_Leaf_Blight,Early_Alternaria_Leaf_Blight,0.9990623593330384,True,0.9990623593330384,True
1524,Healthy,Healthy,0.9990617632865906,True,0.9990617632865906,True
1259,Healthy,Healthy,0.9990586638450624,True,0.9990586638450624,True
1224,Healthy,Healthy,0.9990513920783995,True,0.9990513920783995,True
1773,Mosaic_Virus,Mosaic_Virus,0.9990474581718444,True,0.9990474581718444,True
620,Downy_Mildew,Downy_Mildew,0.9990450739860536,True,0.9990450739860536,True
1743,Mosaic_Virus,Mosaic_Virus,0.9990434050559998,True,0.9990434050559998,True
325,Anthracnose,Anthracnose,0.9990264177322388,True,0.9990264177322388,True
1567,Healthy,Healthy,0.9990170001983644,True,0.9990170001983644,True
541,Downy_Mildew,Downy_Mildew,0.9990146160125732,True,0.9990146160125732,True
246,Anthracnose,Anthracnose,0.9990142583847046,True,0.9990142583847046,True
1070,Fungal_Damage_Leaf,Fungal_Damage_Leaf,0.9990038275718688,True,0.9990038275718688,True
654,Downy_Mildew,Downy_Mildew,0.999000370502472,True,0.999000370502472,True
1366,Healthy,Healthy,0.9989929795265198,True,0.9989929795265198,True
1584,Healthy,Healthy,0.9989905953407288,True,0.9989905953407288,True
782,Downy_Mildew,Downy_Mildew,0.99897962808609,True,0.99897962808609,True
968,Early_Alternaria_Leaf_Blight,Early_Alternaria_Leaf_Blight,0.998978853225708,True,0.998978853225708,True
898,Early_Alternaria_Leaf_Blight,Early_Alternaria_Leaf_Blight,0.9989701509475708,True,0.9989701509475708,True
888,Early_Alternaria_Leaf_Blight,Early_Alternaria_Leaf_Blight,0.9989676475524902,True,0.9989676475524902,True
1765,Mosaic_Virus,Mosaic_Virus,0.9989612102508544,True,0.9989612102508544,True
1552,Healthy,Healthy,0.9989483952522278,True,0.9989483952522278,True
721,Downy_Mildew,Downy_Mildew,0.9989442229270936,True,0.9989442229270936,True
1403,Healthy,Healthy,0.9989368319511414,True,0.9989368319511414,True
1634,Mosaic_Virus,Mosaic_Virus,0.9989323019981384,True,0.9989323019981384,True
1601,Mosaic_Virus,Mosaic_Virus,0.9989323019981384,True,0.9989323019981384,True
1207,Healthy,Healthy,0.9989309906959534,True,0.9989309906959534,True
1551,Healthy,Healthy,0.9989235997200012,True,0.9989235997200012,True
1414,Healthy,Healthy,0.9989168643951416,True,0.9989168643951416,True
1407,Healthy,Healthy,0.9989074468612672,True,0.9989074468612672,True
1477,Healthy,Healthy,0.9989029169082642,True,0.9989029169082642,True
997,Early_Alternaria_Leaf_Blight,Early_Alternaria_Leaf_Blight,0.998902440071106,True,0.998902440071106,True
790,Downy_Mildew,Downy_Mildew,0.998893678188324,True,0.998893678188324,True
759,Downy_Mildew,Downy_Mildew,0.9988930821418762,True,0.9988930821418762,True
256,Anthracnose,Anthracnose,0.9988871216773988,True,0.9988871216773988,True
1339,Healthy,Healthy,0.9988823533058168,True,0.9988823533058168,True
1336,Healthy,Healthy,0.9988742470741272,True,0.9988742470741272,True
1255,Healthy,Healthy,0.9988648891448976,True,0.9988648891448976,True
1284,Healthy,Healthy,0.9988574981689452,True,0.9988574981689452,True
1550,Healthy,Healthy,0.9988571405410768,True,0.9988571405410768,True
1455,Healthy,Healthy,0.9988459348678588,True,0.9988459348678588,True
1501,Healthy,Healthy,0.9988376498222352,True,0.9988376498222352,True
675,Downy_Mildew,Downy_Mildew,0.9988331198692322,True,0.9988331198692322,True
1655,Mosaic_Virus,Mosaic_Virus,0.998832643032074,True,0.998832643032074,True
1610,Mosaic_Virus,Mosaic_Virus,0.99882835149765,True,0.99882835149765,True
319,Anthracnose,Anthracnose,0.9988279938697816,True,0.9988279938697816,True
1289,Healthy,Healthy,0.9988242983818054,True,0.9988242983818054,True
772,Downy_Mildew,Downy_Mildew,0.9988217949867249,True,0.9988217949867249,True
1683,Mosaic_Virus,Mosaic_Virus,0.9988184571266174,True,0.9988184571266174,True
1720,Mosaic_Virus,Mosaic_Virus,0.9988166093826294,True,0.9988166093826294,True
526,Downy_Mildew,Downy_Mildew,0.9988150596618652,True,0.9988150596618652,True
1454,Healthy,Healthy,0.9988125562667848,True,0.9988125562667848,True
298,Anthracnose,Anthracnose,0.9987886548042296,True,0.9987886548042296,True
1107,Fungal_Damage_Leaf,Fungal_Damage_Leaf,0.9987882971763612,True,0.9987882971763612,True
671,Downy_Mildew,Downy_Mildew,0.9987823367118835,True,0.9987823367118835,True
1409,Healthy,Healthy,0.998772919178009,True,0.998772919178009,True
1741,Mosaic_Virus,Mosaic_Virus,0.9987653493881226,True,0.9987653493881226,True
949,Early_Alternaria_Leaf_Blight,Early_Alternaria_Leaf_Blight,0.998761773109436,True,0.998761773109436,True
1445,Healthy,Healthy,0.9987558126449584,True,0.9987558126449584,True
1451,Healthy,Healthy,0.9987514019012452,True,0.9987514019012452,True
1004,Early_Alternaria_Leaf_Blight,Early_Alternaria_Leaf_Blight,0.998744010925293,True,0.998744010925293,True
1093,Fungal_Damage_Leaf,Fungal_Damage_Leaf,0.9987425208091736,True,0.9987425208091736,True
219,Anthracnose,Anthracnose,0.9987276196479796,True,0.9987276196479796,True
1574,Healthy,Healthy,0.9987223744392396,True,0.9987223744392396,True
950,Early_Alternaria_Leaf_Blight,Early_Alternaria_Leaf_Blight,0.9987083673477172,True,0.9987083673477172,True
774,Downy_Mildew,Downy_Mildew,0.9987081289291382,True,0.9987081289291382,True
291,Anthracnose,Anthracnose,0.99870502948761,True,0.99870502948761,True
435,Anthracnose,Anthracnose,0.9987030029296876,True,0.9987030029296876,True
1566,Healthy,Healthy,0.9986999034881592,True,0.9986999034881592,True
510,Downy_Mildew,Downy_Mildew,0.998696506023407,True,0.998696506023407,True
1227,Healthy,Healthy,0.9986932873725892,True,0.9986932873725892,True
860,Early_Alternaria_Leaf_Blight,Early_Alternaria_Leaf_Blight,0.9986914992332458,True,0.9986914992332458,True
1505,Healthy,Healthy,0.99868243932724,True,0.99868243932724,True
343,Anthracnose,Anthracnose,0.9986737966537476,True,0.9986737966537476,True
1545,Healthy,Healthy,0.9986728429794312,True,0.9986728429794312,True
1343,Healthy,Healthy,0.9986422657966614,True,0.9986422657966614,True
778,Downy_Mildew,Downy_Mildew,0.9986386895179749,True,0.9986386895179749,True
1738,Mosaic_Virus,Mosaic_Virus,0.9986332058906556,True,0.9986332058906556,True
1101,Fungal_Damage_Leaf,Fungal_Damage_Leaf,0.998626470565796,True,0.998626470565796,True
542,Downy_Mildew,Downy_Mildew,0.9986109733581544,True,0.9986109733581544,True
1055,Fungal_Damage_Leaf,Fungal_Damage_Leaf,0.9986066222190856,True,0.9986066222190856,True
1271,Healthy,Healthy,0.9986029267311096,True,0.9986029267311096,True
589,Downy_Mildew,Downy_Mildew,0.9986019730567932,True,0.9986019730567932,True
355,Anthracnose,Anthracnose,0.9986016154289246,True,0.9986016154289246,True
1178,Healthy,Healthy,0.9985999464988708,True,0.9985999464988708,True
544,Downy_Mildew,Downy_Mildew,0.9985987544059752,True,0.9985987544059752,True
648,Downy_Mildew,Downy_Mildew,0.9985972046852112,True,0.9985972046852112,True
1417,Healthy,Healthy,0.9985970854759216,True,0.9985970854759216,True
788,Downy_Mildew,Downy_Mildew,0.9985657334327698,True,0.9985657334327698,True
1381,Healthy,Healthy,0.998557984828949,True,0.998557984828949,True
106,Alternaria_Leaf_Blight,Alternaria_Leaf_Blight,0.9985546469688416,True,0.9985546469688416,True
621,Downy_Mildew,Downy_Mildew,0.9985536932945251,True,0.9985536932945251,True
13,Alternaria_Leaf_Blight,Alternaria_Leaf_Blight,0.9985526204109192,True,0.9985526204109192,True
742,Downy_Mildew,Downy_Mildew,0.9985299110412598,True,0.9985299110412598,True
304,Anthracnose,Anthracnose,0.9985295534133912,True,0.9985295534133912,True
1682,Mosaic_Virus,Mosaic_Virus,0.9985289573669434,True,0.9985289573669434,True
1337,Healthy,Healthy,0.998512089252472,True,0.998512089252472,True
756,Downy_Mildew,Downy_Mildew,0.9985055923461914,True,0.9985055923461914,True
548,Downy_Mildew,Downy_Mildew,0.998498797416687,True,0.998498797416687,True
1462,Healthy,Healthy,0.9984849095344543,True,0.9984849095344543,True
740,Downy_Mildew,Downy_Mildew,0.998472273349762,True,0.998472273349762,True
42,Alternaria_Leaf_Blight,Alternaria_Leaf_Blight,0.998460054397583,True,0.998460054397583,True
881,Early_Alternaria_Leaf_Blight,Early_Alternaria_Leaf_Blight,0.998458981513977,True,0.998458981513977,True
777,Downy_Mildew,Downy_Mildew,0.9984551668167114,True,0.9984551668167114,True
1515,Healthy,Healthy,0.9984500408172609,True,0.9984500408172609,True
200,Anthracnose,Anthracnose,0.9984211921691896,True,0.9984211921691896,True
358,Anthracnose,Anthracnose,0.9984185695648192,True,0.9984185695648192,True
1153,Fungal_Damage_Leaf,Fungal_Damage_Leaf,0.9984161853790284,True,0.9984161853790284,True
901,Early_Alternaria_Leaf_Blight,Early_Alternaria_Leaf_Blight,0.9983946681022644,True,0.9983946681022644,True
1024,Fungal_Damage_Leaf,Fungal_Damage_Leaf,0.998357355594635,True,0.998357355594635,True
1345,Healthy,Healthy,0.9983495473861694,True,0.9983495473861694,True
719,Downy_Mildew,Downy_Mildew,0.998346209526062,True,0.998346209526062,True
899,Early_Alternaria_Leaf_Blight,Early_Alternaria_Leaf_Blight,0.998330056667328,True,0.998330056667328,True
1630,Mosaic_Virus,Mosaic_Virus,0.9983012080192566,True,0.9983012080192566,True
891,Early_Alternaria_Leaf_Blight,Early_Alternaria_Leaf_Blight,0.9982892870903016,True,0.9982892870903016,True
1603,Mosaic_Virus,Mosaic_Virus,0.9982849955558776,True,0.9982849955558776,True
1636,Mosaic_Virus,Mosaic_Virus,0.9982709884643556,True,0.9982709884643556,True
879,Early_Alternaria_Leaf_Blight,Early_Alternaria_Leaf_Blight,0.998246431350708,True,0.998246431350708,True
1764,Mosaic_Virus,Mosaic_Virus,0.9982422590255736,True,0.9982422590255736,True
1023,Fungal_Damage_Leaf,Fungal_Damage_Leaf,0.9982226490974426,True,0.9982226490974426,True
1223,Healthy,Healthy,0.9982213377952576,True,0.9982213377952576,True
984,Early_Alternaria_Leaf_Blight,Early_Alternaria_Leaf_Blight,0.9982163310050964,True,0.9982163310050964,True
78,Alternaria_Leaf_Blight,Alternaria_Leaf_Blight,0.9982155561447144,True,0.9982155561447144,True
1355,Healthy,Healthy,0.9982101917266846,True,0.9982101917266846,True
1699,Mosaic_Virus,Mosaic_Virus,0.9982091188430786,True,0.9982091188430786,True
1206,Healthy,Healthy,0.9981993436813354,True,0.9981993436813354,True
247,Anthracnose,Anthracnose,0.9981935620307922,True,0.9981935620307922,True
1110,Fungal_Damage_Leaf,Fungal_Damage_Leaf,0.9981923699378968,True,0.9981923699378968,True
206,Anthracnose,Anthracnose,0.998188316822052,True,0.998188316822052,True
1018,Fungal_Damage_Leaf,Fungal_Damage_Leaf,0.9981874823570251,True,0.9981874823570251,True
1767,Mosaic_Virus,Mosaic_Virus,0.9981811046600342,True,0.9981811046600342,True
1463,Healthy,Healthy,0.9981803894042968,True,0.9981803894042968,True
1569,Healthy,Healthy,0.9981802701950072,True,0.9981802701950072,True
909,Early_Alternaria_Leaf_Blight,Early_Alternaria_Leaf_Blight,0.9981738328933716,True,0.9981738328933716,True
1370,Healthy,Healthy,0.9981675148010254,True,0.9981675148010254,True
796,Downy_Mildew,Downy_Mildew,0.9981666803359984,True,0.9981666803359984,True
1076,Fungal_Damage_Leaf,Fungal_Damage_Leaf,0.998158037662506,True,0.998158037662506,True
1434,Healthy,Healthy,0.998144507408142,True,0.998144507408142,True
1429,Healthy,Healthy,0.9981014132499696,True,0.9981014132499696,True
1774,Mosaic_Virus,Mosaic_Virus,0.9981005787849426,True,0.9981005787849426,True
658,Downy_Mildew,Downy_Mildew,0.9980863332748412,True,0.9980863332748412,True
966,Early_Alternaria_Leaf_Blight,Early_Alternaria_Leaf_Blight,0.9980751276016236,True,0.9980751276016236,True
1215,Healthy,Healthy,0.9980735778808594,True,0.9980735778808594,True
1604,Mosaic_Virus,Mosaic_Virus,0.998039186000824,True,0.998039186000824,True
981,Early_Alternaria_Leaf_Blight,Early_Alternaria_Leaf_Blight,0.9980269074440002,True,0.9980269074440002,True
617,Downy_Mildew,Downy_Mildew,0.9980194568634032,True,0.9980194568634032,True
243,Anthracnose,Anthracnose,0.9980104565620422,True,0.9980104565620422,True
597,Downy_Mildew,Downy_Mildew,0.9980061650276184,True,0.9980061650276184,True
1347,Healthy,Healthy,0.997995376586914,True,0.997995376586914,True
226,Anthracnose,Anthracnose,0.9979897737503052,True,0.9979897737503052,True
329,Anthracnose,Anthracnose,0.997984766960144,True,0.997984766960144,True
602,Downy_Mildew,Downy_Mildew,0.9979565143585204,True,0.9979565143585204,True
239,Anthracnose,Anthracnose,0.997940480709076,True,0.997940480709076,True
868,Early_Alternaria_Leaf_Blight,Early_Alternaria_Leaf_Blight,0.9979255199432372,True,0.9979255199432372,True
1361,Healthy,Healthy,0.9979251623153688,True,0.9979251623153688,True
1621,Mosaic_Virus,Mosaic_Virus,0.9979155659675598,True,0.9979155659675598,True
1652,Mosaic_Virus,Mosaic_Virus,0.9979104399681092,True,0.9979104399681092,True
785,Downy_Mildew,Downy_Mildew,0.9978914856910706,True,0.9978914856910706,True
238,Anthracnose,Anthracnose,0.9978880286216736,True,0.9978880286216736,True
994,Early_Alternaria_Leaf_Blight,Early_Alternaria_Leaf_Blight,0.9978650212287904,True,0.9978650212287904,True
290,Anthracnose,Anthracnose,0.9978389143943788,True,0.9978389143943788,True
1185,Healthy,Healthy,0.997837245464325,True,0.997837245464325,True
1649,Mosaic_Virus,Mosaic_Virus,0.9978339076042176,True,0.9978339076042176,True
1413,Healthy,Healthy,0.9978293776512146,True,0.9978293776512146,True
748,Downy_Mildew,Downy_Mildew,0.9978284239768982,True,0.9978284239768982,True
1656,Mosaic_Virus,Mosaic_Virus,0.9978234767913818,True,0.9978234767913818,True
1723,Mosaic_Virus,Mosaic_Virus,0.9978206157684326,True,0.9978206157684326,True
338,Anthracnose,Anthracnose,0.997808039188385,True,0.997808039188385,True
920,Early_Alternaria_Leaf_Blight,Early_Alternaria_Leaf_Blight,0.9978023171424866,True,0.9978023171424866,True
1710,Mosaic_Virus,Mosaic_Virus,0.9977695941925048,True,0.9977695941925048,True
1724,Mosaic_Virus,Mosaic_Virus,0.997766137123108,True,0.997766137123108,True
619,Downy_Mildew,Downy_Mildew,0.9977635145187378,True,0.9977635145187378,True
1497,Healthy,Healthy,0.9977396726608276,True,0.9977396726608276,True
341,Anthracnose,Anthracnose,0.9977328777313232,True,0.9977328777313232,True
1418,Healthy,Healthy,0.9977218508720398,True,0.9977218508720398,True
1261,Healthy,Healthy,0.9977153539657592,True,0.9977153539657592,True
1697,Mosaic_Virus,Mosaic_Virus,0.9977015852928162,True,0.9977015852928162,True
167,Anthracnose,Anthracnose,0.9976811408996582,True,0.9976811408996582,True
1703,Mosaic_Virus,Mosaic_Virus,0.99762624502182,True,0.99762624502182,True
618,Downy_Mildew,Downy_Mildew,0.9975989460945128,True,0.9975989460945128,True
314,Anthracnose,Anthracnose,0.9975926280021667,True,0.9975926280021667,True
905,Early_Alternaria_Leaf_Blight,Early_Alternaria_Leaf_Blight,0.9975807666778564,True,0.9975807666778564,True
872,Early_Alternaria_Leaf_Blight,Early_Alternaria_Leaf_Blight,0.997552216053009,True,0.997552216053009,True
1576,Healthy,Healthy,0.9975423812866212,True,0.9975423812866212,True
1577,Healthy,Healthy,0.9975142478942872,True,0.9975142478942872,True
1420,Healthy,Healthy,0.9975104331970216,True,0.9975104331970216,True
1164,Healthy,Healthy,0.9975034594535828,True,0.9975034594535828,True
1390,Healthy,Healthy,0.9974961876869202,True,0.9974961876869202,True
1234,Healthy,Healthy,0.9974855184555054,True,0.9974855184555054,True
1275,Healthy,Healthy,0.997475802898407,True,0.997475802898407,True
513,Downy_Mildew,Downy_Mildew,0.9974754452705384,True,0.9974754452705384,True
1740,Mosaic_Virus,Mosaic_Virus,0.9974442720413208,True,0.9974442720413208,True
1493,Healthy,Healthy,0.9974045157432556,True,0.9974045157432556,True
1614,Mosaic_Virus,Mosaic_Virus,0.997384250164032,True,0.997384250164032,True
347,Anthracnose,Anthracnose,0.9973666071891784,True,0.9973666071891784,True
276,Anthracnose,Anthracnose,0.9973245859146118,True,0.9973245859146118,True
1446,Healthy,Healthy,0.997323215007782,True,0.997323215007782,True
460,Anthracnose,Anthracnose,0.9973222613334656,True,0.9973222613334656,True
1322,Healthy,Healthy,0.9972959160804749,True,0.9972959160804749,True
1629,Mosaic_Virus,Mosaic_Virus,0.9972851276397704,True,0.9972851276397704,True
1729,Mosaic_Virus,Mosaic_Virus,0.9972788691520692,True,0.9972788691520692,True
929,Early_Alternaria_Leaf_Blight,Early_Alternaria_Leaf_Blight,0.9972612857818604,True,0.9972612857818604,True
1436,Healthy,Healthy,0.9972503781318665,True,0.9972503781318665,True
215,Anthracnose,Anthracnose,0.9971940517425536,True,0.9971940517425536,True
1447,Healthy,Healthy,0.9971917271614076,True,0.9971917271614076,True
1377,Healthy,Healthy,0.9971604347229004,True,0.9971604347229004,True
315,Anthracnose,Anthracnose,0.9971555471420288,True,0.9971555471420288,True
1748,Mosaic_Virus,Mosaic_Virus,0.9971505999565125,True,0.9971505999565125,True
211,Anthracnose,Anthracnose,0.9971340894699096,True,0.9971340894699096,True
1657,Mosaic_Virus,Mosaic_Virus,0.9971005320549012,True,0.9971005320549012,True
1327,Healthy,Healthy,0.996995210647583,True,0.996995210647583,True
1467,Healthy,Healthy,0.9969637989997864,True,0.9969637989997864,True
340,Anthracnose,Anthracnose,0.9969369173049928,True,0.9969369173049928,True
784,Downy_Mildew,Downy_Mildew,0.9969246983528136,True,0.9969246983528136,True
1459,Healthy,Healthy,0.996917486190796,True,0.996917486190796,True
1766,Mosaic_Virus,Mosaic_Virus,0.996915340423584,True,0.996915340423584,True
257,Anthracnose,Anthracnose,0.9969112277030944,True,0.9969112277030944,True
623,Downy_Mildew,Downy_Mildew,0.9969032406806946,True,0.9969032406806946,True
769,Downy_Mildew,Downy_Mildew,0.9969003200531006,True,0.9969003200531006,True
80,Alternaria_Leaf_Blight,Alternaria_Leaf_Blight,0.996870219707489,True,0.996870219707489,True
505,Downy_Mildew,Downy_Mildew,0.9968611001968384,True,0.9968611001968384,True
1639,Mosaic_Virus,Mosaic_Virus,0.9968532919883728,True,0.9968532919883728,True
122,Alternaria_Leaf_Blight,Alternaria_Leaf_Blight,0.9968463778495787,True,0.9968463778495787,True
1236,Healthy,Healthy,0.9968306422233582,True,0.9968306422233582,True
1721,Mosaic_Virus,Mosaic_Virus,0.9968172311782836,True,0.9968172311782836,True
908,Early_Alternaria_Leaf_Blight,Early_Alternaria_Leaf_Blight,0.996815860271454,True,0.996815860271454,True
1279,Healthy,Healthy,0.9967707395553588,True,0.9967707395553588,True
136,Alternaria_Leaf_Blight,Alternaria_Leaf_Blight,0.996744990348816,True,0.996744990348816,True
916,Early_Alternaria_Leaf_Blight,Early_Alternaria_Leaf_Blight,0.9967241883277892,True,0.9967241883277892,True
1568,Healthy,Healthy,0.9967072606086732,True,0.9967072606086732,True
1411,Healthy,Healthy,0.9966855645179749,True,0.9966855645179749,True
99,Alternaria_Leaf_Blight,Alternaria_Leaf_Blight,0.9966623783111572,True,0.9966623783111572,True
58,Alternaria_Leaf_Blight,Alternaria_Leaf_Blight,0.9966530203819276,True,0.9966530203819276,True
1342,Healthy,Healthy,0.9965707063674928,True,0.9965707063674928,True
93,Alternaria_Leaf_Blight,Alternaria_Leaf_Blight,0.9965330362319946,True,0.9965330362319946,True
196,Anthracnose,Anthracnose,0.9965115189552308,True,0.9965115189552308,True
519,Downy_Mildew,Downy_Mildew,0.9964338541030884,True,0.9964338541030884,True
1602,Mosaic_Virus,Mosaic_Virus,0.9964309930801392,True,0.9964309930801392,True
1635,Mosaic_Virus,Mosaic_Virus,0.9964309930801392,True,0.9964309930801392,True
336,Anthracnose,Anthracnose,0.9963487386703492,True,0.9963487386703492,True
1267,Healthy,Healthy,0.9963195323944092,True,0.9963195323944092,True
1169,Healthy,Healthy,0.996293604373932,True,0.996293604373932,True
594,Downy_Mildew,Downy_Mildew,0.9962831139564514,True,0.9962831139564514,True
1701,Mosaic_Virus,Mosaic_Virus,0.9962512850761414,True,0.9962512850761414,True
14,Alternaria_Leaf_Blight,Alternaria_Leaf_Blight,0.996248185634613,True,0.996248185634613,True
1632,Mosaic_Virus,Mosaic_Virus,0.9962145686149596,True,0.9962145686149596,True
1600,Mosaic_Virus,Mosaic_Virus,0.9962145686149596,True,0.9962145686149596,True
1287,Healthy,Healthy,0.9961732029914856,True,0.9961732029914856,True
614,Downy_Mildew,Downy_Mildew,0.9961202144622804,True,0.9961202144622804,True
255,Anthracnose,Anthracnose,0.9960870742797852,True,0.9960870742797852,True
1658,Mosaic_Virus,Mosaic_Virus,0.9960832595825196,True,0.9960832595825196,True
1232,Healthy,Healthy,0.9960822463035583,True,0.9960822463035583,True
17,Alternaria_Leaf_Blight,Alternaria_Leaf_Blight,0.9960200190544128,True,0.9960200190544128,True
858,Early_Alternaria_Leaf_Blight,Early_Alternaria_Leaf_Blight,0.9959734082221984,True,0.9959734082221984,True
865,Early_Alternaria_Leaf_Blight,Early_Alternaria_Leaf_Blight,0.995960772037506,True,0.995960772037506,True
1668,Mosaic_Virus,Mosaic_Virus,0.9959083795547484,True,0.9959083795547484,True
230,Anthracnose,Anthracnose,0.9959049820899964,True,0.9959049820899964,True
1709,Mosaic_Virus,Mosaic_Virus,0.9958505630493164,True,0.9958505630493164,True
1663,Mosaic_Virus,Mosaic_Virus,0.9958230257034302,True,0.9958230257034302,True
1058,Fungal_Damage_Leaf,Fungal_Damage_Leaf,0.9957931041717528,True,0.9957931041717528,True
958,Early_Alternaria_Leaf_Blight,Early_Alternaria_Leaf_Blight,0.9957796335220336,True,0.9957796335220336,True
504,Downy_Mildew,Downy_Mildew,0.9956193566322328,True,0.9956193566322328,True
114,Alternaria_Leaf_Blight,Alternaria_Leaf_Blight,0.9956034421920776,True,0.9956034421920776,True
531,Downy_Mildew,Downy_Mildew,0.9956023693084716,True,0.9956023693084716,True
1324,Healthy,Healthy,0.9956008195877076,True,0.9956008195877076,True
292,Anthracnose,Anthracnose,0.9955798983573914,True,0.9955798983573914,True
1144,Fungal_Damage_Leaf,Fungal_Damage_Leaf,0.9955294728279114,True,0.9955294728279114,True
556,Downy_Mildew,Downy_Mildew,0.9955173134803772,True,0.9955173134803772,True
771,Downy_Mildew,Downy_Mildew,0.9954985976219176,True,0.9954985976219176,True
564,Downy_Mildew,Downy_Mildew,0.9954646229743958,True,0.9954646229743958,True
1108,Fungal_Damage_Leaf,Fungal_Damage_Leaf,0.9954439401626588,True,0.9954439401626588,True
1619,Mosaic_Virus,Mosaic_Virus,0.9954437017440796,True,0.9954437017440796,True
867,Early_Alternaria_Leaf_Blight,Early_Alternaria_Leaf_Blight,0.9953806400299072,True,0.9953806400299072,True
95,Alternaria_Leaf_Blight,Alternaria_Leaf_Blight,0.995374858379364,True,0.995374858379364,True
1231,Healthy,Healthy,0.9953538179397584,True,0.9953538179397584,True
605,Downy_Mildew,Downy_Mildew,0.9953385591506958,True,0.9953385591506958,True
967,Early_Alternaria_Leaf_Blight,Early_Alternaria_Leaf_Blight,0.9953076243400574,True,0.9953076243400574,True
91,Alternaria_Leaf_Blight,Alternaria_Leaf_Blight,0.995211660861969,True,0.995211660861969,True
199,Anthracnose,Anthracnose,0.995210349559784,True,0.995210349559784,True
780,Downy_Mildew,Downy_Mildew,0.9952074885368348,True,0.9952074885368348,True
236,Anthracnose,Anthracnose,0.9952045679092408,True,0.9952045679092408,True
183,Anthracnose,Anthracnose,0.9951685667037964,True,0.9951685667037964,True
1225,Healthy,Healthy,0.9951381087303162,True,0.9951381087303162,True
1561,Healthy,Healthy,0.9951335787773132,True,0.9951335787773132,True
27,Alternaria_Leaf_Blight,Alternaria_Leaf_Blight,0.9951046705245972,True,0.9951046705245972,True
979,Early_Alternaria_Leaf_Blight,Early_Alternaria_Leaf_Blight,0.995030641555786,True,0.995030641555786,True
65,Alternaria_Leaf_Blight,Alternaria_Leaf_Blight,0.9950256943702698,True,0.9950256943702698,True
922,Early_Alternaria_Leaf_Blight,Early_Alternaria_Leaf_Blight,0.9950061440467834,True,0.9950061440467834,True
554,Downy_Mildew,Downy_Mildew,0.9950022101402284,True,0.9950022101402284,True
293,Anthracnose,Anthracnose,0.9949705004692078,True,0.9949705004692078,True
1309,Healthy,Healthy,0.9949420094490052,True,0.9949420094490052,True
39,Alternaria_Leaf_Blight,Alternaria_Leaf_Blight,0.9949239492416382,True,0.9949239492416382,True
1518,Healthy,Healthy,0.9949200749397278,True,0.9949200749397278,True
1097,Fungal_Damage_Leaf,Fungal_Damage_Leaf,0.9949185252189636,True,0.9949185252189636,True
1184,Healthy,Healthy,0.9949122071266174,True,0.9949122071266174,True
1400,Healthy,Healthy,0.9949061870574952,True,0.9949061870574952,True
1606,Mosaic_Virus,Mosaic_Virus,0.994904398918152,True,0.994904398918152,True
164,Alternaria_Leaf_Blight,Alternaria_Leaf_Blight,0.9948870539665222,True,0.9948870539665222,True
1605,Mosaic_Virus,Mosaic_Virus,0.994881272315979,True,0.994881272315979,True
1612,Mosaic_Virus,Mosaic_Virus,0.994839608669281,True,0.994839608669281,True
161,Alternaria_Leaf_Blight,Alternaria_Leaf_Blight,0.9948179125785828,True,0.9948179125785828,True
154,Alternaria_Leaf_Blight,Alternaria_Leaf_Blight,0.9947999715805054,True,0.9947999715805054,True
214,Anthracnose,Anthracnose,0.9947847723960876,True,0.9947847723960876,True
1038,Fungal_Damage_Leaf,Fungal_Damage_Leaf,0.9947562217712402,True,0.9947562217712402,True
882,Early_Alternaria_Leaf_Blight,Early_Alternaria_Leaf_Blight,0.9946296215057372,True,0.9946296215057372,True
1057,Fungal_Damage_Leaf,Fungal_Damage_Leaf,0.9945924878120422,True,0.9945924878120422,True
613,Downy_Mildew,Downy_Mildew,0.9945681095123292,True,0.9945681095123292,True
16,Alternaria_Leaf_Blight,Alternaria_Leaf_Blight,0.9945096373558044,True,0.9945096373558044,True
11,Alternaria_Leaf_Blight,Alternaria_Leaf_Blight,0.9944835305213928,True,0.9944835305213928,True
313,Anthracnose,Anthracnose,0.994458556175232,True,0.994458556175232,True
959,Early_Alternaria_Leaf_Blight,Early_Alternaria_Leaf_Blight,0.9943622350692748,True,0.9943622350692748,True
1092,Fungal_Damage_Leaf,Fungal_Damage_Leaf,0.9943549633026124,True,0.9943549633026124,True
545,Downy_Mildew,Downy_Mildew,0.9943532943725586,True,0.9943532943725586,True
12,Alternaria_Leaf_Blight,Alternaria_Leaf_Blight,0.9943085312843324,True,0.9943085312843324,True
1651,Mosaic_Virus,Mosaic_Virus,0.9942960143089294,True,0.9942960143089294,True
612,Downy_Mildew,Downy_Mildew,0.9942939877510072,True,0.9942939877510072,True
871,Early_Alternaria_Leaf_Blight,Early_Alternaria_Leaf_Blight,0.9942123293876648,True,0.9942123293876648,True
74,Alternaria_Leaf_Blight,Alternaria_Leaf_Blight,0.9941904544830322,True,0.9941904544830322,True
1684,Mosaic_Virus,Mosaic_Virus,0.9941746592521667,True,0.9941746592521667,True
1556,Healthy,Healthy,0.993973195552826,True,0.993973195552826,True
608,Downy_Mildew,Downy_Mildew,0.9939290285110474,True,0.9939290285110474,True
222,Anthracnose,Anthracnose,0.993908166885376,True,0.993908166885376,True
1661,Mosaic_Virus,Mosaic_Virus,0.9938700199127196,True,0.9938700199127196,True
887,Early_Alternaria_Leaf_Blight,Early_Alternaria_Leaf_Blight,0.993838369846344,True,0.993838369846344,True
193,Anthracnose,Anthracnose,0.9937747716903688,True,0.9937747716903688,True
546,Downy_Mildew,Downy_Mildew,0.9937493801116944,True,0.9937493801116944,True
52,Alternaria_Leaf_Blight,Alternaria_Leaf_Blight,0.9936904907226562,True,0.9936904907226562,True
598,Downy_Mildew,Downy_Mildew,0.9936542510986328,True,0.9936542510986328,True
1671,Mosaic_Virus,Mosaic_Virus,0.99358069896698,True,0.99358069896698,True
334,Anthracnose,Anthracnose,0.9935557246208192,True,0.9935557246208192,True
971,Early_Alternaria_Leaf_Blight,Early_Alternaria_Leaf_Blight,0.9935272336006165,True,0.9935272336006165,True
1689,Mosaic_Virus,Mosaic_Virus,0.9934784173965454,True,0.9934784173965454,True
1002,Early_Alternaria_Leaf_Blight,Early_Alternaria_Leaf_Blight,0.9934600591659546,True,0.9934600591659546,True
1650,Mosaic_Virus,Mosaic_Virus,0.9933289289474488,True,0.9933289289474488,True
1711,Mosaic_Virus,Mosaic_Virus,0.9933276176452636,True,0.9933276176452636,True
629,Downy_Mildew,Downy_Mildew,0.9931986927986144,True,0.9931986927986144,True
1085,Fungal_Damage_Leaf,Fungal_Damage_Leaf,0.993192732334137,True,0.993192732334137,True
368,Anthracnose,Anthracnose,0.9931877851486206,True,0.9931877851486206,True
999,Early_Alternaria_Leaf_Blight,Early_Alternaria_Leaf_Blight,0.9931098222732544,True,0.9931098222732544,True
912,Early_Alternaria_Leaf_Blight,Early_Alternaria_Leaf_Blight,0.9930580854415894,True,0.9930580854415894,True
918,Early_Alternaria_Leaf_Blight,Early_Alternaria_Leaf_Blight,0.9930567741394044,True,0.9930567741394044,True
227,Anthracnose,Anthracnose,0.9929676055908204,True,0.9929676055908204,True
22,Alternaria_Leaf_Blight,Alternaria_Leaf_Blight,0.9929285645484924,True,0.9929285645484924,True
877,Early_Alternaria_Leaf_Blight,Early_Alternaria_Leaf_Blight,0.9928920269012452,True,0.9928920269012452,True
1607,Mosaic_Virus,Mosaic_Virus,0.9928265810012816,True,0.9928265810012816,True
1643,Mosaic_Virus,Mosaic_Virus,0.9928265810012816,True,0.9928265810012816,True
157,Alternaria_Leaf_Blight,Alternaria_Leaf_Blight,0.9927969574928284,True,0.9927969574928284,True
1665,Mosaic_Virus,Mosaic_Virus,0.9927617907524108,True,0.9927617907524108,True
192,Anthracnose,Anthracnose,0.9927240014076232,True,0.9927240014076232,True
609,Downy_Mildew,Downy_Mildew,0.9926151037216188,True,0.9926151037216188,True
1662,Mosaic_Virus,Mosaic_Virus,0.9924880266189576,True,0.9924880266189576,True
890,Early_Alternaria_Leaf_Blight,Early_Alternaria_Leaf_Blight,0.9924772381782532,True,0.9924772381782532,True
1623,Mosaic_Virus,Mosaic_Virus,0.9924657344818116,True,0.9924657344818116,True
945,Early_Alternaria_Leaf_Blight,Early_Alternaria_Leaf_Blight,0.9924518465995787,True,0.9924518465995787,True
568,Downy_Mildew,Downy_Mildew,0.9923352599143982,True,0.9923352599143982,True
1785,Nutrition_Deficiency,Nutrition_Deficiency,0.9922749400138856,True,0.9922749400138856,True
1761,Mosaic_Virus,Mosaic_Virus,0.992239475250244,True,0.992239475250244,True
1200,Healthy,Healthy,0.9922361969947816,True,0.9922361969947816,True
592,Downy_Mildew,Downy_Mildew,0.9919911026954652,True,0.9919911026954652,True
145,Alternaria_Leaf_Blight,Alternaria_Leaf_Blight,0.9919329285621644,True,0.9919329285621644,True
1611,Mosaic_Virus,Mosaic_Virus,0.9918683767318726,True,0.9918683767318726,True
904,Early_Alternaria_Leaf_Blight,Early_Alternaria_Leaf_Blight,0.9918522238731384,True,0.9918522238731384,True
1244,Healthy,Healthy,0.9918457865715028,True,0.9918457865715028,True
21,Alternaria_Leaf_Blight,Alternaria_Leaf_Blight,0.9918105006217957,True,0.9918105006217957,True
271,Anthracnose,Anthracnose,0.991557002067566,True,0.991557002067566,True
1675,Mosaic_Virus,Mosaic_Virus,0.9914701581001282,True,0.9914701581001282,True
1163,Healthy,Healthy,0.9909864068031312,True,0.9909864068031312,True
23,Alternaria_Leaf_Blight,Alternaria_Leaf_Blight,0.9908543825149536,True,0.9908543825149536,True
228,Anthracnose,Anthracnose,0.9906570911407472,True,0.9906570911407472,True
1626,Mosaic_Virus,Mosaic_Virus,0.9906545281410216,True,0.9906545281410216,True
1598,Mosaic_Virus,Mosaic_Virus,0.9905624985694884,True,0.9905624985694884,True
7,Alternaria_Leaf_Blight,Alternaria_Leaf_Blight,0.990227460861206,True,0.990227460861206,True
1504,Healthy,Healthy,0.9900230765342712,True,0.9900230765342712,True
587,Downy_Mildew,Downy_Mildew,0.9899497032165528,True,0.9899497032165528,True
40,Alternaria_Leaf_Blight,Alternaria_Leaf_Blight,0.989779770374298,True,0.989779770374298,True
333,Anthracnose,Anthracnose,0.9896414875984192,True,0.9896414875984192,True
1608,Mosaic_Virus,Mosaic_Virus,0.9895753860473632,True,0.9895753860473632,True
1145,Fungal_Damage_Leaf,Fungal_Damage_Leaf,0.9895387291908264,True,0.9895387291908264,True
990,Early_Alternaria_Leaf_Blight,Early_Alternaria_Leaf_Blight,0.98935729265213,True,0.98935729265213,True
1367,Healthy,Healthy,0.9892019033432008,True,0.9892019033432008,True
259,Anthracnose,Anthracnose,0.9891563653945924,True,0.9891563653945924,True
961,Early_Alternaria_Leaf_Blight,Early_Alternaria_Leaf_Blight,0.9890311360359192,True,0.9890311360359192,True
126,Alternaria_Leaf_Blight,Alternaria_Leaf_Blight,0.9887130260467528,True,0.9887130260467528,True
557,Downy_Mildew,Downy_Mildew,0.9886875152587892,True,0.9886875152587892,True
1640,Mosaic_Virus,Mosaic_Virus,0.9885226488113404,True,0.9885226488113404,True
992,Early_Alternaria_Leaf_Blight,Early_Alternaria_Leaf_Blight,0.9884159564971924,True,0.9884159564971924,True
1735,Mosaic_Virus,Mosaic_Virus,0.9882373213768004,True,0.9882373213768004,True
302,Anthracnose,Anthracnose,0.9881835579872132,True,0.9881835579872132,True
1132,Fungal_Damage_Leaf,Fungal_Damage_Leaf,0.988058626651764,True,0.988058626651764,True
1273,Healthy,Healthy,0.988020122051239,True,0.988020122051239,True
83,Alternaria_Leaf_Blight,Alternaria_Leaf_Blight,0.9878673553466796,True,0.9878673553466796,True
506,Downy_Mildew,Downy_Mildew,0.9878281354904176,True,0.9878281354904176,True
96,Alternaria_Leaf_Blight,Alternaria_Leaf_Blight,0.9875948429107666,True,0.9875948429107666,True
559,Downy_Mildew,Downy_Mildew,0.9874535202980042,True,0.9874535202980042,True
864,Early_Alternaria_Leaf_Blight,Early_Alternaria_Leaf_Blight,0.9873254299163818,True,0.9873254299163818,True
231,Anthracnose,Anthracnose,0.987293004989624,True,0.987293004989624,True
584,Downy_Mildew,Downy_Mildew,0.9872318506240844,True,0.9872318506240844,True
550,Downy_Mildew,Downy_Mildew,0.9871292114257812,True,0.9871292114257812,True
1688,Mosaic_Virus,Mosaic_Virus,0.9871202111244202,True,0.9871202111244202,True
92,Alternaria_Leaf_Blight,Alternaria_Leaf_Blight,0.9869057536125184,True,0.9869057536125184,True
345,Anthracnose,Anthracnose,0.9868729710578918,True,0.9868729710578918,True
1617,Mosaic_Virus,Mosaic_Virus,0.9867576956748962,True,0.9867576956748962,True
251,Anthracnose,Anthracnose,0.9866983890533448,True,0.9866983890533448,True
523,Downy_Mildew,Downy_Mildew,0.9866864681243896,True,0.9866864681243896,True
1106,Fungal_Damage_Leaf,Fungal_Damage_Leaf,0.9866014122962952,True,0.9866014122962952,True
1641,Mosaic_Virus,Mosaic_Virus,0.9863731861114502,True,0.9863731861114502,True
94,Alternaria_Leaf_Blight,Alternaria_Leaf_Blight,0.986372411251068,True,0.986372411251068,True
1673,Mosaic_Virus,Mosaic_Virus,0.9863262176513672,True,0.9863262176513672,True
297,Anthracnose,Anthracnose,0.9862749576568604,True,0.9862749576568604,True
1433,Healthy,Healthy,0.9861660003662108,True,0.9861660003662108,True
1388,Healthy,Healthy,0.9858128428459167,True,0.9858128428459167,True
753,Downy_Mildew,Downy_Mildew,0.985775351524353,True,0.985775351524353,True
590,Downy_Mildew,Downy_Mildew,0.9854626655578612,True,0.9854626655578612,True
81,Alternaria_Leaf_Blight,Alternaria_Leaf_Blight,0.9854517579078674,True,0.9854517579078674,True
330,Anthracnose,Anthracnose,0.98500257730484,True,0.98500257730484,True
113,Alternaria_Leaf_Blight,Alternaria_Leaf_Blight,0.9849178194999696,True,0.9849178194999696,True
516,Downy_Mildew,Downy_Mildew,0.9848184585571288,True,0.9848184585571288,True
203,Anthracnose,Anthracnose,0.9844266772270204,True,0.9844266772270204,True
240,Anthracnose,Anthracnose,0.9843919277191162,True,0.9843919277191162,True
1707,Mosaic_Virus,Mosaic_Virus,0.9842268824577332,True,0.9842268824577332,True
2,Alternaria_Leaf_Blight,Alternaria_Leaf_Blight,0.9838451147079468,True,0.9838451147079468,True
1592,Mosaic_Virus,Mosaic_Virus,0.9835801720619202,True,0.9835801720619202,True
151,Alternaria_Leaf_Blight,Alternaria_Leaf_Blight,0.9835430383682252,True,0.9835430383682252,True
76,Alternaria_Leaf_Blight,Alternaria_Leaf_Blight,0.9835001230239868,True,0.9835001230239868,True
318,Anthracnose,Anthracnose,0.9833093285560608,True,0.9833093285560608,True
1481,Healthy,Healthy,0.9830695390701294,True,0.9830695390701294,True
1772,Mosaic_Virus,Mosaic_Virus,0.982772171497345,True,0.982772171497345,True
907,Early_Alternaria_Leaf_Blight,Early_Alternaria_Leaf_Blight,0.9825326204299928,True,0.9825326204299928,True
1095,Fungal_Damage_Leaf,Fungal_Damage_Leaf,0.9823792576789856,True,0.9823792576789856,True
1672,Mosaic_Virus,Mosaic_Virus,0.9821959137916564,True,0.9821959137916564,True
926,Early_Alternaria_Leaf_Blight,Early_Alternaria_Leaf_Blight,0.9815949201583862,True,0.9815949201583862,True
153,Alternaria_Leaf_Blight,Alternaria_Leaf_Blight,0.9813343286514282,True,0.9813343286514282,True
1613,Mosaic_Virus,Mosaic_Virus,0.9811996221542358,True,0.9811996221542358,True
158,Alternaria_Leaf_Blight,Alternaria_Leaf_Blight,0.9808299541473388,True,0.9808299541473388,True
53,Alternaria_Leaf_Blight,Alternaria_Leaf_Blight,0.9808221459388732,True,0.9808221459388732,True
189,Anthracnose,Anthracnose,0.980747938156128,True,0.980747938156128,True
366,Anthracnose,Anthracnose,0.980449914932251,True,0.980449914932251,True
261,Anthracnose,Anthracnose,0.9801227450370787,True,0.9801227450370787,True
555,Downy_Mildew,Downy_Mildew,0.9800683856010436,True,0.9800683856010436,True
130,Alternaria_Leaf_Blight,Alternaria_Leaf_Blight,0.9798589944839478,True,0.9798589944839478,True
948,Early_Alternaria_Leaf_Blight,Early_Alternaria_Leaf_Blight,0.979154884815216,True,0.979154884815216,True
24,Alternaria_Leaf_Blight,Alternaria_Leaf_Blight,0.979015588760376,True,0.979015588760376,True
152,Alternaria_Leaf_Blight,Alternaria_Leaf_Blight,0.9784170389175416,True,0.9784170389175416,True
62,Alternaria_Leaf_Blight,Alternaria_Leaf_Blight,0.9781416058540344,True,0.9781416058540344,True
143,Alternaria_Leaf_Blight,Alternaria_Leaf_Blight,0.977946400642395,True,0.977946400642395,True
327,Anthracnose,Anthracnose,0.9773984551429749,True,0.9773984551429749,True
1599,Mosaic_Virus,Mosaic_Virus,0.9773234724998474,True,0.9773234724998474,True
863,Early_Alternaria_Leaf_Blight,Early_Alternaria_Leaf_Blight,0.977249264717102,True,0.977249264717102,True
270,Anthracnose,Anthracnose,0.9772449135780334,True,0.9772449135780334,True
119,Alternaria_Leaf_Blight,Alternaria_Leaf_Blight,0.977003276348114,True,0.977003276348114,True
1732,Mosaic_Virus,Mosaic_Virus,0.9766440987586976,True,0.9766440987586976,True
1220,Healthy,Healthy,0.9766327142715454,True,0.9766327142715454,True
532,Downy_Mildew,Downy_Mildew,0.9763387441635132,True,0.9763387441635132,True
1674,Mosaic_Virus,Mosaic_Virus,0.9762293696403505,True,0.9762293696403505,True
97,Alternaria_Leaf_Blight,Alternaria_Leaf_Blight,0.9760355949401855,True,0.9760355949401855,True
117,Alternaria_Leaf_Blight,Alternaria_Leaf_Blight,0.9758524298667908,True,0.9758524298667908,True
615,Downy_Mildew,Downy_Mildew,0.975706934928894,True,0.975706934928894,True
19,Alternaria_Leaf_Blight,Alternaria_Leaf_Blight,0.9754432439804076,True,0.9754432439804076,True
56,Alternaria_Leaf_Blight,Alternaria_Leaf_Blight,0.9752978682518004,True,0.9752978682518004,True
280,Anthracnose,Anthracnose,0.9751902222633362,True,0.9751902222633362,True
294,Anthracnose,Anthracnose,0.9751091003417968,True,0.9751091003417968,True
1022,Fungal_Damage_Leaf,Fungal_Damage_Leaf,0.9744287729263306,True,0.9744287729263306,True
326,Anthracnose,Anthracnose,0.974205493927002,True,0.974205493927002,True
171,Anthracnose,Anthracnose,0.9741499423980712,True,0.9741499423980712,True
48,Alternaria_Leaf_Blight,Alternaria_Leaf_Blight,0.9740968942642212,True,0.9740968942642212,True
962,Early_Alternaria_Leaf_Blight,Early_Alternaria_Leaf_Blight,0.9739640355110168,True,0.9739640355110168,True
1694,Mosaic_Virus,Mosaic_Virus,0.9737584590911864,True,0.9737584590911864,True
1679,Mosaic_Virus,Mosaic_Virus,0.973189115524292,True,0.973189115524292,True
1596,Mosaic_Virus,Mosaic_Virus,0.9727125763893129,True,0.9727125763893129,True
1165,Healthy,Healthy,0.9726220965385436,True,0.9726220965385436,True
1706,Mosaic_Virus,Mosaic_Virus,0.972593367099762,True,0.972593367099762,True
75,Alternaria_Leaf_Blight,Alternaria_Leaf_Blight,0.97171288728714,True,0.97171288728714,True
1731,Mosaic_Virus,Mosaic_Virus,0.9715376496315002,True,0.9715376496315002,True
140,Alternaria_Leaf_Blight,Alternaria_Leaf_Blight,0.9714965224266052,True,0.9714965224266052,True
896,Early_Alternaria_Leaf_Blight,Early_Alternaria_Leaf_Blight,0.9712179899215698,True,0.9712179899215698,True
1290,Healthy,Healthy,0.9711284041404724,True,0.9711284041404724,True
107,Alternaria_Leaf_Blight,Alternaria_Leaf_Blight,0.9709123373031616,True,0.9709123373031616,True
574,Downy_Mildew,Downy_Mildew,0.9700220227241516,True,0.9700220227241516,True
1233,Healthy,Healthy,0.9697722792625428,True,0.9697722792625428,True
303,Anthracnose,Anthracnose,0.9694476127624512,True,0.9694476127624512,True
1089,Fungal_Damage_Leaf,Fungal_Damage_Leaf,0.9691200256347656,True,0.9691200256347656,True
362,Anthracnose,Anthracnose,0.9690719842910768,True,0.9690719842910768,True
233,Anthracnose,Anthracnose,0.9686923027038574,True,0.9686923027038574,True
354,Anthracnose,Anthracnose,0.9685652256011964,True,0.9685652256011964,True
1257,Healthy,Healthy,0.9677833914756776,True,0.9677833914756776,True
965,Early_Alternaria_Leaf_Blight,Early_Alternaria_Leaf_Blight,0.9677088260650636,True,0.9677088260650636,True
254,Anthracnose,Anthracnose,0.9676824808120728,True,0.9676824808120728,True
1128,Fungal_Damage_Leaf,Fungal_Damage_Leaf,0.9674490094184875,True,0.9674490094184875,True
910,Early_Alternaria_Leaf_Blight,Early_Alternaria_Leaf_Blight,0.9667911529541016,True,0.9667911529541016,True
1102,Fungal_Damage_Leaf,Fungal_Damage_Leaf,0.9659144878387452,True,0.9659144878387452,True
328,Anthracnose,Anthracnose,0.9657044410705566,True,0.9657044410705566,True
1174,Healthy,Healthy,0.9656133651733398,True,0.9656133651733398,True
278,Anthracnose,Anthracnose,0.9649558067321776,True,0.9649558067321776,True
125,Alternaria_Leaf_Blight,Alternaria_Leaf_Blight,0.9644080996513368,True,0.9644080996513368,True
935,Early_Alternaria_Leaf_Blight,Early_Alternaria_Leaf_Blight,0.9642799496650696,True,0.9642799496650696,True
160,Alternaria_Leaf_Blight,Alternaria_Leaf_Blight,0.9641736745834352,True,0.9641736745834352,True
1112,Fungal_Damage_Leaf,Fungal_Damage_Leaf,0.964042067527771,True,0.964042067527771,True
15,Alternaria_Leaf_Blight,Alternaria_Leaf_Blight,0.9631262421607972,True,0.9631262421607972,True
322,Anthracnose,Anthracnose,0.9628402590751648,True,0.9628402590751648,True
144,Alternaria_Leaf_Blight,Alternaria_Leaf_Blight,0.9622989296913148,True,0.9622989296913148,True
115,Alternaria_Leaf_Blight,Alternaria_Leaf_Blight,0.9613330960273744,True,0.9613330960273744,True
128,Alternaria_Leaf_Blight,Alternaria_Leaf_Blight,0.9608729481697084,True,0.9608729481697084,True
633,Downy_Mildew,Downy_Mildew,0.9605764150619508,True,0.9605764150619508,True
624,Downy_Mildew,Downy_Mildew,0.9604154825210572,True,0.9604154825210572,True
20,Alternaria_Leaf_Blight,Alternaria_Leaf_Blight,0.9602307081222534,True,0.9602307081222534,True
356,Anthracnose,Anthracnose,0.9598693251609802,True,0.9598693251609802,True
34,Alternaria_Leaf_Blight,Alternaria_Leaf_Blight,0.9598169326782228,True,0.9598169326782228,True
165,Alternaria_Leaf_Blight,Alternaria_Leaf_Blight,0.9584305882453918,True,0.9584305882453918,True
1670,Mosaic_Virus,Mosaic_Virus,0.9584279656410216,True,0.9584279656410216,True
131,Alternaria_Leaf_Blight,Alternaria_Leaf_Blight,0.9582422375679016,True,0.9582422375679016,True
1116,Fungal_Damage_Leaf,Fungal_Damage_Leaf,0.9581631422042848,True,0.9581631422042848,True
1175,Healthy,Healthy,0.9578241109848022,True,0.9578241109848022,True
1037,Fungal_Damage_Leaf,Fungal_Damage_Leaf,0.9573705196380616,True,0.9573705196380616,True
342,Anthracnose,Anthracnose,0.956917643547058,True,0.956917643547058,True
947,Early_Alternaria_Leaf_Blight,Early_Alternaria_Leaf_Blight,0.9562959671020508,True,0.9562959671020508,True
643,Downy_Mildew,Downy_Mildew,0.956070363521576,True,0.956070363521576,True
1666,Mosaic_Virus,Mosaic_Virus,0.9558749794960022,True,0.9558749794960022,True
906,Early_Alternaria_Leaf_Blight,Early_Alternaria_Leaf_Blight,0.9551694989204408,True,0.9551694989204408,True
63,Alternaria_Leaf_Blight,Alternaria_Leaf_Blight,0.954496204853058,True,0.954496204853058,True
704,Downy_Mildew,Downy_Mildew,0.9542192220687866,True,0.9542192220687866,True
575,Downy_Mildew,Downy_Mildew,0.9537345170974731,True,0.9537345170974731,True
18,Alternaria_Leaf_Blight,Alternaria_Leaf_Blight,0.9522730112075806,True,0.9522730112075806,True
120,Alternaria_Leaf_Blight,Alternaria_Leaf_Blight,0.9522096514701844,True,0.9522096514701844,True
1625,Mosaic_Virus,Mosaic_Virus,0.951881468296051,True,0.951881468296051,True
281,Anthracnose,Anthracnose,0.9518743753433228,True,0.9518743753433228,True
139,Alternaria_Leaf_Blight,Alternaria_Leaf_Blight,0.9514769315719604,True,0.9514769315719604,True
569,Downy_Mildew,Downy_Mildew,0.951180338859558,True,0.951180338859558,True
150,Alternaria_Leaf_Blight,Alternaria_Leaf_Blight,0.9508219957351683,True,0.9508219957351683,True
132,Alternaria_Leaf_Blight,Alternaria_Leaf_Blight,0.9508066773414612,True,0.9508066773414612,True
8,Alternaria_Leaf_Blight,Alternaria_Leaf_Blight,0.9505203366279602,True,0.9505203366279602,True
137,Alternaria_Leaf_Blight,Alternaria_Leaf_Blight,0.9483258724212646,True,0.9483258724212646,True
116,Alternaria_Leaf_Blight,Alternaria_Leaf_Blight,0.9478409886360168,True,0.9478409886360168,True
109,Alternaria_Leaf_Blight,Alternaria_Leaf_Blight,0.94756281375885,True,0.94756281375885,True
576,Downy_Mildew,Downy_Mildew,0.9472098350524902,True,0.9472098350524902,True
265,Anthracnose,Anthracnose,0.9471824765205384,True,0.9471824765205384,True
927,Early_Alternaria_Leaf_Blight,Early_Alternaria_Leaf_Blight,0.9465335607528688,True,0.9465335607528688,True
1725,Mosaic_Virus,Mosaic_Virus,0.9463405013084412,True,0.9463405013084412,True
159,Alternaria_Leaf_Blight,Alternaria_Leaf_Blight,0.945443034172058,True,0.945443034172058,True
993,Early_Alternaria_Leaf_Blight,Early_Alternaria_Leaf_Blight,0.9453396201133728,True,0.9453396201133728,True
3,Alternaria_Leaf_Blight,Alternaria_Leaf_Blight,0.9443572163581848,True,0.9443572163581848,True
1105,Fungal_Damage_Leaf,Fungal_Damage_Leaf,0.9441099762916564,True,0.9441099762916564,True
357,Anthracnose,Anthracnose,0.9422202706336976,True,0.9422202706336976,True
1737,Mosaic_Virus,Mosaic_Virus,0.9408072233200072,True,0.9408072233200072,True
1478,Healthy,Healthy,0.9397844672203064,True,0.9397844672203064,True
61,Alternaria_Leaf_Blight,Alternaria_Leaf_Blight,0.9396068453788756,True,0.9396068453788756,True
1088,Fungal_Damage_Leaf,Fungal_Damage_Leaf,0.9390214085578918,True,0.9390214085578918,True
301,Anthracnose,Anthracnose,0.9389232397079468,True,0.9389232397079468,True
41,Alternaria_Leaf_Blight,Alternaria_Leaf_Blight,0.9382048845291138,True,0.9382048845291138,True
917,Early_Alternaria_Leaf_Blight,Early_Alternaria_Leaf_Blight,0.9367775917053224,True,0.9367775917053224,True
870,Early_Alternaria_Leaf_Blight,Early_Alternaria_Leaf_Blight,0.9363037943840028,True,0.9363037943840028,True
110,Alternaria_Leaf_Blight,Alternaria_Leaf_Blight,0.9350311756134032,True,0.9350311756134032,True
625,Downy_Mildew,Downy_Mildew,0.934752881526947,True,0.934752881526947,True
142,Alternaria_Leaf_Blight,Alternaria_Leaf_Blight,0.932482898235321,True,0.932482898235321,True
1716,Mosaic_Virus,Mosaic_Virus,0.9321452379226683,True,0.9321452379226683,True
155,Alternaria_Leaf_Blight,Alternaria_Leaf_Blight,0.9306780695915222,True,0.9306780695915222,True
1667,Mosaic_Virus,Mosaic_Virus,0.9305869936943054,True,0.9305869936943054,True
267,Anthracnose,Anthracnose,0.9305812120437622,True,0.9305812120437622,True
1762,Mosaic_Virus,Mosaic_Virus,0.9300901889801024,True,0.9300901889801024,True
487,Anthracnose,Anthracnose,0.9299955368041992,True,0.9299955368041992,True
223,Anthracnose,Anthracnose,0.9277226328849792,True,0.9277226328849792,True
55,Alternaria_Leaf_Blight,Alternaria_Leaf_Blight,0.9272905588150024,True,0.9272905588150024,True
1179,Healthy,Healthy,0.9272838830947876,True,0.9272838830947876,True
90,Alternaria_Leaf_Blight,Alternaria_Leaf_Blight,0.9272777438163756,True,0.9272777438163756,True
895,Early_Alternaria_Leaf_Blight,Early_Alternaria_Leaf_Blight,0.9258737564086914,True,0.9258737564086914,True
924,Early_Alternaria_Leaf_Blight,Early_Alternaria_Leaf_Blight,0.9248519539833068,True,0.9248519539833068,True
348,Anthracnose,Anthracnose,0.9238006472587584,True,0.9238006472587584,True
951,Early_Alternaria_Leaf_Blight,Early_Alternaria_Leaf_Blight,0.9235838055610656,True,0.9235838055610656,True
72,Alternaria_Leaf_Blight,Alternaria_Leaf_Blight,0.9225231409072876,True,0.9225231409072876,True
71,Alternaria_Leaf_Blight,Alternaria_Leaf_Blight,0.9214306473731996,True,0.9214306473731996,True
931,Early_Alternaria_Leaf_Blight,Early_Alternaria_Leaf_Blight,0.920445680618286,True,0.920445680618286,True
534,Downy_Mildew,Downy_Mildew,0.920178771018982,True,0.920178771018982,True
1243,Healthy,Healthy,0.9199327230453492,True,0.9199327230453492,True
1695,Mosaic_Virus,Mosaic_Virus,0.9180708527565002,True,0.9180708527565002,True
310,Anthracnose,Anthracnose,0.91752290725708,True,0.91752290725708,True
940,Early_Alternaria_Leaf_Blight,Early_Alternaria_Leaf_Blight,0.9174569249153136,True,0.9174569249153136,True
1756,Mosaic_Virus,Mosaic_Virus,0.9160240292549132,True,0.9160240292549132,True
60,Alternaria_Leaf_Blight,Alternaria_Leaf_Blight,0.9085673689842224,True,0.9085673689842224,True
1633,Mosaic_Virus,Mosaic_Virus,0.9079310894012452,True,0.9079310894012452,True
147,Alternaria_Leaf_Blight,Alternaria_Leaf_Blight,0.9075748324394226,True,0.9075748324394226,True
111,Alternaria_Leaf_Blight,Alternaria_Leaf_Blight,0.9074235558509828,True,0.9074235558509828,True
156,Alternaria_Leaf_Blight,Alternaria_Leaf_Blight,0.9063308835029602,True,0.9063308835029602,True
79,Alternaria_Leaf_Blight,Alternaria_Leaf_Blight,0.905635952949524,True,0.905635952949524,True
36,Alternaria_Leaf_Blight,Alternaria_Leaf_Blight,0.9053612947463988,True,0.9053612947463988,True
1280,Healthy,Healthy,0.9053570032119752,True,0.9053570032119752,True
529,Downy_Mildew,Downy_Mildew,0.9038487672805786,True,0.9038487672805786,True
47,Alternaria_Leaf_Blight,Alternaria_Leaf_Blight,0.9037268757820128,True,0.9037268757820128,True
112,Alternaria_Leaf_Blight,Alternaria_Leaf_Blight,0.9033968448638916,True,0.9033968448638916,True
241,Anthracnose,Anthracnose,0.9022600650787354,True,0.9022600650787354,True
123,Alternaria_Leaf_Blight,Alternaria_Leaf_Blight,0.9016562700271606,True,0.9016562700271606,True
976,Early_Alternaria_Leaf_Blight,Early_Alternaria_Leaf_Blight,0.8993858695030212,True,0.8993858695030212,True
972,Early_Alternaria_Leaf_Blight,Early_Alternaria_Leaf_Blight,0.8966583013534546,True,0.8966583013534546,True
43,Alternaria_Leaf_Blight,Alternaria_Leaf_Blight,0.8885499238967896,True,0.8885499238967896,True
49,Alternaria_Leaf_Blight,Alternaria_Leaf_Blight,0.887765109539032,True,0.887765109539032,True
1700,Mosaic_Virus,Mosaic_Virus,0.8874197602272034,True,0.8874197602272034,True
0,Alternaria_Leaf_Blight,Alternaria_Leaf_Blight,0.8863791227340698,True,0.8863791227340698,True
33,Alternaria_Leaf_Blight,Alternaria_Leaf_Blight,0.8856313228607178,True,0.8856313228607178,True
866,Early_Alternaria_Leaf_Blight,Early_Alternaria_Leaf_Blight,0.8836901187896729,True,0.8836901187896729,True
1687,Mosaic_Virus,Mosaic_Virus,0.8825414776802063,True,0.8825414776802063,True
883,Early_Alternaria_Leaf_Blight,Early_Alternaria_Leaf_Blight,0.8821121454238892,True,0.8821121454238892,True
578,Downy_Mildew,Downy_Mildew,0.8813619017601013,True,0.8813619017601013,True
1758,Mosaic_Virus,Mosaic_Virus,0.8808242082595825,True,0.8808242082595825,True
101,Alternaria_Leaf_Blight,Alternaria_Leaf_Blight,0.8794474601745605,True,0.8794474601745605,True
897,Early_Alternaria_Leaf_Blight,Early_Alternaria_Leaf_Blight,0.8776282072067261,True,0.8776282072067261,True
1242,Healthy,Healthy,0.8772145509719849,True,0.8772145509719849,True
946,Early_Alternaria_Leaf_Blight,Early_Alternaria_Leaf_Blight,0.8727806210517883,True,0.8727806210517883,True
6,Alternaria_Leaf_Blight,Alternaria_Leaf_Blight,0.8684463500976562,True,0.8684463500976562,True
100,Alternaria_Leaf_Blight,Alternaria_Leaf_Blight,0.8659114241600037,True,0.8659114241600037,True
133,Alternaria_Leaf_Blight,Alternaria_Leaf_Blight,0.8643501400947571,True,0.8643501400947571,True
85,Alternaria_Leaf_Blight,Alternaria_Leaf_Blight,0.8616614937782288,True,0.8616614937782288,True
67,Alternaria_Leaf_Blight,Alternaria_Leaf_Blight,0.861490786075592,True,0.861490786075592,True
903,Early_Alternaria_Leaf_Blight,Early_Alternaria_Leaf_Blight,0.8589474558830261,True,0.8589474558830261,True
108,Alternaria_Leaf_Blight,Alternaria_Leaf_Blight,0.8578783273696899,True,0.8578783273696899,True
26,Alternaria_Leaf_Blight,Alternaria_Leaf_Blight,0.8576768636703491,True,0.8576768636703491,True
1622,Mosaic_Virus,Mosaic_Virus,0.8571282625198364,True,0.8571282625198364,True
511,Downy_Mildew,Downy_Mildew,0.8559631109237671,True,0.8559631109237671,True
538,Downy_Mildew,Downy_Mildew,0.8542137742042542,True,0.8542137742042542,True
636,Downy_Mildew,Downy_Mildew,0.8535130620002747,True,0.8535130620002747,True
148,Alternaria_Leaf_Blight,Alternaria_Leaf_Blight,0.8514854311943054,True,0.8514854311943054,True
266,Anthracnose,Anthracnose,0.8497481346130371,True,0.8497481346130371,True
1771,Mosaic_Virus,Mosaic_Virus,0.8486006259918213,True,0.8486006259918213,True
103,Alternaria_Leaf_Blight,Alternaria_Leaf_Blight,0.8457726240158081,True,0.8457726240158081,True
1021,Fungal_Damage_Leaf,Fungal_Damage_Leaf,0.8401452302932739,True,0.8401452302932739,True
127,Alternaria_Leaf_Blight,Alternaria_Leaf_Blight,0.8400741219520569,True,0.8400741219520569,True
1712,Mosaic_Virus,Mosaic_Virus,0.8392742276191711,True,0.8392742276191711,True
138,Alternaria_Leaf_Blight,Alternaria_Leaf_Blight,0.8361215591430664,True,0.8361215591430664,True
30,Alternaria_Leaf_Blight,Alternaria_Leaf_Blight,0.8353478312492371,True,0.8353478312492371,True
86,Alternaria_Leaf_Blight,Alternaria_Leaf_Blight,0.8332980275154114,True,0.8332980275154114,True
941,Early_Alternaria_Leaf_Blight,Early_Alternaria_Leaf_Blight,0.8315865993499756,True,0.8315865993499756,True
89,Alternaria_Leaf_Blight,Alternaria_Leaf_Blight,0.829944372177124,True,0.829944372177124,True
262,Anthracnose,Anthracnose,0.8289420008659363,True,0.8289420008659363,True
98,Alternaria_Leaf_Blight,Alternaria_Leaf_Blight,0.8252449035644531,True,0.8252449035644531,True
944,Early_Alternaria_Leaf_Blight,Early_Alternaria_Leaf_Blight,0.8216156363487244,True,0.8216156363487244,True
234,Anthracnose,Anthracnose,0.820385217666626,True,0.820385217666626,True
1048,Fungal_Damage_Leaf,Fungal_Damage_Leaf,0.8151555061340332,True,0.8151555061340332,True
1166,Healthy,Healthy,0.8138566017150879,True,0.8138566017150879,True
894,Early_Alternaria_Leaf_Blight,Early_Alternaria_Leaf_Blight,0.8094368577003479,True,0.8094368577003479,True
1248,Healthy,Healthy,0.8076959252357483,True,0.8076959252357483,True
353,Anthracnose,Anthracnose,0.8041198253631592,True,0.8041198253631592,True
68,Alternaria_Leaf_Blight,Alternaria_Leaf_Blight,0.8024787306785583,True,0.8024787306785583,True
69,Alternaria_Leaf_Blight,Alternaria_Leaf_Blight,0.8002213835716248,True,0.8002213835716248,True
118,Alternaria_Leaf_Blight,Alternaria_Leaf_Blight,0.7913516759872437,True,0.7913516759872437,True
1235,Healthy,Healthy,0.7901566624641418,True,0.7901566624641418,True
87,Alternaria_Leaf_Blight,Alternaria_Leaf_Blight,0.7893772721290588,True,0.7893772721290588,True
1760,Mosaic_Virus,Mosaic_Virus,0.7887347936630249,True,0.7887347936630249,True
250,Anthracnose,Anthracnose,0.783707320690155,True,0.783707320690155,True
1678,Mosaic_Virus,Mosaic_Virus,0.7836518287658691,True,0.7836518287658691,True
73,Alternaria_Leaf_Blight,Alternaria_Leaf_Blight,0.7805065512657166,True,0.7805065512657166,True
977,Early_Alternaria_Leaf_Blight,Early_Alternaria_Leaf_Blight,0.7791768908500671,True,0.7791768908500671,True
626,Downy_Mildew,Downy_Mildew,0.7781224846839905,True,0.7781224846839905,True
886,Early_Alternaria_Leaf_Blight,Early_Alternaria_Leaf_Blight,0.777170717716217,True,0.777170717716217,True
104,Alternaria_Leaf_Blight,Alternaria_Leaf_Blight,0.7759438753128052,True,0.7759438753128052,True
258,Anthracnose,Anthracnose,0.7651058435440063,True,0.7651058435440063,True
577,Downy_Mildew,Downy_Mildew,0.762177050113678,True,0.762177050113678,True
509,Downy_Mildew,Downy_Mildew,0.7582208514213562,True,0.7582208514213562,True
892,Early_Alternaria_Leaf_Blight,Early_Alternaria_Leaf_Blight,0.7515137791633606,True,0.7515137791633606,True
1770,Mosaic_Virus,Mosaic_Virus,0.7468450665473938,True,0.7468450665473938,True
146,Alternaria_Leaf_Blight,Alternaria_Leaf_Blight,0.7379423975944519,True,0.7379423975944519,True
889,Early_Alternaria_Leaf_Blight,Early_Alternaria_Leaf_Blight,0.736272931098938,True,0.736272931098938,True
135,Alternaria_Leaf_Blight,Alternaria_Leaf_Blight,0.7307407855987549,True,0.7307407855987549,True
70,Alternaria_Leaf_Blight,Alternaria_Leaf_Blight,0.7199716567993164,True,0.7199716567993164,True
591,Downy_Mildew,Downy_Mildew,0.7109319567680359,True,0.7109319567680359,True
38,Alternaria_Leaf_Blight,Alternaria_Leaf_Blight,0.7101913094520569,True,0.7101913094520569,True
1027,Fungal_Damage_Leaf,Fungal_Damage_Leaf,0.6955074071884155,True,0.6955074071884155,True
1003,Early_Alternaria_Leaf_Blight,Early_Alternaria_Leaf_Blight,0.6944851875305176,True,0.6944851875305176,True
1637,Mosaic_Virus,Mosaic_Virus,0.6880449652671814,True,0.6880449652671814,True
1246,Healthy,Healthy,0.680644154548645,True,0.680644154548645,True
1274,Healthy,Healthy,0.6762949824333191,True,0.6762949824333191,True
1282,Healthy,Healthy,0.6592239737510681,True,0.6592239737510681,True
332,Anthracnose,Anthracnose,0.6571518778800964,True,0.6571518778800964,True
134,Alternaria_Leaf_Blight,Alternaria_Leaf_Blight,0.6567152738571167,True,0.6567152738571167,True
121,Alternaria_Leaf_Blight,Alternaria_Leaf_Blight,0.6515870094299316,True,0.6515870094299316,True
1278,Healthy,Healthy,0.6365379691123962,True,0.6365379691123962,True
105,Alternaria_Leaf_Blight,Alternaria_Leaf_Blight,0.619689404964447,True,0.619689404964447,True
551,Downy_Mildew,Downy_Mildew,0.6172420382499695,True,0.6172420382499695,True
885,Early_Alternaria_Leaf_Blight,Early_Alternaria_Leaf_Blight,0.6124656796455383,True,0.6124656796455383,True
305,Anthracnose,Anthracnose,0.6108243465423584,True,0.6108243465423584,True
50,Alternaria_Leaf_Blight,Alternaria_Leaf_Blight,0.6098905801773071,True,0.6098905801773071,True
306,Anthracnose,Anthracnose,0.6086053252220154,True,0.6086053252220154,True
1230,Healthy,Healthy,0.5956159234046936,True,0.5956159234046936,True
964,Early_Alternaria_Leaf_Blight,Early_Alternaria_Leaf_Blight,0.5907902717590332,True,0.5907902717590332,True
1448,Healthy,Healthy,0.5813300013542175,True,0.5813300013542175,True
919,Early_Alternaria_Leaf_Blight,Early_Alternaria_Leaf_Blight,0.5643248558044434,True,0.5643248558044434,True
1702,Mosaic_Virus,Mosaic_Virus,0.5627001523971558,True,0.5627001523971558,True
928,Early_Alternaria_Leaf_Blight,Early_Alternaria_Leaf_Blight,0.5530869364738464,True,0.5530869364738464,True
1734,Mosaic_Virus,Mosaic_Virus,0.5439774990081787,True,0.5439774990081787,True
955,Early_Alternaria_Leaf_Blight,Early_Alternaria_Leaf_Blight,0.537111222743988,True,0.537111222743988,True
300,Anthracnose,Anthracnose,0.5244560837745667,True,0.5244560837745667,True
631,Downy_Mildew,Downy_Mildew,0.5192872285842896,True,0.5192872285842896,True
938,Early_Alternaria_Leaf_Blight,Early_Alternaria_Leaf_Blight,0.5118443369865417,True,0.5118443369865417,True
1718,Mosaic_Virus,Mosaic_Virus,0.5091401934623718,True,0.5091401934623718,True
295,Anthracnose,Anthracnose,0.4921645522117615,True,0.4921645522117615,True
1252,Healthy,Healthy,0.4893307089805603,True,0.4893307089805603,True
1296,Healthy,Healthy,0.4834392070770263,True,0.4834392070770263,True
25,Alternaria_Leaf_Blight,Alternaria_Leaf_Blight,0.4756956398487091,True,0.4756956398487091,True
1754,Mosaic_Virus,Mosaic_Virus,0.4072566032409668,True,0.4072566032409668,True
1750,Mosaic_Virus,Mosaic_Virus,0.3851585984230041,True,0.3851585984230041,True
